length	num_GC	number_of_fragments	GC_content	number_of_positions	GC_bias	smoothed_GC_bias
150	0	0	0.0	106615	0.0	0.0
150	1	0	0.006666666666666667	86168	0.0	0.0
150	2	0	0.013333333333333334	98110	0.0	0.0
150	3	0	0.02	104490	0.0	0.0
150	4	0	0.02666666666666667	110342	0.0	0.0
150	5	0	0.03333333333333333	124906	0.0	0.0
150	6	0	0.04	130063	0.0	0.0
150	7	0	0.04666666666666667	136516	0.0	0.0
150	8	0	0.05333333333333334	139909	0.0	0.0
150	9	0	0.06	145290	0.0	0.0
150	10	0	0.06666666666666667	145740	0.0	0.0
150	11	0	0.07333333333333333	149826	0.0	0.0
150	12	0	0.08	159874	0.0	0.0
150	13	0	0.08666666666666667	166447	0.0	0.0
150	14	0	0.09333333333333334	179629	0.0	0.0
150	15	0	0.1	194894	0.0	0.0
150	16	0	0.10666666666666667	208913	0.0	0.0
150	17	0	0.11333333333333333	232640	0.0	0.0
150	18	0	0.12	264508	0.0	0.0
150	19	0	0.12666666666666668	298026	0.0	0.0
150	20	0	0.13333333333333333	345246	0.0	0.0
150	21	0	0.14	417544	0.0	0.0
150	22	0	0.14666666666666667	519986	0.0	0.0
150	23	0	0.15333333333333332	667581	0.0	0.0
150	24	0	0.16	877828	0.0	0.0
150	25	0	0.16666666666666666	1175394	0.0	0.0
150	26	1	0.17333333333333334	1603708	0.26530586243792825	0.0
150	27	3	0.18	2215641	0.5760948646986651	0.0
150	28	0	0.18666666666666668	3071997	0.0	0.10107890451480148
150	29	0	0.19333333333333333	4255296	0.0	0.19578536968515675
150	30	1	0.2	5840859	0.07284427411081229	0.253684883498461
150	31	5	0.20666666666666667	7873181	0.2702040852602049	0.26687179719689125
150	32	11	0.21333333333333335	10512878	0.44518774729666366	0.29087404765093566
150	33	15	0.22	13798453	0.462522647327137	0.3286623284996841
150	34	16	0.22666666666666666	17798696	0.3824757805076103	0.3837468357919346
150	35	14	0.23333333333333334	22575198	0.26385699370346477	0.4031383490534373
150	36	23	0.24	28073621	0.34857926175208803	0.4525166782024264
150	37	38	0.24666666666666667	34315280	0.47115976012630495	0.47565481433827816
150	38	53	0.25333333333333335	41162599	0.5478292588873231	0.5109174807781288
150	39	59	0.26	48593372	0.5165913348898219	0.5407934963189674
150	40	91	0.26666666666666666	56432268	0.6860978048501092	0.5689760395148685
150	41	78	0.2733333333333333	64555874	0.5140803214129079	0.5948110204322926
150	42	105	0.28	72669694	0.6147635501816414	0.6255505461399172
150	43	139	0.2866666666666667	80776844	0.7321499912941151	0.676879969073347
150	44	149	0.29333333333333333	88570641	0.715761975480703	0.7336013515545626
150	45	179	0.3	96080051	0.7926691357908449	0.7699808355691988
150	46	200	0.30666666666666664	103059498	0.8256844682837579	0.7937992538407295
150	47	208	0.31333333333333335	109608609	0.8074038406967635	0.8332178875969602
150	48	250	0.32	115588768	0.9202302728034203	0.8862139522735544
150	49	269	0.32666666666666666	120822616	0.9472752440353117	0.9294569746215293
150	50	304	0.3333333333333333	125321968	1.0320922565446462	0.9595762440502633
150	51	310	0.34	129145722	1.0213011279767172	1.0301018322079651
150	52	368	0.3466666666666667	132125340	1.1850422736941049	1.0740726698600438
150	53	385	0.35333333333333333	134240194	1.2202541707058538	1.1068482311454408
150	54	341	0.36	135455723	1.0710978871462251	1.1525848677544448
150	55	397	0.36666666666666664	135806027	1.2437801027293596	1.2043084028202145
150	56	416	0.37333333333333335	135155062	1.3095833862298083	1.2739739296683241
150	57	402	0.38	133543303	1.2807845548310215	1.3258521133916712
150	58	427	0.38666666666666666	131265499	1.3840424911231575	1.3858560683581187
150	59	469	0.3933333333333333	128426589	1.553781825227062	1.4286382800280424
150	60	444	0.4	125155031	1.5094085311931298	1.4636661821843167
150	61	479	0.4066666666666667	121654996	1.6752425950882595	1.5161219680976745
150	62	455	0.41333333333333333	118104331	1.63914628996599	1.5615231695948368
150	63	410	0.42	114531132	1.5231141254748801	1.5923499421032956
150	64	438	0.4266666666666667	110992957	1.6790005217079582	1.6416851510858352
150	65	428	0.43333333333333335	107710793	1.690661597566392	1.6860263972129965
150	66	432	0.44	104447572	1.759776607393778	1.7067447945207326
150	67	423	0.44666666666666666	101346989	1.7758311073092652	1.7530661101280507
150	68	397	0.4533333333333333	98510213	1.7146733223825856	1.7725978433147616
150	69	406	0.46	95977007	1.7998278735621922	1.7836585332075485
150	70	436	0.4666666666666667	93801759	1.9776418738675443	1.801597439959603
150	71	361	0.47333333333333333	92035191	1.668881215098868	1.8032720251252288
150	72	334	0.48	90700501	1.5667832614165393	1.801597439959603
150	73	366	0.4866666666666667	89641553	1.7371761403791102	1.8099996967774756
150	74	404	0.49333333333333335	88764926	1.9364759697044802	1.8003231048232677
150	75	365	0.5	87691740	1.7709500794954098	1.8211036871614164
150	76	357	0.5066666666666667	85903772	1.7681867200404422	1.849452673414437
150	77	327	0.5133333333333333	83124585	1.6737492864550703	1.8721752408881422
150	78	343	0.52	78983595	1.8476910930078776	1.9140841788267713
150	79	320	0.5266666666666666	73557694	1.850947133991906	1.9346136063189934
150	80	281	0.5333333333333333	67160175	1.7801911722959032	1.9663984821343874
150	81	307	0.54	60348761	2.1644230964385787	2.0054714317440085
150	82	240	0.5466666666666666	53523356	1.9078316421202213	2.0245379091826075
150	83	198	0.5533333333333333	47075500	1.7895440417976187	2.066863443120209
150	84	187	0.56	41291570	1.9268697234137413	2.1147803207075326
150	85	171	0.5666666666666667	36181190	2.010876533375532	2.1857805791994833
150	86	160	0.5733333333333334	31797929	2.1408847552989	2.2480858804935524
150	87	142	0.58	28017771	2.156387995086473	2.2870389184623416
150	88	124	0.5866666666666667	24792114	2.128042353338123	2.3328462846017235
150	89	127	0.5933333333333334	22043109	2.4513369698849123	2.3618176460483697
150	90	99	0.6	19665156	2.141953019331344	2.429617771266769
150	91	102	0.6066666666666667	17608754	2.464584357981133	2.469338631894848
150	92	79	0.6133333333333333	15790973	2.1285817909415585	2.4982124710723235
150	93	77	0.62	14156236	2.3142755829284414	2.5562748156146573
150	94	73	0.6266666666666667	12701305	2.445381697771856	2.5778450680386022
150	95	68	0.6333333333333333	11339281	2.5514997921495324	2.5915250574476145
150	96	59	0.64	10078518	2.490734739797825	2.5971153096174286
150	97	50	0.6466666666666666	8932028	2.3817274981594605	2.611592260439714
150	98	51	0.6533333333333333	7879795	2.753768319603347	2.611592260439714
150	99	44	0.66	6913025	2.708050079046238	2.561971072734929
150	100	35	0.6666666666666666	6030242	2.469479614806698	2.508101565970294
150	101	35	0.6733333333333333	5250875	2.8360148911088485	2.4190674956436444
150	102	29	0.68	4559511	2.706150042651404	2.374853469173745
150	103	20	0.6866666666666666	3943667	2.157753857202472	2.3440630003947436
150	104	14	0.6933333333333334	3432046	1.73558975507335	2.26924692710131
150	105	19	0.7	2993751	2.700287881902501	2.175948135008069
150	106	14	0.7066666666666667	2610697	2.281622063587031	2.091113541726624
150	107	9	0.7133333333333334	2286350	1.6748346518894506	2.091113541726624
150	108	7	0.72	2014719	1.4782765925522294	1.938082345707044
150	109	9	0.7266666666666667	1766174	2.168109261232158	1.8760291769350486
150	110	8	0.7333333333333333	1567189	2.1719046473072745	1.822727019393304
150	111	4	0.74	1396622	1.2185777799250048	1.859818168948832
150	112	0	0.7466666666666667	1260012	0.0	1.7595245151330927
150	113	6	0.7533333333333333	1146216	2.2271882474434403	1.5491612811773128
150	114	7	0.76	1042185	2.8577574406369646	1.5491612811773128
150	115	4	0.7666666666666667	961775	1.769532932499202	1.524790423001587
150	116	3	0.7733333333333333	890226	1.4338150111497698	1.507901513985354
150	117	2	0.78	822624	1.0344291779442492	1.4743015068999532
150	118	6	0.7866666666666666	754601	3.3830313029423897	1.4743015068999532
150	119	1	0.7933333333333333	688467	0.6180007669773643	1.4453381968778967
150	120	5	0.8	614353	3.4627741220324877	1.514118110469255
150	121	0	0.8066666666666666	537919	0.0	1.3507287443895
150	122	1	0.8133333333333334	457768	0.9294514558435824	1.3507287443895
150	123	2	0.82	385790	2.205724015856321	1.283502919741642
150	124	0	0.8266666666666667	322670	0.0	1.0608945333766637
150	125	1	0.8333333333333334	266411	1.5970554295378383	0.84299208035531
150	126	0	0.84	211954	0.0	0.0
150	127	0	0.8466666666666667	165780	0.0	0.0
150	128	0	0.8533333333333334	127600	0.0	0.0
150	129	0	0.86	95175	0.0	0.0
150	130	0	0.8666666666666667	72029	0.0	0.0
150	131	0	0.8733333333333333	51826	0.0	0.0
150	132	0	0.88	39207	0.0	0.0
150	133	0	0.8866666666666667	27753	0.0	0.0
150	134	0	0.8933333333333333	20443	0.0	0.0
150	135	0	0.9	13558	0.0	0.0
150	136	0	0.9066666666666666	9736	0.0	0.0
150	137	0	0.9133333333333333	7018	0.0	0.0
150	138	0	0.92	4250	0.0	0.0
150	139	0	0.9266666666666666	2773	0.0	0.0
150	140	0	0.9333333333333333	2046	0.0	0.0
150	141	0	0.94	1261	0.0	0.0
150	142	0	0.9466666666666667	756	0.0	0.0
150	143	0	0.9533333333333334	286	0.0	0.0
150	144	0	0.96	383	0.0	0.0
150	145	0	0.9666666666666667	222	0.0	0.0
150	146	0	0.9733333333333334	117	0.0	0.0
150	147	0	0.98	15	0.0	0.0
150	148	0	0.9866666666666667	38	0.0	0.0
150	149	0	0.9933333333333333	34	0.0	0.0
150	150	0	1.0	13	0.0	0.0
151	0	0	0.0	105314	0.0	0.0
151	1	0	0.006622516556291391	85184	0.0	0.0
151	2	0	0.013245033112582781	97020	0.0	0.0
151	3	0	0.019867549668874173	103545	0.0	0.0
151	4	0	0.026490066225165563	108779	0.0	0.0
151	5	0	0.033112582781456956	123444	0.0	0.0
151	6	0	0.039735099337748346	128429	0.0	0.0
151	7	0	0.046357615894039736	135142	0.0	0.0
151	8	0	0.052980132450331126	138157	0.0	0.0
151	9	0	0.059602649006622516	143590	0.0	0.0
151	10	0	0.06622516556291391	144138	0.0	0.0
151	11	0	0.0728476821192053	147747	0.0	0.0
151	12	0	0.07947019867549669	157269	0.0	0.0
151	13	0	0.08609271523178808	163734	0.0	0.0
151	14	0	0.09271523178807947	176186	0.0	0.0
151	15	0	0.09933774834437085	191020	0.0	0.0
151	16	0	0.10596026490066225	204001	0.0	0.0
151	17	0	0.11258278145695365	226558	0.0	0.0
151	18	0	0.11920529801324503	256506	0.0	0.0
151	19	0	0.12582781456953643	288853	0.0	0.0
151	20	0	0.13245033112582782	332046	0.0	0.0
151	21	0	0.1390728476821192	398309	0.0	0.0
151	22	1	0.1456953642384106	491873	0.8066377044889059	0.0
151	23	1	0.152317880794702	629164	0.6306198505001425	0.0
151	24	2	0.15894039735099338	820657	0.9669406527211042	0.0
151	25	0	0.16556291390728478	1093906	0.0	0.0
151	26	0	0.17218543046357615	1485593	0.0	0.0
151	27	0	0.17880794701986755	2043631	0.0	0.0
151	28	2	0.18543046357615894	2831480	0.2802515346179889	0.09576604329051894
151	29	2	0.19205298013245034	3920253	0.20241719481884032	0.18596232082332909
151	30	1	0.1986754966887417	5388640	0.0736295814194438	0.23191860761778973
151	31	3	0.2052980132450331	7284823	0.16339311509150117	0.26571949358573554
151	32	16	0.2119205298013245	9735451	0.6520717860858368	0.28444678835253023
151	33	8	0.2185430463576159	12829614	0.24740467335654628	0.32898734849374783
151	34	18	0.2251655629139073	16597752	0.430283543046148	0.38038821615173696
151	35	20	0.23178807947019867	21129732	0.3755497775552209	0.3986242555943312
151	36	25	0.23841059602649006	26374481	0.3760863650929014	0.42483622234643487
151	37	36	0.24503311258278146	32373264	0.44121220134993433	0.4644688977780689
151	38	45	0.25165562913907286	38980256	0.4580356999939462	0.4968240624282567
151	39	52	0.2582781456953642	46190593	0.44666436727157244	0.5348435146798489
151	40	83	0.26490066225165565	53843446	0.6116130556069154	0.5563624829464392
151	41	100	0.271523178807947	61835278	0.6416455467703592	0.5891067456867656
151	42	95	0.2781456953642384	69850216	0.539619150553619	0.6167953273898651
151	43	150	0.2847682119205298	77929424	0.7636973698536608	0.6551847229164834
151	44	156	0.2913907284768212	85726790	0.7220038915341537	0.7137520015596216
151	45	184	0.2980132450331126	93241142	0.7829639045185997	0.7530399530124413
151	46	214	0.304635761589404	100336565	0.8462253798572369	0.7874347208025885
151	47	246	0.31125827814569534	106928509	0.9127946755017188	0.8273503699739106
151	48	259	0.31788079470198677	113067374	0.9088536598859945	0.8692070475903781
151	49	273	0.32450331125827814	118488458	0.91415134274327	0.9104940985069556
151	50	317	0.33112582781456956	123144378	1.021353719579165	0.9520033051848992
151	51	329	0.33774834437086093	127213407	1.0261114082653533	1.0063328527719058
151	52	346	0.3443708609271523	130436573	1.0524663541761772	1.054578069813328
151	53	407	0.3509933774834437	132837344	1.215642087825613	1.101700211744162
151	54	393	0.3576158940397351	134369764	1.160439486182979	1.1311970583859694
151	55	416	0.36423841059602646	135049824	1.2221677235947364	1.1880113447899188
151	56	413	0.3708609271523179	134786793	1.215721825558158	1.2475069297699952
151	57	438	0.37748344370860926	133506022	1.3016815731172888	1.3056899109077849
151	58	470	0.3841059602649007	131479733	1.4183079804507488	1.351346801999473
151	59	468	0.39072847682119205	128909762	1.4404279791176213	1.4177069920588334
151	60	492	0.3973509933774834	125793506	1.551809418119527	1.4476103014172574
151	61	460	0.40397350993377484	122383966	1.4912992891996404	1.5029482541308514
151	62	485	0.4105960264900662	118897324	1.6184569822255608	1.5478190152131956
151	63	498	0.41721854304635764	115362537	1.7127581651120907	1.5771764664810246
151	64	453	0.423841059602649	111858128	1.6068012362221227	1.617454557652599
151	65	471	0.4304635761589404	108500831	1.7223418121936203	1.6591139687322656
151	66	442	0.4370860927152318	105303924	1.665364169791732	1.6951741707440753
151	67	441	0.44370860927152317	102141513	1.713041186891872	1.7142938796879508
151	68	462	0.4503311258278146	99244525	1.8470001052498675	1.7538775035995822
151	69	420	0.45695364238410596	96575994	1.7254866587283593	1.7797779080786702
151	70	415	0.46357615894039733	94277629	1.7465094785352497	1.7894255301190864
151	71	432	0.47019867549668876	92293136	1.8571451390693987	1.7961500694295962
151	72	408	0.4768211920529801	90763983	1.7835205569260795	1.7984771451921797
151	73	426	0.48344370860927155	89550615	1.8874372783051296	1.803379071556732
151	74	381	0.4900662251655629	88597809	1.7062139787593087	1.8117896375150937
151	75	376	0.4966887417218543	87659934	1.7018379647097035	1.8117896375150937
151	76	400	0.5033112582781457	86293182	1.8391409306013151	1.840422768028406
151	77	390	0.5099337748344371	84116603	1.839561804128347	1.8527742284624757
151	78	369	0.5165562913907285	80774113	1.8125319495839767	1.8849185520302019
151	79	349	0.5231788079470199	76080919	1.8200410323566805	1.928809764120996
151	80	364	0.5298013245033113	70238304	2.056169294373994	1.9469097888052995
151	81	307	0.5364238410596026	63645437	1.9138266807620785	1.97088517913271
151	82	288	0.543046357615894	56866964	2.0093886600765365	2.0214448132935527
151	83	267	0.5496688741721855	50214368	2.1096711430194466	2.041727081642227
151	84	230	0.5562913907284768	44083302	2.0700709024159867	2.1020316305664566
151	85	195	0.5629139072847682	38618351	2.003421766659948	2.1445026912914975
151	86	162	0.5695364238410596	33865997	1.897940752621327	2.217353568925086
151	87	138	0.5761589403973509	29782475	1.8384414475818376	2.253732737945958
151	88	129	0.5827814569536424	26290464	1.9468072789810495	2.301970123117355
151	89	138	0.5894039735099338	23318993	2.348014618451572	2.3565825585506865
151	90	137	0.5960264900662252	20786457	2.61499942698026	2.38510197060982
151	91	110	0.6026490066225165	18597443	2.3467722868250154	2.443483101430203
151	92	107	0.609271523178808	16679339	2.5452851528077742	2.4775204055382973
151	93	93	0.6158940397350994	14970306	2.4648118487802897	2.51298814618383
151	94	96	0.6225165562913907	13435873	2.834894132411558	2.5449093996125827
151	95	72	0.6291390728476821	12046657	2.371359801200047	2.583387851904736
151	96	73	0.6357615894039735	10748187	2.6947541437700355	2.592985816760893
151	97	53	0.6423841059602649	9546654	2.202704246311199	2.5996481313647335
151	98	58	0.6490066225165563	8464569	2.718658426904448	2.5742799912052474
151	99	44	0.6556291390728477	7455242	2.34165242862447	2.5810109820255804
151	100	30	0.6622516556291391	6539849	1.820057195296428	2.5445367205636718
151	101	35	0.6688741721854304	5700398	2.436095824660402	2.507270520835987
151	102	29	0.6754966887417219	4969294	2.315446806122173	2.4186648406672306
151	103	27	0.6821192052980133	4309629	2.48573817044157	2.346381085786371
151	104	21	0.6887417218543046	3738190	2.228894053010014	2.316434335706398
151	105	17	0.695364238410596	3259956	2.0690390390364835	2.2504026854749095
151	106	12	0.7019867549668874	2846633	1.6725583141349305	2.1722104432836726
151	107	17	0.7086092715231788	2487018	2.7120737483770596	2.0528538269324557
151	108	13	0.7152317880794702	2185616	2.3599401720434563	1.9814618846546046
151	109	6	0.7218543046357616	1925463	1.2363674844546115	1.9278514439605294
151	110	4	0.7284768211920529	1693132	0.9373476081488545	1.8616573760553807
151	111	7	0.7350993377483444	1507083	1.8428601167556808	1.8018374504963337
151	112	5	0.7417218543046358	1346743	1.4730475956439784	1.8018374504963337
151	113	6	0.7483443708609272	1218830	1.953168075712306	1.6541243814494846
151	114	4	0.7549668874172185	1110161	1.4295703330240266	1.539541399532227
151	115	5	0.7615894039735099	1013209	1.9579539247088786	1.5315909274054762
151	116	3	0.7682119205298014	937138	1.2701330250829812	1.5262983152400884
151	117	2	0.7748344370860927	867101	0.9151490025269757	1.4772285027349052
151	118	3	0.7814569536423841	801050	1.4859121438864178	1.509392704482791
151	119	2	0.7880794701986755	734450	1.080436537872072	1.4757594697556544
151	120	3	0.7947019867549668	668490	1.7805650389089063	1.4757594697556544
151	121	5	0.8013245033112583	595110	3.333529159483723	1.5156154486689903
151	122	2	0.8079470198675497	518815	1.5294982127350658	1.3405029353804037
151	123	0	0.8145695364238411	438363	0.0	1.3405029353804037
151	124	2	0.8211920529801324	370249	2.1432241957173237	1.2350154846845747
151	125	1	0.8278145695364238	308918	1.2843644838438408	1.065569052339647
151	126	0	0.8344370860927153	254553	0.0	0.9364737897076604
151	127	0	0.8410596026490066	201078	0.0	0.0
151	128	0	0.847682119205298	157287	0.0	0.0
151	129	0	0.8543046357615894	120964	0.0	0.0
151	130	0	0.8609271523178808	89993	0.0	0.0
151	131	0	0.8675496688741722	68253	0.0	0.0
151	132	0	0.8741721854304636	49168	0.0	0.0
151	133	0	0.8807947019867549	37146	0.0	0.0
151	134	0	0.8874172185430463	26222	0.0	0.0
151	135	0	0.8940397350993378	19300	0.0	0.0
151	136	0	0.9006622516556292	12813	0.0	0.0
151	137	0	0.9072847682119205	9245	0.0	0.0
151	138	0	0.9139072847682119	6615	0.0	0.0
151	139	0	0.9205298013245033	3995	0.0	0.0
151	140	0	0.9271523178807947	2671	0.0	0.0
151	141	0	0.9337748344370861	1910	0.0	0.0
151	142	0	0.9403973509933775	1206	0.0	0.0
151	143	0	0.9470198675496688	708	0.0	0.0
151	144	0	0.9536423841059603	271	0.0	0.0
151	145	0	0.9602649006622517	377	0.0	0.0
151	146	0	0.9668874172185431	213	0.0	0.0
151	147	0	0.9735099337748344	107	0.0	0.0
151	148	0	0.9801324503311258	15	0.0	0.0
151	149	0	0.9867549668874173	38	0.0	0.0
151	150	0	0.9933774834437086	34	0.0	0.0
151	151	0	1.0	11	0.0	0.0
152	0	0	0.0	104035	0.0	0.0
152	1	0	0.006578947368421052	84220	0.0	0.0
152	2	0	0.013157894736842105	95933	0.0	0.0
152	3	0	0.019736842105263157	102619	0.0	0.0
152	4	0	0.02631578947368421	107224	0.0	0.0
152	5	0	0.03289473684210526	122052	0.0	0.0
152	6	0	0.039473684210526314	126804	0.0	0.0
152	7	0	0.046052631578947366	133820	0.0	0.0
152	8	0	0.05263157894736842	136343	0.0	0.0
152	9	0	0.05921052631578947	142025	0.0	0.0
152	10	0	0.06578947368421052	142610	0.0	0.0
152	11	0	0.07236842105263158	145579	0.0	0.0
152	12	0	0.07894736842105263	154925	0.0	0.0
152	13	0	0.08552631578947369	161048	0.0	0.0
152	14	0	0.09210526315789473	172817	0.0	0.0
152	15	0	0.09868421052631579	187357	0.0	0.0
152	16	0	0.10526315789473684	199529	0.0	0.0
152	17	0	0.1118421052631579	220187	0.0	0.0
152	18	0	0.11842105263157894	249372	0.0	0.0
152	19	0	0.125	280118	0.0	0.0
152	20	0	0.13157894736842105	319906	0.0	0.0
152	21	0	0.13815789473684212	380779	0.0	0.0
152	22	0	0.14473684210526316	465925	0.0	0.0
152	23	0	0.1513157894736842	593448	0.0	0.0
152	24	0	0.15789473684210525	768733	0.0	0.0
152	25	0	0.16447368421052633	1019209	0.0	0.0
152	26	0	0.17105263157894737	1377516	0.0	0.0
152	27	0	0.17763157894736842	1888408	0.0	0.0
152	28	0	0.18421052631578946	2609612	0.0	0.09797659735437327
152	29	3	0.19078947368421054	3613166	0.2987657161040126	0.18806504924178127
152	30	3	0.19736842105263158	4968874	0.21725045299854068	0.231613335428576
152	31	4	0.20394736842105263	6739788	0.21355570380802694	0.26697456337926895
152	32	6	0.21052631578947367	9017626	0.23941780849919275	0.2814939844262552
152	33	16	0.21710526315789475	11913814	0.4832441298334503	0.32314109836672433
152	34	24	0.2236842105263158	15472694	0.5581394564606116	0.3660483617123589
152	35	29	0.23026315789473684	19765655	0.5279395613989257	0.39156938936715696
152	36	34	0.23684210526315788	24757210	0.4941680198933402	0.41648089957676565
152	37	33	0.24342105263157895	30511543	0.38917702068752735	0.4574961646292285
152	38	40	0.25	36892148	0.39014268560803084	0.4832072620136242
152	39	69	0.2565789473684211	43864863	0.5660173367013919	0.5236412598903318
152	40	86	0.2631578947368421	51329152	0.6028812564821493	0.5522496243823307
152	41	90	0.26973684210526316	59177965	0.5472426066320483	0.578191780051385
152	42	120	0.27631578947368424	67088311	0.64362337420757	0.6057894356436108
152	43	146	0.28289473684210525	75100300	0.6995336396762283	0.6428667496479562
152	44	186	0.2894736842105263	82917571	0.8071677340662281	0.7035451119843055
152	45	189	0.29605263157894735	90440696	0.7519610201334394	0.7336799753213075
152	46	201	0.3026315789473684	97581231	0.7411859616252324	0.7764454285980883
152	47	261	0.3092105263157895	104275849	0.9006461417845887	0.8064174592154965
152	48	257	0.3157894736842105	110517447	0.8367576651793763	0.8433707593057034
152	49	282	0.3223684210526316	116106154	0.8739594627767193	0.8906770463559518
152	50	332	0.32894736842105265	120957283	0.9876509387047181	0.9421509087605549
152	51	313	0.3355263157894737	125203048	0.8995532064946372	0.9865384144984015
152	52	351	0.34210526315789475	128673403	0.9815575088578522	1.03663309504002
152	53	372	0.34868421052631576	131356780	1.019032103228255	1.0826829726563145
152	54	413	0.35526315789473684	133174588	1.1159021384599617	1.1161731317510157
152	55	386	0.3618421052631579	134163719	1.0352604819428888	1.1550594695623322
152	56	451	0.3684210526315789	134268897	1.2086443903040691	1.211733048082366
152	57	449	0.375	133371512	1.2113808012196519	1.2791726828864245
152	58	509	0.3815789473684211	131599130	1.3917530580505344	1.3333878158557118
152	59	459	0.3881578947368421	129281249	1.2775401751500608	1.3874135055732615
152	60	463	0.39473684210526316	126389134	1.318161651941816	1.4314248612002265
152	61	460	0.40131578947368424	123079325	1.3448385383454358	1.4818449188775447
152	62	480	0.40789473684210525	119655230	1.443467371905326	1.5172034711688076
152	63	522	0.4144736842105263	116185036	1.6166564011420947	1.560626232587008
152	64	465	0.42105263157894735	112689070	1.4848021174179888	1.6040193571897419
152	65	448	0.4276315789473684	109319533	1.4746116691147242	1.6377014124245877
152	66	434	0.4342105263157895	106110461	1.4717327298151408	1.6756829926620547
152	67	477	0.4407894736842105	102966834	1.6669341339118442	1.69786271633118
152	68	451	0.4473684210526316	99996599	1.622888685957858	1.7358586428423097
152	69	468	0.45394736842105265	97242001	1.7317667071994605	1.7455046917347077
152	70	428	0.4605263157894737	94800049	1.624548297171109	1.7729152437554623
152	71	403	0.46710526315789475	92671338	1.564793497565365	1.7848252668769942
152	72	434	0.47368421052631576	90930483	1.7174244904150904	1.7882632735400446
152	73	422	0.48026315789473684	89531943	1.6960234842653015	1.7912249878036668
152	74	416	0.4868421052631579	88461826	1.6921343864766822	1.8031264664682098
152	75	435	0.4934210526315789	87532732	1.7882004239504061	1.8031264664682098
152	76	407	0.5	86439337	1.6942613440329721	1.8162881822647015
152	77	368	0.506578947368421	84745365	1.5625333093654652	1.8400458264437864
152	78	375	0.5131578947368421	82120501	1.643149570216137	1.8667331121147546
152	79	372	0.5197368421052632	78205759	1.7115974259221904	1.9048352586552006
152	80	346	0.5263157894736842	73018621	1.7050608870389563	1.9265550276968566
152	81	323	0.5328947368421053	66835569	1.7389708123221668	1.9580783563377955
152	82	313	0.5394736842105263	60185100	1.8713403033525238	1.9983957618729618
152	83	269	0.5460526315789473	53474724	1.8100940815117839	2.017936031753127
152	84	286	0.5526315789473685	47049499	2.1873004884657314	2.072271713771791
152	85	205	0.5592105263157895	41243363	1.7885340413478366	2.113478722143711
152	86	191	0.5657894736842105	36109068	1.9033318198815519	2.1765205593395875
152	87	192	0.5723684210526315	31686442	2.1803447718469284	2.237274021219665
152	88	151	0.5789473684210527	27912284	1.9466101882632667	2.2831401621224474
152	89	154	0.5855263157894737	24700920	2.243391199173571	2.330276190907198
152	90	145	0.5921052631578947	21966808	2.3751906129152864	2.3560940633458674
152	91	125	0.5986842105263158	19636293	2.2905930008290234	2.422945425196653
152	92	119	0.6052631578947368	17616381	2.4306794371240383	2.458683391549073
152	93	114	0.6118421052631579	15809682	2.594652115135617	2.5160289048698163
152	94	88	0.618421052631579	14204087	2.229291029888206	2.553017357479956
152	95	73	0.625	12754589	2.059462135541045	2.5607170049405017
152	96	69	0.631578947368421	11427944	2.172593156742055	2.5773384106168384
152	97	74	0.6381578947368421	10190884	2.612866866343739	2.5813469918889647
152	98	60	0.6447368421052632	9052810	2.384873044706938	2.586575325829903
152	99	42	0.6513157894736842	8017867	1.884898038779814	2.564665808554844
152	100	35	0.6578947368421053	7060471	1.7837409836040439	2.5541704692664062
152	101	41	0.6644736842105263	6184548	2.3854664465427655	2.500099960069268
152	102	41	0.6710526315789473	5396824	2.733650706606917	2.455807547670972
152	103	30	0.6776315789473685	4701980	2.295820329717844	2.407876126165479
152	104	23	0.6842105263157895	4077431	2.029731705251945	2.377512717538766
152	105	25	0.6907894736842105	3547500	2.5358001583102436	2.3012151787654216
152	106	19	0.6973684210526315	3099651	2.205658252112979	2.2146745589961294
152	107	11	0.7039473684210527	2706974	1.4621974452308961	2.107103200649387
152	108	8	0.7105263157894737	2373536	1.2128066899822834	2.0834116642821767
152	109	8	0.7171052631578947	2091542	1.376324424617717	1.956397712638934
152	110	7	0.7236842105263158	1840180	1.3687847369548443	1.9499828854339833
152	111	8	0.7302631578947368	1627784	1.7684412303559864	1.9035108656506228
152	112	11	0.7368421052631579	1447656	2.7341650689849377	1.8464584198937541
152	113	7	0.743421052631579	1301284	1.9356345711232639	1.8166990680844737
152	114	10	0.75	1180237	3.048794796843546	1.6238918687775514
152	115	1	0.756578947368421	1075864	0.3344568109577266	1.537336931951325
152	116	2	0.7631578947368421	985686	0.7301108922399702	1.5147825358317373
152	117	2	0.7697368421052632	913229	0.7880390186124698	1.49956923101505
152	118	3	0.7763157894736842	845286	1.2770708699690647	1.49956923101505
152	119	1	0.7828947368421053	779464	0.4616377952852519	1.4850602525359533
152	120	6	0.7894736842105263	715335	3.0181387109331173	1.4417541772205442
152	121	2	0.7960526315789473	649162	1.108598600855329	1.4539053328834655
152	122	1	0.8026315789473685	575393	0.6253639555299136	1.4384049004971804
152	123	2	0.8092105263157895	499859	1.439726172637578	1.3912918312591922
152	124	2	0.8157894736842105	419984	1.7135416704647015	1.2494044675900162
152	125	1	0.8223684210526315	355488	1.0122143151505074	1.2287285791737812
152	126	0	0.8289473684210527	295565	0.0	1.05839983941325
152	127	1	0.8355263157894737	243179	1.4796920888079297	0.860641452324376
152	128	1	0.8421052631578947	190431	1.8895560201029433	0.0
152	129	2	0.8486842105263158	149269	4.821229357257349	0.0
152	130	0	0.8552631578947368	114784	0.0	0.0
152	131	1	0.8618421052631579	85027	4.2319503506441905	0.0
152	132	0	0.868421052631579	64762	0.0	0.0
152	133	0	0.875	46669	0.0	0.0
152	134	0	0.881578947368421	35106	0.0	0.0
152	135	0	0.8881578947368421	24834	0.0	0.0
152	136	0	0.8947368421052632	18204	0.0	0.0
152	137	0	0.9013157894736842	12104	0.0	0.0
152	138	0	0.9078947368421053	8786	0.0	0.0
152	139	0	0.9144736842105263	6203	0.0	0.0
152	140	0	0.9210526315789473	3818	0.0	0.0
152	141	0	0.9276315789473685	2536	0.0	0.0
152	142	0	0.9342105263157895	1790	0.0	0.0
152	143	0	0.9407894736842105	1156	0.0	0.0
152	144	0	0.9473684210526315	664	0.0	0.0
152	145	0	0.9539473684210527	257	0.0	0.0
152	146	0	0.9605263157894737	367	0.0	0.0
152	147	0	0.9671052631578947	208	0.0	0.0
152	148	0	0.9736842105263158	97	0.0	0.0
152	149	0	0.9802631578947368	15	0.0	0.0
152	150	0	0.9868421052631579	39	0.0	0.0
152	151	0	0.993421052631579	31	0.0	0.0
152	152	0	1.0	11	0.0	0.0
153	0	0	0.0	102771	0.0	0.0
153	1	0	0.006535947712418301	83279	0.0	0.0
153	2	0	0.013071895424836602	94840	0.0	0.0
153	3	0	0.0196078431372549	101717	0.0	0.0
153	4	0	0.026143790849673203	105772	0.0	0.0
153	5	0	0.032679738562091505	120648	0.0	0.0
153	6	0	0.0392156862745098	125185	0.0	0.0
153	7	0	0.0457516339869281	132422	0.0	0.0
153	8	0	0.05228758169934641	134757	0.0	0.0
153	9	0	0.058823529411764705	140274	0.0	0.0
153	10	0	0.06535947712418301	141371	0.0	0.0
153	11	0	0.0718954248366013	143324	0.0	0.0
153	12	0	0.0784313725490196	152693	0.0	0.0
153	13	0	0.08496732026143791	158297	0.0	0.0
153	14	0	0.0915032679738562	169764	0.0	0.0
153	15	0	0.09803921568627451	183919	0.0	0.0
153	16	0	0.10457516339869281	195201	0.0	0.0
153	17	0	0.1111111111111111	214145	0.0	0.0
153	18	0	0.11764705882352941	242348	0.0	0.0
153	19	0	0.12418300653594772	272065	0.0	0.0
153	20	0	0.13071895424836602	308821	0.0	0.0
153	21	0	0.13725490196078433	364312	0.0	0.0
153	22	0	0.1437908496732026	442533	0.0	0.0
153	23	0	0.1503267973856209	559849	0.0	0.0
153	24	0	0.1568627450980392	721895	0.0	0.0
153	25	0	0.16339869281045752	950200	0.0	0.0
153	26	0	0.16993464052287582	1279472	0.0	0.0
153	27	0	0.17647058823529413	1746605	0.0	0.0
153	28	2	0.1830065359477124	2407520	0.3201048906908338	0.08290942110629797
153	29	4	0.1895424836601307	3329438	0.4629363432723458	0.1704889201131483
153	30	1	0.19607843137254902	4583188	0.08407454881143825	0.22926259690326392
153	31	1	0.20261437908496732	6230812	0.06184257576989935	0.2652156389701815
153	32	8	0.20915032679738563	8353932	0.36900416543299425	0.27994503282379785
153	33	7	0.21568627450980393	11057019	0.2439451575986246	0.3180920336406669
153	34	10	0.2222222222222222	14415576	0.267300774674559	0.36563584144628375
153	35	11	0.22875816993464052	18472304	0.2294583336977336	0.3889028224643247
153	36	22	0.23529411764705882	23232179	0.3648925135604352	0.4097983059740512
153	37	38	0.24183006535947713	28726112	0.5097285564535823	0.45493916570420145
153	38	46	0.24836601307189543	34887708	0.5080630492558558	0.48160340827642334
153	39	67	0.2549019607843137	41622395	0.6202688248863593	0.5202367252841033
153	40	67	0.26143790849673204	48900927	0.5279465159342659	0.541782285004524
153	41	77	0.2679738562091503	56571339	0.5244770442464841	0.5739780998696008
153	42	104	0.27450980392156865	64388887	0.6223785817989337	0.6013878121975046
153	43	144	0.28104575163398693	72311353	0.7673406789026852	0.6383657696398264
153	44	141	0.2875816993464052	80133316	0.6780133036518511	0.696658961611902
153	45	149	0.29411764705882354	87650546	0.6550340259087686	0.7310393857282194
153	46	193	0.3006535947712418	94846591	0.7840934040641865	0.7705676596848894
153	47	224	0.30718954248366015	101622428	0.8493577791787417	0.7948159868521154
153	48	243	0.3137254901960784	107940435	0.8674697258907056	0.8304517200631849
153	49	256	0.3202614379084967	113703745	0.8675557923251123	0.8839199011109812
153	50	288	0.32679738562091504	118719971	0.9347617294042587	0.9261687583025475
153	51	331	0.3333333333333333	123149635	1.0356835594775198	0.9607536161275715
153	52	336	0.33986928104575165	126849837	1.0206611431534387	1.0244981729140936
153	53	359	0.3464052287581699	129791787	1.0658091740062205	1.0687199061463801
153	54	427	0.35294117647058826	131888028	1.2475406849974675	1.1050828237558061
153	55	437	0.35947712418300654	133173285	1.2644350961701152	1.1487100344170171
153	56	467	0.3660130718954248	133620084	1.346720148168782	1.1866342715702556
153	57	441	0.37254901960784315	133106652	1.2766476410144938	1.2661345813104845
153	58	449	0.3790849673202614	131632262	1.3143656908735728	1.3101152438000996
153	59	456	0.38562091503267976	129545351	1.356360794664157	1.3682012465488782
153	60	478	0.39215686274509803	126891980	1.4515297453645462	1.4224069861841455
153	61	463	0.39869281045751637	123753908	1.4416315763533958	1.4546369671690433
153	62	468	0.40522875816993464	120366853	1.4982047323778007	1.5096957244088514
153	63	505	0.4117647058823529	116980363	1.6634533688794337	1.5535604706803299
153	64	459	0.41830065359477125	113505276	1.558220285875179	1.6007244558084905
153	65	510	0.42483660130718953	110157484	1.7839734451558371	1.631361525083565
153	66	480	0.43137254901960786	106886544	1.7304155922998041	1.658449404452491
153	67	451	0.43790849673202614	103794115	1.674310609145009	1.6867216814609969
153	68	485	0.4444444444444444	100764350	1.8546717133661765	1.721666238005125
153	69	460	0.45098039215686275	97951689	1.809581385373346	1.7416755335934058
153	70	466	0.45751633986928103	95378283	1.8826458624715137	1.7662842011816329
153	71	468	0.46405228758169936	93132614	1.9363161951625572	1.7816456771256703
153	72	410	0.47058823529411764	91192832	1.7324287057932275	1.7856980452422238
153	73	420	0.477124183006536	89620902	1.8058105970810157	1.7921008956281614
153	74	462	0.48366013071895425	88383024	2.0142127294345022	1.801419325560763
153	75	417	0.49019607843137253	87380092	1.838890100526619	1.8040081941078348
153	76	433	0.49673202614379086	86421351	1.9306300542951842	1.8077770128500719
153	77	390	0.5032679738562091	85088999	1.766133018617592	1.8422643860602559
153	78	403	0.5098039215686274	83051138	1.8697850194039873	1.8614163218610427
153	79	403	0.5163398692810458	79888375	1.943809392503643	1.899361514427254
153	80	376	0.5228758169934641	75451399	1.920227856477085	1.922894530220118
153	81	367	0.5294117647058824	69833899	2.0250324702764386	1.956722867182755
153	82	347	0.5359477124183006	63426121	2.108111321148669	1.9730556138549171
153	83	298	0.5424836601307189	56768752	2.0227356775249072	2.0141310923793854
153	84	252	0.5490196078431373	50184732	1.9349116924831942	2.0467778642228103
153	85	220	0.5555555555555556	44036099	1.9250679291087882	2.0976062404803373
153	86	218	0.5620915032679739	38546256	2.179247265454875	2.14582625700231
153	87	183	0.5686274509803921	33742751	2.089790834448965	2.2170237217370357
153	88	169	0.5751633986928104	29665922	2.195134177317721	2.2592896788580177
153	89	149	0.5816993464052288	26187541	2.192420052706809	2.2997100427974515
153	90	176	0.5882352941176471	23244521	2.917590150658199	2.3572461917715994
153	91	117	0.5947712418300654	20731197	2.1746716890735147	2.3987996411636985
153	92	125	0.6013071895424836	18589414	2.591054398070308	2.459885686087881
153	93	102	0.6078431372549019	16700300	2.3534670184509143	2.5096544535212186
153	94	105	0.6143790849673203	14994833	2.698235694781649	2.5542657812651943
153	95	89	0.6209150326797386	13482994	2.543524251839156	2.5736587561960933
153	96	85	0.6274509803921569	12113754	2.7037864871228057	2.5785987273808417
153	97	56	0.6339869281045751	10843943	1.989908093412875	2.595070508150164
153	98	65	0.6405228758169934	9667179	2.5908711433986973	2.603065857531442
153	99	48	0.6470588235294118	8583315	2.1548567464276807	2.6061896917016467
153	100	56	0.6535947712418301	7602211	2.8384439658683367	2.596232090906121
153	101	35	0.6601307189542484	6684345	2.017629433045412	2.555419456922539
153	102	28	0.6666666666666666	5855432	1.8426010190373565	2.497513238251012
153	103	38	0.673202614379085	5112236	2.86421041639782	2.4518826581968822
153	104	22	0.6797385620915033	4448066	1.9058278790818208	2.4074133558024227
153	105	22	0.6862745098039216	3864433	2.1936589897653698	2.3414262091010953
153	106	24	0.6928104575163399	3371162	2.7432401994421967	2.2729533297154276
153	107	20	0.6993464052287581	2945722	2.616197069635207	2.199591668180618
153	108	15	0.7058823529411765	2580552	2.2398083620364835	2.0844304511966145
153	109	18	0.7124183006535948	2266858	3.0597109911269103	2.102356246907195
153	110	10	0.7189542483660131	2000654	1.9260175083647553	1.9391296851762434
153	111	3	0.7254901960784313	1762650	0.6558241225733947	1.925127884468241
153	112	5	0.7320261437908496	1564235	1.231686617477547	1.828881868164914
153	113	3	0.738562091503268	1393239	0.8297129133292954	1.8049354330239458
153	114	2	0.7450980392156863	1258257	0.6124813344459805	1.7563007074296064
153	115	10	0.7516339869281046	1144067	3.3680672829300917	1.615328754642297
153	116	5	0.7581699346405228	1043180	1.8468982496692714	1.5576656398034825
153	117	3	0.7647058823529411	960616	1.2033824021815107	1.5219895418828437
153	118	2	0.7712418300653595	889039	0.8668449038073652	1.5003025193689759
153	119	3	0.7777777777777778	824607	1.4018658459775315	1.5003025193689759
153	120	3	0.7843137254901961	758575	1.5238946572903063	1.4857864460090788
153	121	1	0.7908496732026143	697023	0.5528217335984582	1.3881506021269854
153	122	5	0.7973856209150327	629124	3.0624285770213673	1.4546162916216576
153	123	3	0.803921568627451	556860	2.0759048767266357	1.2041152780759354
153	124	1	0.8104575163398693	480716	0.8015740337704551	1.156812762177181
153	125	2	0.8169934640522876	402396	1.9151754153520317	1.156812762177181
153	126	2	0.8235294117647058	341223	2.2585198724470397	1.058917396228892
153	127	0	0.8300653594771242	283096	0.0	1.0410656794081334
153	128	0	0.8366013071895425	231473	0.0	0.9071756099065807
153	129	0	0.8431372549019608	180719	0.0	0.0
153	130	0	0.8496732026143791	141947	0.0	0.0
153	131	0	0.8562091503267973	108443	0.0	0.0
153	132	0	0.8627450980392157	80473	0.0	0.0
153	133	0	0.869281045751634	61588	0.0	0.0
153	134	0	0.8758169934640523	44220	0.0	0.0
153	135	0	0.8823529411764706	33145	0.0	0.0
153	136	0	0.8888888888888888	23550	0.0	0.0
153	137	0	0.8954248366013072	17124	0.0	0.0
153	138	0	0.9019607843137255	11513	0.0	0.0
153	139	0	0.9084967320261438	8291	0.0	0.0
153	140	0	0.9150326797385621	5878	0.0	0.0
153	141	0	0.9215686274509803	3591	0.0	0.0
153	142	0	0.9281045751633987	2418	0.0	0.0
153	143	0	0.934640522875817	1701	0.0	0.0
153	144	0	0.9411764705882353	1098	0.0	0.0
153	145	0	0.9477124183006536	617	0.0	0.0
153	146	0	0.954248366013072	254	0.0	0.0
153	147	0	0.9607843137254902	351	0.0	0.0
153	148	0	0.9673202614379085	206	0.0	0.0
153	149	0	0.9738562091503268	87	0.0	0.0
153	150	0	0.9803921568627451	17	0.0	0.0
153	151	0	0.9869281045751634	36	0.0	0.0
153	152	0	0.9934640522875817	30	0.0	0.0
153	153	0	1.0	11	0.0	0.0
154	0	0	0.0	101527	0.0	0.0
154	1	0	0.006493506493506494	82337	0.0	0.0
154	2	0	0.012987012987012988	93779	0.0	0.0
154	3	0	0.01948051948051948	100828	0.0	0.0
154	4	0	0.025974025974025976	104384	0.0	0.0
154	5	0	0.032467532467532464	119199	0.0	0.0
154	6	0	0.03896103896103896	123568	0.0	0.0
154	7	0	0.045454545454545456	131164	0.0	0.0
154	8	0	0.05194805194805195	133076	0.0	0.0
154	9	0	0.05844155844155844	138718	0.0	0.0
154	10	0	0.06493506493506493	140060	0.0	0.0
154	11	0	0.07142857142857142	141144	0.0	0.0
154	12	0	0.07792207792207792	150599	0.0	0.0
154	13	0	0.08441558441558442	155498	0.0	0.0
154	14	0	0.09090909090909091	166791	0.0	0.0
154	15	0	0.09740259740259741	180773	0.0	0.0
154	16	0	0.1038961038961039	191078	0.0	0.0
154	17	0	0.11038961038961038	208567	0.0	0.0
154	18	0	0.11688311688311688	235267	0.0	0.0
154	19	0	0.12337662337662338	264411	0.0	0.0
154	20	0	0.12987012987012986	298727	0.0	0.0
154	21	0	0.13636363636363635	349520	0.0	0.0
154	22	0	0.14285714285714285	420395	0.0	0.0
154	23	0	0.14935064935064934	529555	0.0	0.0
154	24	0	0.15584415584415584	678237	0.0	0.0
154	25	0	0.16233766233766234	887675	0.0	0.0
154	26	0	0.16883116883116883	1189156	0.0	0.0
154	27	0	0.17532467532467533	1617896	0.0	0.0
154	28	2	0.18181818181818182	2221857	0.3393305507515231	0.0774176449650723
154	29	0	0.18831168831168832	3070527	0.0	0.1372516071218134
154	30	0	0.19480519480519481	4227197	0.0	0.2154578206980706
154	31	8	0.2012987012987013	5756563	0.5238847968839231	0.2602040330782299
154	32	5	0.2077922077922078	7738420	0.24357167209234146	0.2815624618921986
154	33	13	0.21428571428571427	10259302	0.47767730560591004	0.3232197070929585
154	34	11	0.22077922077922077	13418491	0.3090281744240986	0.35492949595109274
154	35	16	0.22727272727272727	17260171	0.3494491263156671	0.38373008185699226
154	36	38	0.23376623376623376	21779706	0.6577194031233208	0.4073724363682514
154	37	36	0.24025974025974026	27029738	0.5020763157608218	0.45184354317934616
154	38	53	0.24675324675324675	32955437	0.6062585341162328	0.4782684194375653
154	39	59	0.2532467532467532	39476008	0.5634142845771851	0.5085720583248605
154	40	65	0.2597402597402597	46534568	0.5265586366631064	0.5332527792928075
154	41	84	0.2662337662337662	54045110	0.5859114043628983	0.5686529804604239
154	42	93	0.2727272727272727	61741391	0.5678264378073762	0.5939441079483043
154	43	129	0.2792207792207792	69570338	0.6989959627308793	0.6328874518324556
154	44	140	0.2857142857142857	77355635	0.6822525232334901	0.6777709942621845
154	45	162	0.2922077922077922	84914474	0.7191878821458786	0.7154817227572431
154	46	182	0.2987012987012987	92108264	0.7448723636198652	0.751673230739228
154	47	208	0.3051948051948052	98967745	0.79228006850229	0.7821226420881452
154	48	236	0.3116883116883117	105368905	0.8443229738520388	0.8224257895413102
154	49	237	0.3181818181818182	111262253	0.8029889454142505	0.8693427586314597
154	50	273	0.3246753246753247	116445385	0.8837907184720443	0.911064865030456
154	51	307	0.33116883116883117	121063972	0.9559441663075697	0.9469637615766889
154	52	309	0.33766233766233766	124964758	0.9321375370720446	0.9969679953446349
154	53	359	0.34415584415584416	128131069	1.0562070681737015	1.0561714562935758
154	54	344	0.35064935064935066	130531161	0.993466694394864	1.0968410480474602
154	55	367	0.35714285714285715	132095136	1.0473414900640758	1.1315430028140572
154	56	398	0.36363636363636365	132832457	1.1295044248163248	1.180969328229131
154	57	439	0.37012987012987014	132684443	1.2472502078521543	1.2464292470819638
154	58	426	0.37662337662337664	131590579	1.2203765998608456	1.3000324973809705
154	59	458	0.38311688311688313	129710498	1.3310654834256979	1.3433510516940652
154	60	505	0.38961038961038963	127305679	1.4953837980317792	1.4124877042156767
154	61	468	0.3961038961038961	124357821	1.4186714201374087	1.43984493495133
154	62	462	0.4025974025974026	121099371	1.4381664678073371	1.491018039474564
154	63	448	0.4090909090909091	117692413	1.4349561082433784	1.5450497868945983
154	64	478	0.4155844155844156	114332545	1.5760394935734992	1.5750997472905672
154	65	483	0.42207792207792205	110960950	1.6409148102960736	1.6178611021400437
154	66	446	0.42857142857142855	107704516	1.5610255652488265	1.6380998068802395
154	67	420	0.43506493506493504	104568216	1.5141143030998694	1.679536324430421
154	68	496	0.44155844155844154	101563293	1.8410007831892516	1.696805681059861
154	69	470	0.44805194805194803	98673351	1.7955894746370253	1.7337868509378773
154	70	433	0.45454545454545453	96026801	1.6998261478271461	1.7451069128145262
154	71	430	0.461038961038961	93638276	1.7311078142098884	1.7733465309230096
154	72	430	0.4675324675324675	91570218	1.7702038373736562	1.7812080785343334
154	73	403	0.474025974025974	89800065	1.6917549874766464	1.7872143387180348
154	74	420	0.4805194805194805	88384244	1.7913626267509468	1.7931683212333358
154	75	415	0.487012987012987	87271689	1.7926016259005118	1.8028867414050584
154	76	415	0.4935064935064935	86302327	1.8127364236248669	1.805282613796903
154	77	397	0.5	85223277	1.7560680746995174	1.823568726164055
154	78	418	0.5064935064935064	83619218	1.8844267060203252	1.8503637099603378
154	79	359	0.512987012987013	81130851	1.6680823516870573	1.8720939764506144
154	80	368	0.5194805194805194	77477112	1.7905376822539194	1.907331676939457
154	81	408	0.525974025974026	72535744	2.1203969140818333	1.9345753584981
154	82	353	0.5324675324675324	66561831	1.999210461201839	1.961369352700451
154	83	313	0.538961038961039	60037345	1.9653139168949982	2.003764232187429
154	84	273	0.5454545454545454	53424778	1.926322472915167	2.0267297226590757
154	85	259	0.551948051948052	46994112	2.0776165055612905	2.072775823712167
154	86	198	0.5584415584415584	41171913	1.8128973504488737	2.107780652316356
154	87	224	0.564935064935065	35981147	2.3468324526765696	2.189668857696752
154	88	179	0.5714285714285714	31552258	2.138610313574098	2.2400690293511594
154	89	200	0.577922077922078	27800603	2.7119698069179536	2.289296490932825
154	90	153	0.5844155844155844	24603835	2.344216375286056	2.345454282064678
154	91	133	0.5909090909090909	21916891	2.287608826764021	2.3935415466568943
154	92	111	0.5974025974025974	19604710	2.134379429857036	2.4391571403845713
154	93	105	0.6038961038961039	17625111	2.245776374050022	2.462788419044045
154	94	108	0.6103896103896104	15829293	2.5720020352810984	2.528508200940388
154	95	105	0.6168831168831169	14237217	2.780182241642391	2.561339936232813
154	96	97	0.6233766233766234	12809236	2.854680953321857	2.5695149610347876
154	97	63	0.6298701298701299	11506602	2.063965949659638	2.5752114938947304
154	98	66	0.6363636363636364	10293271	2.417127719996606	2.581974941722726
154	99	63	0.6428571428571429	9171299	2.589517005637423	2.587204547531196
154	100	53	0.6493506493506493	8148998	2.4517756571764844	2.577912970215227
154	101	50	0.6558441558441559	7203890	2.6164473621235427	2.5883658449852085
154	102	43	0.6623376623376623	6337525	2.5577485105422424	2.528773808141753
154	103	40	0.6688311688311688	5544123	2.7197952119789797	2.4936766097276624
154	104	26	0.6753246753246753	4841999	2.024220053228976	2.4512804394666787
154	105	21	0.6818181818181818	4210906	1.879978221969769	2.395825870864892
154	106	21	0.6883116883116883	3667035	2.1588044768489616	2.3229621860008773
154	107	12	0.6948051948051948	3205014	1.4114333843804614	2.261788135303678
154	108	14	0.7012987012987013	2803887	1.882246936666095	2.196151531183411
154	109	15	0.7077922077922078	2460831	2.2978334132894336	2.0935775878245466
154	110	9	0.7142857142857143	2168111	1.5648404614685643	2.0630807704489147
154	111	7	0.7207792207792207	1914195	1.378544954016672	1.9246550445196458
154	112	8	0.7272727272727273	1690594	1.7838557560268797	1.8608082631654523
154	113	5	0.7337662337662337	1504575	1.252752371103346	1.7926605720458892
154	114	4	0.7402597402597403	1343054	1.1227306712926313	1.8284326676647775
154	115	7	0.7467532467532467	1217955	2.16658567701922	1.679625724856766
154	116	7	0.7532467532467533	1109015	2.3794122336072494	1.5377109113015972
154	117	3	0.7597402597402597	1013456	1.115900383688774	1.5377109113015972
154	118	3	0.7662337662337663	935826	1.208468175976827	1.506738741127842
154	119	1	0.7727272727272727	865880	0.4353628444479182	1.506738741127842
154	120	4	0.7792207792207793	804139	1.8751582985059219	1.4691033667830284
154	121	1	0.7857142857142857	739296	0.5099066946805655	1.4691033667830284
154	122	4	0.7922077922077922	678502	2.222378001836772	1.4036685572712015
154	123	3	0.7987012987012987	610283	1.8531008388758823	1.4387548132059274
154	124	4	0.8051948051948052	537322	2.8063022154355366	1.1565286318129517
154	125	3	0.8116883116883117	461865	2.448585494141557	1.170059669112897
154	126	1	0.8181818181818182	386245	0.9759918697991258	1.1260840250864301
154	127	0	0.8246753246753247	327253	0.0	1.058657310417846
154	128	1	0.8311688311688312	270942	1.3913382928839506	1.0236394894547627
154	129	0	0.8376623376623377	220319	0.0	0.8563188230086793
154	130	0	0.8441558441558441	171597	0.0	0.0
154	131	0	0.8506493506493507	134843	0.0	0.0
154	132	1	0.8571428571428571	102421	3.680612176707544	0.0
154	133	0	0.8636363636363636	76522	0.0	0.0
154	134	0	0.8701298701298701	58284	0.0	0.0
154	135	0	0.8766233766233766	41920	0.0	0.0
154	136	0	0.8831168831168831	31384	0.0	0.0
154	137	0	0.8896103896103896	22272	0.0	0.0
154	138	0	0.8961038961038961	16196	0.0	0.0
154	139	0	0.9025974025974026	10881	0.0	0.0
154	140	0	0.9090909090909091	7817	0.0	0.0
154	141	0	0.9155844155844156	5627	0.0	0.0
154	142	0	0.922077922077922	3341	0.0	0.0
154	143	0	0.9285714285714286	2333	0.0	0.0
154	144	0	0.935064935064935	1607	0.0	0.0
154	145	0	0.9415584415584416	1033	0.0	0.0
154	146	0	0.948051948051948	582	0.0	0.0
154	147	0	0.9545454545454546	249	0.0	0.0
154	148	0	0.961038961038961	337	0.0	0.0
154	149	0	0.9675324675324676	204	0.0	0.0
154	150	0	0.974025974025974	77	0.0	0.0
154	151	0	0.9805194805194806	19	0.0	0.0
154	152	0	0.987012987012987	33	0.0	0.0
154	153	0	0.9935064935064936	29	0.0	0.0
154	154	0	1.0	11	0.0	0.0
155	0	0	0.0	100293	0.0	0.0
155	1	0	0.0064516129032258064	81420	0.0	0.0
155	2	0	0.012903225806451613	92719	0.0	0.0
155	3	0	0.01935483870967742	99943	0.0	0.0
155	4	0	0.025806451612903226	103042	0.0	0.0
155	5	0	0.03225806451612903	117845	0.0	0.0
155	6	0	0.03870967741935484	121937	0.0	0.0
155	7	0	0.04516129032258064	129815	0.0	0.0
155	8	0	0.05161290322580645	131531	0.0	0.0
155	9	0	0.05806451612903226	137233	0.0	0.0
155	10	0	0.06451612903225806	138661	0.0	0.0
155	11	0	0.07096774193548387	139168	0.0	0.0
155	12	0	0.07741935483870968	148467	0.0	0.0
155	13	0	0.08387096774193549	152848	0.0	0.0
155	14	0	0.09032258064516129	163917	0.0	0.0
155	15	0	0.0967741935483871	177526	0.0	0.0
155	16	0	0.1032258064516129	187424	0.0	0.0
155	17	0	0.10967741935483871	203220	0.0	0.0
155	18	0	0.11612903225806452	228598	0.0	0.0
155	19	0	0.12258064516129032	256963	0.0	0.0
155	20	0	0.12903225806451613	289535	0.0	0.0
155	21	0	0.13548387096774195	335327	0.0	0.0
155	22	0	0.14193548387096774	400849	0.0	0.0
155	23	0	0.14838709677419354	501020	0.0	0.0
155	24	0	0.15483870967741936	638612	0.0	0.0
155	25	1	0.16129032258064516	830055	0.39796451455043563	0.0
155	26	0	0.16774193548387098	1107226	0.0	0.0
155	27	1	0.17419354838709677	1499425	0.22030607407850467	0.0
155	28	2	0.18064516129032257	2052960	0.321810882944784	0.07181072639523495
155	29	0	0.1870967741935484	2832260	0.0	0.12889969882500582
155	30	4	0.1935483870967742	3899986	0.3388037137827283	0.20916679823641435
155	31	2	0.2	5316313	0.12427125157046315	0.2569084470131196
155	32	6	0.2064516129032258	7166009	0.2765827688398062	0.27914146769745185
155	33	11	0.2129032258064516	9517690	0.38177927484261204	0.30869803981741983
155	34	14	0.21935483870967742	12484199	0.3704405938861008	0.34789844154024746
155	35	23	0.22580645161290322	16112296	0.4715433485009661	0.3811050548790312
155	36	27	0.23225806451612904	20409746	0.43699592088894046	0.3993774407261455
155	37	32	0.23870967741935484	25412422	0.41596341836308154	0.4351634149462364
155	38	38	0.24516129032258063	31104441	0.40356399701110685	0.4673608812533538
155	39	44	0.25161290322580643	37412165	0.3885000278788229	0.4952018639034908
155	40	64	0.25806451612903225	44249000	0.47777974300007586	0.5243878691551731
155	41	91	0.2645161290322581	51581416	0.5827729040317491	0.5618234833979484
155	42	87	0.2709677419354839	59156104	0.4858149863265011	0.5867316066126843
155	43	107	0.27741935483870966	66878463	0.5285045285564101	0.6198462034769209
155	44	129	0.2838709677419355	74611721	0.571128551385993	0.6714978684520392
155	45	142	0.2903225806451613	82185541	0.5707476670108308	0.7032118911982009
155	46	161	0.2967741935483871	89411739	0.5948158782053333	0.7420071649472969
155	47	189	0.3032258064516129	96306508	0.6482721836270461	0.7735826052410522
155	48	228	0.3096774193548387	102792702	0.7326959379717141	0.8044958928075903
155	49	238	0.3161290322580645	108797345	0.7226198356199641	0.8455808663509877
155	50	255	0.3225806451612903	114145099	0.737962222599818	0.8944861885383476
155	51	324	0.32903225806451614	118932685	0.8999015617998739	0.940137913212928
155	52	315	0.33548387096774196	123022300	0.8458199616201776	0.9841876480861101
155	53	388	0.3419354838709677	126424327	1.0138000167369907	1.034162960855809
155	54	391	0.34838709677419355	129045101	1.0008902401799684	1.0758462026500666
155	55	357	0.3548387096774194	130938872	0.9006391878775523	1.1146258112731386
155	56	418	0.36129032258064514	131939001	1.0465363299386938	1.1523071438897157
155	57	428	0.36774193548387096	132127041	1.0700480474210368	1.2088456781551202
155	58	459	0.3741935483870968	131410704	1.15380698152602	1.275124865593898
155	59	432	0.38064516129032255	129814856	1.099285677858549	1.3246127615255048
155	60	436	0.3870967741935484	127622205	1.1285257272789682	1.3786419470707385
155	61	469	0.3935483870967742	124908829	1.240311940428974	1.4280140001166879
155	62	478	0.4	121777282	1.2966203662668982	1.4750534606539731
155	63	487	0.4064516129032258	118415423	1.3585383713568613	1.5179014051035278
155	64	493	0.4129032258064516	115100066	1.4148896362640209	1.5589914633226563
155	65	448	0.41935483870967744	111765797	1.3240985606363322	1.59846689025362
155	66	489	0.4258064516129032	108507775	1.4886726852172956	1.6294713727005257
155	67	487	0.432258064516129	105343383	1.5271191348198283	1.6572264878910057
155	68	422	0.43870967741935485	102350055	1.3619952390139731	1.6789291303641998
155	69	453	0.44516129032258067	99421264	1.5051165826225896	1.7139235160024748
155	70	483	0.45161290322580644	96709461	1.6497927350195154	1.7310696376902286
155	71	450	0.45806451612903226	94205427	1.5779302800285893	1.7584728972185613
155	72	415	0.4645161290322581	92019621	1.489768802426845	1.7737813349330664
155	73	443	0.47096774193548385	90080245	1.6245212117312369	1.7765315719772343
155	74	446	0.4774193548387097	88486288	1.6649841393032803	1.7840021224505458
155	75	437	0.4838709677419355	87227067	1.6549366969967672	1.792291944376178
155	76	463	0.49032258064516127	86179783	1.774707618641253	1.8005429002942646
155	77	387	0.4967741935483871	85185947	1.5007011942173705	1.8063682603005249
155	78	440	0.5032258064516129	83936156	1.731628875821657	1.8340910228133973
155	79	421	0.5096774193548387	81982692	1.6963331136734707	1.852454025534021
155	80	384	0.5161290322580645	79042756	1.6047979790591074	1.8845198433705634
155	81	416	0.5225806451612903	74870642	1.8354095723136357	1.9152371280269262
155	82	356	0.5290322580645161	69481549	1.692511876851761	1.951106213648554
155	83	365	0.535483870967742	63242915	1.906479782291567	1.9734770946926898
155	84	341	0.5419354838709678	56671253	1.9876631345645417	2.013127606479581
155	85	274	0.5483870967741935	50109733	1.8062576231307066	2.052103544676724
155	86	256	0.5548387096774193	43969031	1.923287856674427	2.0936783397039043
155	87	230	0.5612903225806452	38412103	1.9779302392995046	2.139666793732212
155	88	186	0.567741935483871	33599825	1.8286355043003975	2.2118339056103853
155	89	177	0.5741935483870968	29544424	1.979014416295733	2.267222458661349
155	90	174	0.5806451612903226	26082261	2.203713999786221	2.3125624258745
155	91	151	0.5870967741935483	23176563	2.1521826900692496	2.3762855513556747
155	92	139	0.5935483870967742	20699495	2.218228439022184	2.4011127987680156
155	93	132	0.6	18580721	2.346727096140207	2.452152059231368
155	94	102	0.6064516129032258	16708271	2.0166005436927916	2.4968485722262646
155	95	92	0.6129032258064516	15021992	2.0230728409065115	2.545316313330289
155	96	114	0.6193548387096774	13522084	2.784918183045487	2.5627687792109715
155	97	88	0.6258064516129033	12177344	2.387158832912517	2.5711970171548644
155	98	86	0.632258064516129	10933482	2.5983112626667255	2.577973214762279
155	99	62	0.6387096774193548	9772281	2.0957861299485794	2.575196046606122
155	100	63	0.6451612903225806	8713322	2.3884051815008323	2.573510594142643
155	101	63	0.6516129032258065	7732241	2.6914504362816936	2.5585546119172875
155	102	55	0.6580645161290323	6834271	2.6584084728106188	2.55097437539305
155	103	53	0.6645161290322581	6006698	2.9146827527592656	2.495677976661702
155	104	34	0.6709677419354839	5255599	2.13701669291274	2.4577779717014376
155	105	23	0.6774193548387096	4584739	1.6571599839988103	2.412520864245717
155	106	25	0.6838709677419355	3989582	2.0699689536721	2.3895357043594796
155	107	19	0.6903225806451613	3486180	1.8003419982267337	2.2957317436855544
155	108	16	0.6967741935483871	3046355	1.7349648882033082	2.2350504683436587
155	109	21	0.7032258064516129	2672221	2.595960864624744	2.159045304227964
155	110	16	0.7096774193548387	2349088	2.2499450688959244	2.057664215882888
155	111	8	0.7161290322580646	2074630	1.2737979692770733	1.9633208532305384
155	112	6	0.7225806451612903	1833361	1.081071655146461	1.9280362228964225
155	113	9	0.7290322580645161	1623414	1.8313208560025085	1.855922768792803
155	114	9	0.7354838709677419	1447553	2.053805225871838	1.7879539973223322
155	115	5	0.7419354838709677	1296451	1.2739873513351518	1.7879539973223322
155	116	6	0.7483870967741936	1180417	1.6790630859695945	1.620022388982123
155	117	3	0.7548387096774194	1075718	0.9212426540928806	1.546473281158125
155	118	7	0.7612903225806451	985765	2.345718346539117	1.5176207638188652
155	119	4	0.7677419354838709	911341	1.449874131088854	1.5027828453020622
155	120	3	0.7741935483870968	844253	1.1738155569189397	1.4800330009365834
155	121	5	0.7806451612903226	783977	2.1067737645693803	1.497508504369125
155	122	3	0.7870967741935484	721079	1.374325566790165	1.452707317292176
155	123	2	0.7935483870967742	659980	1.0010377136433282	1.3742286375006316
155	124	5	0.8	590963	2.7948656271641528	1.4081478925695754
155	125	2	0.8064516129032258	518827	1.273381821397737	1.245497542107868
155	126	1	0.8129032258064516	442813	0.7459863082727061	1.2006589386802968
155	127	1	0.8193548387096774	371334	0.8895830576385729	1.1920616369210322
155	128	0	0.8258064516129032	313474	0.0	1.0558778384889045
155	129	2	0.832258064516129	259220	2.548664725909743	1.0052311584005782
155	130	0	0.8387096774193549	209779	0.0	0.8540705845018888
155	131	0	0.8451612903225807	162812	0.0	0.0
155	132	0	0.8516129032258064	128045	0.0	0.0
155	133	1	0.8580645161290322	96739	3.4146769671503927	0.0
155	134	0	0.864516129032258	72898	0.0	0.0
155	135	0	0.8709677419354839	54947	0.0	0.0
155	136	1	0.8774193548387097	40009	8.256453176164408	0.0
155	137	0	0.8838709677419355	29561	0.0	0.0
155	138	0	0.8903225806451613	21113	0.0	0.0
155	139	0	0.896774193548387	15301	0.0	0.0
155	140	0	0.9032258064516129	10274	0.0	0.0
155	141	0	0.9096774193548387	7411	0.0	0.0
155	142	0	0.9161290322580645	5346	0.0	0.0
155	143	0	0.9225806451612903	3129	0.0	0.0
155	144	0	0.9290322580645162	2249	0.0	0.0
155	145	0	0.9354838709677419	1517	0.0	0.0
155	146	0	0.9419354838709677	974	0.0	0.0
155	147	0	0.9483870967741935	554	0.0	0.0
155	148	0	0.9548387096774194	240	0.0	0.0
155	149	0	0.9612903225806452	327	0.0	0.0
155	150	0	0.967741935483871	198	0.0	0.0
155	151	0	0.9741935483870968	69	0.0	0.0
155	152	0	0.9806451612903225	21	0.0	0.0
155	153	0	0.9870967741935484	30	0.0	0.0
155	154	0	0.9935483870967742	28	0.0	0.0
155	155	0	1.0	11	0.0	0.0
156	0	0	0.0	99078	0.0	0.0
156	1	0	0.00641025641025641	80523	0.0	0.0
156	2	0	0.01282051282051282	91666	0.0	0.0
156	3	0	0.019230769230769232	99063	0.0	0.0
156	4	0	0.02564102564102564	101691	0.0	0.0
156	5	0	0.03205128205128205	116569	0.0	0.0
156	6	0	0.038461538461538464	120392	0.0	0.0
156	7	0	0.04487179487179487	128408	0.0	0.0
156	8	0	0.05128205128205128	129945	0.0	0.0
156	9	0	0.057692307692307696	135833	0.0	0.0
156	10	0	0.0641025641025641	137435	0.0	0.0
156	11	0	0.07051282051282051	137019	0.0	0.0
156	12	0	0.07692307692307693	146529	0.0	0.0
156	13	0	0.08333333333333333	150342	0.0	0.0
156	14	0	0.08974358974358974	161125	0.0	0.0
156	15	0	0.09615384615384616	174289	0.0	0.0
156	16	0	0.10256410256410256	183782	0.0	0.0
156	17	0	0.10897435897435898	198575	0.0	0.0
156	18	0	0.11538461538461539	222211	0.0	0.0
156	19	0	0.12179487179487179	249480	0.0	0.0
156	20	0	0.1282051282051282	280831	0.0	0.0
156	21	0	0.1346153846153846	322681	0.0	0.0
156	22	0	0.14102564102564102	383023	0.0	0.0
156	23	0	0.14743589743589744	474278	0.0	0.0
156	24	0	0.15384615384615385	602395	0.0	0.0
156	25	0	0.16025641025641027	777318	0.0	0.0
156	26	0	0.16666666666666666	1032775	0.0	0.0
156	27	0	0.17307692307692307	1390207	0.0	0.0
156	28	0	0.1794871794871795	1898008	0.0	0.0
156	29	1	0.1858974358974359	2614368	0.1224469952128148	0.10568731025830176
156	30	0	0.19230769230769232	3599584	0.0	0.1903121134605869
156	31	1	0.1987179487179487	4909513	0.06520433003854684	0.2530181715068486
156	32	6	0.20512820512820512	6631516	0.28963649275417824	0.27717693206156657
156	33	7	0.21153846153846154	8830597	0.25375980150195426	0.28971876456407536
156	34	9	0.21794871794871795	11607170	0.24821671034583154	0.33973690193767087
156	35	18	0.22435897435897437	15031873	0.3833312793189279	0.37924397884618294
156	36	27	0.23076923076923078	19110259	0.4522848518941829	0.3982220442715734
156	37	23	0.23717948717948717	23879962	0.308325224200622	0.43323476163090807
156	38	32	0.24358974358974358	29331031	0.34925087329446947	0.4605861491019957
156	39	38	0.25	35425201	0.3433887990433808	0.4922734877785343
156	40	58	0.2564102564102564	42047959	0.44156833740422685	0.5227385179020491
156	41	93	0.26282051282051283	49183912	0.6053056547472243	0.5519564548632758
156	42	99	0.2692307692307692	56632427	0.5596092339830868	0.5784004665711313
156	43	102	0.27564102564102566	64244115	0.5082550146424258	0.6151543487638511
156	44	123	0.28205128205128205	71900619	0.5476301286864574	0.6491836710020148
156	45	137	0.28846153846153844	79482855	0.5517749245335167	0.6964061247516243
156	46	159	0.2948717948717949	86721957	0.5869254017284833	0.7296617034631905
156	47	216	0.30128205128205127	93666125	0.7382204109735063	0.7699009080936496
156	48	214	0.3076923076923077	100212483	0.683607473131214	0.7947800550699151
156	49	261	0.3141025641025641	106310220	0.7859236210866645	0.8391258100670925
156	50	259	0.32051282051282054	111828725	0.7414147845194413	0.8826712786338636
156	51	287	0.3269230769230769	116758035	0.7868826519426597	0.9219039879142448
156	52	337	0.3333333333333333	121048037	0.8912242626077505	0.9660008824999667
156	53	358	0.33974358974358976	124638918	0.919484066293258	1.0216761468945939
156	54	399	0.34615384615384615	127502334	1.0017736685999328	1.0646197782807403
156	55	381	0.3525641025641026	129652059	0.9407200681524409	1.1016966230961864
156	56	435	0.358974358974359	130975201	1.0632001633769834	1.143402961332027
156	57	453	0.36538461538461536	131445836	1.103230399852171	1.1831777753000217
156	58	482	0.3717948717948718	131078865	1.1771429809269285	1.2598418363547972
156	59	463	0.3782051282051282	129831107	1.1416082069529627	1.308431713514211
156	60	453	0.38461538461538464	127842719	1.1343238265229862	1.360096366926594
156	61	531	0.391025641025641	125375399	1.3558044164283354	1.4168607384718852
156	62	504	0.3974358974358974	122402067	1.3181251180520526	1.4569720495105418
156	63	523	0.40384615384615385	119145714	1.4051999187131516	1.5029418112559003
156	64	523	0.41025641025641024	115821751	1.4455276852775296	1.54397971008355
156	65	502	0.4166666666666667	112559891	1.4276932446765531	1.5920886603271258
156	66	483	0.4230769230769231	109298066	1.414651631517423	1.6187794135854396
156	67	482	0.42948717948717946	106135879	1.4537832760834668	1.6430142678233008
156	68	463	0.4358974358974359	103109595	1.4374632862149082	1.6728683548715702
156	69	504	0.4423076923076923	100193647	1.6102941039184873	1.6985920993978532
156	70	486	0.44871794871794873	97394873	1.5974049466293834	1.7303152813282727
156	71	467	0.4551282051282051	94842602	1.5762615126576809	1.7412914377056092
156	72	448	0.46153846153846156	92516764	1.5501453842384738	1.7681395769060062
156	73	476	0.46794871794871795	90456086	1.6845504109777116	1.779049411488359
156	74	459	0.47435897435897434	88695465	1.6566322894306502	1.782004302743655
156	75	462	0.4807692307692308	87247548	1.6951322891390337	1.790570400381259
156	76	448	0.48717948717948717	86101757	1.6656388867799783	1.797256482198895
156	77	445	0.4935897435897436	85091683	1.674124487129237	1.799869459023998
156	78	462	0.5	84031758	1.7600028760912954	1.821172753123852
156	79	441	0.5064102564102564	82517918	1.710823389138544	1.8405058597559474
156	80	459	0.5128205128205128	80194995	1.8322311915483764	1.8621412805342035
156	81	419	0.5192307692307693	76772508	1.7471216520091366	1.895452509907622
156	82	422	0.5256410256410257	72089711	1.873932821339598	1.9242267810840386
156	83	359	0.532051282051282	66314057	1.7330205064517843	1.9528331949155204
156	84	363	0.5384615384615384	59914634	1.9394945593915274	1.995209479978839
156	85	309	0.5448717948717948	53285500	1.8563689061374233	2.018245987772058
156	86	274	0.5512820512820513	46927823	1.8691106263051431	2.083539760724716
156	87	274	0.5576923076923077	41032915	2.137632499145306	2.1114455765284883
156	88	228	0.5641025641025641	35828797	2.037124030805786	2.179795586173025
156	89	220	0.5705128205128205	31421331	2.241366901857784	2.230717660938604
156	90	196	0.5769230769230769	27693197	2.2656761215465693	2.280885623233276
156	91	162	0.5833333333333334	24523408	2.1147013485583592	2.3353320887644706
156	92	156	0.5897435897435898	21877984	2.2826122796763926	2.389246057844104
156	93	131	0.5961538461538461	19593967	2.140246397447247	2.445178925875829
156	94	98	0.6025641025641025	17615048	1.780972018134299	2.477840182263967
156	95	112	0.6089743589743589	15852205	2.261742683104341	2.549505781477056
156	96	103	0.6153846153846154	14259799	2.3122706789903016	2.556913074311018
156	97	112	0.6217948717948718	12862540	2.787443900646377	2.564076317908013
156	98	108	0.6282051282051282	11578515	2.9859720910581284	2.5703277603134396
156	99	59	0.6346153846153846	10389671	1.8178793970330371	2.5902308242541907
156	100	69	0.6410256410256411	9289337	2.3778213571815723	2.575837100902627
156	101	71	0.6474358974358975	8276725	2.7460894163594984	2.5573706553311446
156	102	56	0.6538461538461539	7343978	2.441020974587618	2.5573706553311446
156	103	67	0.6602564102564102	6485511	3.307085733212992	2.5215997391603184
156	104	46	0.6666666666666666	5694727	2.5858288334286548	2.484305607227842
156	105	37	0.6730769230769231	4979357	2.378719927348017	2.442504553147239
156	106	32	0.6794871794871795	4346848	2.3566244302485746	2.3960155625207102
156	107	26	0.6858974358974359	3782486	2.2004467843354716	2.3554284304338986
156	108	27	0.6923076923076923	3314891	2.6074102169496602	2.2952173533519367
156	109	19	0.6987179487179487	2900502	2.0969848025032176	2.232415847355916
156	110	25	0.7051282051282052	2547289	3.14178628711285	2.117149783265396
156	111	15	0.7115384615384616	2246234	2.137721443851372	2.124179703844884
156	112	18	0.717948717948718	1985809	2.9016824415891214	1.9270324294421253
156	113	8	0.7243589743589743	1758054	1.4567084104608217	1.9222298625391165
156	114	10	0.7307692307692307	1560769	2.0510498733671425	1.8330048865143502
156	115	10	0.7371794871794872	1392985	2.298097294518865	1.7853338299086472
156	116	8	0.7435897435897436	1253503	2.0430521888214783	1.767869150510816
156	117	4	0.75	1144920	1.1184065471143352	1.595348868370951
156	118	7	0.7564102564102564	1044487	2.1454077857012614	1.5175625834200184
156	119	6	0.7628205128205128	958836	2.0031882781656267	1.4955676813067302
156	120	4	0.7692307692307693	887648	1.4425605914981443	1.4911401900522478
156	121	4	0.7756410256410257	824290	1.553441172308465	1.494159871181773
156	122	5	0.782051282051282	764501	2.093663095146613	1.4622425044151772
156	123	6	0.7884615384615384	702311	2.734869645902196	1.4313701295624013
156	124	2	0.7948717948717948	641847	0.9975009807026789	1.33207276044099
156	125	1	0.8012820512820513	572195	0.5594622567141205	1.3282248290306304
156	126	1	0.8076923076923077	500117	0.6400932301452184	1.223568112763605
156	127	1	0.8141025641025641	424824	0.7535391267455138	1.1563445954241751
156	128	3	0.8205128205128205	356741	2.692049744609138	1.0957224979407907
156	129	0	0.8269230769230769	300518	0.0	1.0558091556603155
156	130	3	0.8333333333333334	247295	3.883477296110348	1.0180266536051972
156	131	0	0.8397435897435898	200116	0.0	0.8185198645380951
156	132	1	0.8461538461538461	154472	2.0723594307093594	0.0
156	133	0	0.8525641025641025	121371	0.0	0.0
156	134	0	0.8589743589743589	91575	0.0	0.0
156	135	0	0.8653846153846154	69346	0.0	0.0
156	136	0	0.8717948717948718	51913	0.0	0.0
156	137	0	0.8782051282051282	38050	0.0	0.0
156	138	0	0.8846153846153846	27960	0.0	0.0
156	139	0	0.8910256410256411	19968	0.0	0.0
156	140	0	0.8974358974358975	14464	0.0	0.0
156	141	0	0.9038461538461539	9689	0.0	0.0
156	142	0	0.9102564102564102	7041	0.0	0.0
156	143	0	0.9166666666666666	5066	0.0	0.0
156	144	0	0.9230769230769231	2966	0.0	0.0
156	145	0	0.9294871794871795	2147	0.0	0.0
156	146	0	0.9358974358974359	1424	0.0	0.0
156	147	0	0.9423076923076923	930	0.0	0.0
156	148	0	0.9487179487179487	527	0.0	0.0
156	149	0	0.9551282051282052	229	0.0	0.0
156	150	0	0.9615384615384616	321	0.0	0.0
156	151	0	0.967948717948718	188	0.0	0.0
156	152	0	0.9743589743589743	65	0.0	0.0
156	153	0	0.9807692307692307	19	0.0	0.0
156	154	0	0.9871794871794872	29	0.0	0.0
156	155	0	0.9935897435897436	27	0.0	0.0
156	156	0	1.0	11	0.0	0.0
157	0	0	0.0	97880	0.0	0.0
157	1	0	0.006369426751592357	79617	0.0	0.0
157	2	0	0.012738853503184714	90661	0.0	0.0
157	3	0	0.01910828025477707	98195	0.0	0.0
157	4	0	0.025477707006369428	100385	0.0	0.0
157	5	0	0.03184713375796178	115233	0.0	0.0
157	6	0	0.03821656050955414	118972	0.0	0.0
157	7	0	0.044585987261146494	126940	0.0	0.0
157	8	0	0.050955414012738856	128488	0.0	0.0
157	9	0	0.05732484076433121	134419	0.0	0.0
157	10	0	0.06369426751592357	136182	0.0	0.0
157	11	0	0.07006369426751592	135102	0.0	0.0
157	12	0	0.07643312101910828	144375	0.0	0.0
157	13	0	0.08280254777070063	148064	0.0	0.0
157	14	0	0.08917197452229299	158371	0.0	0.0
157	15	0	0.09554140127388536	171339	0.0	0.0
157	16	0	0.10191082802547771	180114	0.0	0.0
157	17	0	0.10828025477707007	194147	0.0	0.0
157	18	0	0.11464968152866242	216389	0.0	0.0
157	19	0	0.12101910828025478	242024	0.0	0.0
157	20	0	0.12738853503184713	272782	0.0	0.0
157	21	0	0.1337579617834395	310791	0.0	0.0
157	22	0	0.14012738853503184	366940	0.0	0.0
157	23	0	0.1464968152866242	450210	0.0	0.0
157	24	0	0.15286624203821655	567938	0.0	0.0
157	25	0	0.1592356687898089	729675	0.0	0.0
157	26	0	0.16560509554140126	963900	0.0	0.0
157	27	0	0.17197452229299362	1291073	0.0	0.0
157	28	4	0.17834394904458598	1757091	0.6877995372786012	0.0
157	29	0	0.18471337579617833	2413492	0.0	0.10566781616814436
157	30	1	0.1910828025477707	3321190	0.09097088519148216	0.18422504419953897
157	31	0	0.19745222929936307	4537685	0.0	0.23146963420995015
157	32	1	0.20382165605095542	6132188	0.04926978660619972	0.26699787207329695
157	33	7	0.21019108280254778	8192319	0.2581590340077932	0.28679410502681546
157	34	7	0.21656050955414013	10786733	0.1960668869178175	0.32845238820590655
157	35	12	0.2229299363057325	14013676	0.25871720812363463	0.36449566773473896
157	36	20	0.22929936305732485	17884032	0.3378786105830035	0.3922115907986375
157	37	26	0.2356687898089172	22424773	0.3503010464773295	0.42086736438233713
157	38	27	0.24203821656050956	27638776	0.29514885330326	0.45573272847057
157	39	42	0.2484076433121019	33511266	0.3786645051232067	0.48133718013013865
157	40	61	0.25477707006369427	39930928	0.46154768167509197	0.515356160695436
157	41	71	0.2611464968152866	46860967	0.4577656962867626	0.5469647266006763
157	42	99	0.267515923566879	54160541	0.5522660459525462	0.5754330414521415
157	43	99	0.27388535031847133	61665496	0.4850529025943579	0.5985745628585201
157	44	124	0.2802547770700637	69247437	0.5410210009570207	0.6378368155770494
157	45	159	0.28662420382165604	76786305	0.6256183765590321	0.6844276014934021
157	46	158	0.2929936305732484	84052013	0.5679434695023614	0.726721869695071
157	47	202	0.29936305732484075	91043637	0.670344288049454	0.7560312312295766
157	48	263	0.3057324840764331	97644069	0.8137781442898795	0.787216009092548
157	49	257	0.31210191082802546	103806328	0.7480066119533518	0.8258112699411242
157	50	270	0.3184713375796178	109486863	0.7450714012242422	0.877480558764654
157	51	341	0.3248407643312102	114543348	0.8994575016131241	0.9090481253819428
157	52	332	0.33121019108280253	119035225	0.8426723204898444	0.9515518738366127
157	53	351	0.3375796178343949	122787725	0.8636709374684939	1.0003927465144262
157	54	404	0.34394904458598724	125899632	0.9695116825472203	1.052889951804296
157	55	447	0.3503184713375796	128269153	1.0528862118745501	1.092247712373128
157	56	470	0.35668789808917195	129910007	1.0930786053215775	1.1242886560481584
157	57	474	0.3630573248407643	130671665	1.0959558496911534	1.1742304394448373
157	58	496	0.36942675159235666	130633291	1.147159882221699	1.2456121283779023
157	59	498	0.37579617834394907	129712328	1.1599632527308517	1.2918686893731175
157	60	524	0.3821656050955414	128000341	1.2368479186714643	1.3356999730540917
157	61	575	0.3885350318471338	125741460	1.381610064482564	1.4025003601539332
157	62	559	0.39490445859872614	122960012	1.3735486716747078	1.438534264973065
157	63	552	0.4012738853503185	119846425	1.3915862737864935	1.4889075771963647
157	64	524	0.40764331210191085	116542680	1.358446153418539	1.5381383965230329
157	65	513	0.4140127388535032	113316099	1.3677977726625377	1.5646626275881226
157	66	570	0.42038216560509556	110075219	1.5645211542825659	1.6107592810861333
157	67	545	0.4267515923566879	106922532	1.5400095354369159	1.6316021736329303
157	68	607	0.43312101910828027	103871815	1.7655788307230684	1.665607749314711
157	69	541	0.4394904458598726	100951091	1.6191325010672977	1.6793377021140439
157	70	516	0.445859872611465	98114844	1.5889532739977132	1.7182821204162921
157	71	553	0.45222929936305734	95486877	1.7497563731880303	1.732000195020957
157	72	524	0.4585987261146497	93099500	1.7005134867006557	1.7567778515630572
157	73	558	0.46496815286624205	90879149	1.8550947209850859	1.771901327389791
157	74	454	0.4713375796178344	89010253	1.5410330735926656	1.7727085568649048
157	75	509	0.47770700636942676	87362033	1.7603182545242648	1.7787212647171216
157	76	495	0.4840764331210191	86093025	1.737134211785494	1.7857451876515547
157	77	457	0.49044585987261147	84994161	1.624513224436889	1.792734023810655
157	78	476	0.4968152866242038	84010292	1.7118692889915315	1.799537471982034
157	79	494	0.5031847133757962	82789347	1.8028045024852621	1.8220319215347722
157	80	505	0.5095541401273885	80988159	1.8839353425171057	1.8401935097678683
157	81	440	0.5159235668789809	78236077	1.699189255657635	1.875501857060971
157	82	464	0.5222929936305732	74310070	1.8865418873073565	1.9052210856165859
157	83	420	0.5286624203821656	69140174	1.8353333846024373	1.935963303549789
157	84	398	0.535031847133758	63058348	1.9069382294515749	1.9647116892096994
157	85	361	0.5414012738853503	56515607	1.9299006290822396	2.0089162267464595
157	86	320	0.5477707006369427	49987374	1.9341306094717352	2.046623538861164
157	87	282	0.554140127388535	43830546	1.9438751586924292	2.0931732854648097
157	88	284	0.5605095541401274	38255044	2.2429819385308774	2.1367051776386243
157	89	248	0.5668789808917197	33466641	2.2389051640676	2.2063027709727745
157	90	238	0.5732484076433121	29423644	2.443861794174966	2.2451217059183337
157	91	183	0.5796178343949044	26003553	2.12625104487087	2.288020034800126
157	92	209	0.5859872611464968	23122513	2.7309100522733676	2.3391529071427426
157	93	174	0.5923566878980892	20692019	2.540636435183206	2.386467047633453
157	94	158	0.5987261146496815	18560621	2.571939370017716	2.4473462826020183
157	95	136	0.6050955414012739	16717524	2.4578936934511004	2.481058714076063
157	96	115	0.6114649681528662	15039586	2.310245330672423	2.545806624994453
157	97	110	0.6178343949044586	13558507	2.451189895819713	2.5502308374196248
157	98	103	0.6242038216560509	12239592	2.5425319897490994	2.5502308374196248
157	99	96	0.6305732484076433	11014691	2.633267972942089	2.563603372435282
157	100	79	0.6369426751592356	9879389	2.4159789579030435	2.569853661758266
157	101	86	0.643312101910828	8831822	2.942010957678097	2.5568989467220495
157	102	75	0.6496815286624203	7868339	2.879879675263407	2.5456831421669666
157	103	62	0.6560509554140127	6977165	2.6847808299967273	2.545806624994453
157	104	46	0.6624203821656051	6154560	2.25817171864415	2.49081137380971
157	105	30	0.6687898089171974	5398636	1.678932942630872	2.4838473755123456
157	106	48	0.6751592356687898	4720495	3.0722024959409415	2.4400913835479074
157	107	24	0.6815286624203821	4120114	1.7599411716613587	2.3903014326182914
157	108	29	0.6878980891719745	3594063	2.4378582766868195	2.3035540272192794
157	109	24	0.6942675159235668	3152385	2.300213413189813	2.2521853847248274
157	110	25	0.7006369426751592	2764670	2.7320764701492277	2.186895940955445
157	111	16	0.7070063694267515	2431187	1.988372555062847	2.09285670471037
157	112	10	0.7133757961783439	2148864	1.406006123184616	2.0736267924228198
157	113	13	0.7197452229299363	1903473	2.0634444115878097	1.926676987111121
157	114	14	0.7261146496815286	1686144	2.5085890165059337	1.8648243684277777
157	115	11	0.732484076433121	1502307	2.2122292820842113	1.783929697664974
157	116	11	0.7388535031847133	1341983	2.4765198486717677	1.7826452398385886
157	117	5	0.7452229299363057	1214943	1.2433982260447554	1.6386714036203707
157	118	1	0.7515923566878981	1109339	0.2723528102672841	1.5362065590091711
157	119	7	0.7579617834394905	1015020	2.0836251101689527	1.5172826680569684
157	120	7	0.7643312101910829	933850	2.264733264789517	1.4695883992061003
157	121	3	0.7707006369426752	864493	1.048469776582686	1.4634281020169773
157	122	1	0.7770700636942676	805868	0.3749144949161633	1.4908651483161002
157	123	3	0.7834394904458599	744542	1.2173856982779965	1.4619727928751314
157	124	2	0.7898089171974523	684170	0.88320620368943	1.4311061124511122
157	125	3	0.7961783439490446	624373	1.4516879854947218	1.4311061124511122
157	126	1	0.802547770700637	553172	0.54618020107507	1.3796973033217066
157	127	4	0.8089171974522293	481514	2.5098468097633604	1.2447374582675301
157	128	4	0.8152866242038217	408100	2.961348632091141	1.156131306943835
157	129	2	0.821656050955414	342596	1.7637777101256211	1.1463539915810297
157	130	1	0.8280254777070064	287613	1.0504796173646485	1.0556144110044134
157	131	3	0.8343949044585988	236403	3.8341086304627945	1.0200828912311815
157	132	0	0.8407643312101911	190128	0.0	0.8778898575693487
157	133	0	0.8471337579617835	146923	0.0	0.0
157	134	0	0.8535031847133758	115084	0.0	0.0
157	135	0	0.8598726114649682	86764	0.0	0.0
157	136	0	0.8662420382165605	65801	0.0	0.0
157	137	0	0.8726114649681529	49222	0.0	0.0
157	138	0	0.8789808917197452	36191	0.0	0.0
157	139	0	0.8853503184713376	26354	0.0	0.0
157	140	0	0.89171974522293	18894	0.0	0.0
157	141	0	0.8980891719745223	13701	0.0	0.0
157	142	0	0.9044585987261147	9126	0.0	0.0
157	143	0	0.910828025477707	6742	0.0	0.0
157	144	0	0.9171974522292994	4763	0.0	0.0
157	145	0	0.9235668789808917	2820	0.0	0.0
157	146	0	0.9299363057324841	2048	0.0	0.0
157	147	0	0.9363057324840764	1337	0.0	0.0
157	148	0	0.9426751592356688	897	0.0	0.0
157	149	0	0.9490445859872612	496	0.0	0.0
157	150	0	0.9554140127388535	217	0.0	0.0
157	151	0	0.9617834394904459	319	0.0	0.0
157	152	0	0.9681528662420382	180	0.0	0.0
157	153	0	0.9745222929936306	57	0.0	0.0
157	154	0	0.9808917197452229	18	0.0	0.0
157	155	0	0.9872611464968153	29	0.0	0.0
157	156	0	0.9936305732484076	26	0.0	0.0
157	157	0	1.0	11	0.0	0.0
158	0	0	0.0	96692	0.0	0.0
158	1	0	0.006329113924050633	78726	0.0	0.0
158	2	0	0.012658227848101266	89670	0.0	0.0
158	3	0	0.0189873417721519	97342	0.0	0.0
158	4	0	0.02531645569620253	99148	0.0	0.0
158	5	0	0.03164556962025317	113840	0.0	0.0
158	6	0	0.0379746835443038	117641	0.0	0.0
158	7	0	0.04430379746835443	125480	0.0	0.0
158	8	0	0.05063291139240506	127048	0.0	0.0
158	9	0	0.056962025316455694	132944	0.0	0.0
158	10	0	0.06329113924050633	135108	0.0	0.0
158	11	0	0.06962025316455696	133156	0.0	0.0
158	12	0	0.0759493670886076	142381	0.0	0.0
158	13	0	0.08227848101265822	145746	0.0	0.0
158	14	0	0.08860759493670886	155727	0.0	0.0
158	15	0	0.0949367088607595	168474	0.0	0.0
158	16	0	0.10126582278481013	176752	0.0	0.0
158	17	0	0.10759493670886076	189702	0.0	0.0
158	18	0	0.11392405063291139	210916	0.0	0.0
158	19	0	0.12025316455696203	235033	0.0	0.0
158	20	0	0.12658227848101267	265218	0.0	0.0
158	21	0	0.13291139240506328	299664	0.0	0.0
158	22	0	0.13924050632911392	351936	0.0	0.0
158	23	0	0.14556962025316456	428302	0.0	0.0
158	24	0	0.1518987341772152	536456	0.0	0.0
158	25	0	0.15822784810126583	685065	0.0	0.0
158	26	0	0.16455696202531644	901733	0.0	0.0
158	27	3	0.17088607594936708	1200576	0.6925440927178476	0.0
158	28	1	0.17721518987341772	1626623	0.1703840444607883	0.0
158	29	2	0.18354430379746836	2230456	0.24851474815279104	0.10420615227633254
158	30	3	0.189873417721519	3065840	0.2711986981247627	0.17302447444508387
158	31	3	0.1962025316455696	4192626	0.19831289904199004	0.23683265051588787
158	32	5	0.20253164556962025	5671726	0.24432651150015078	0.2642375643767002
158	33	5	0.2088607594936709	7595080	0.1824540396894706	0.2835508520573947
158	34	15	0.21518987341772153	10024955	0.4146910468220668	0.32345095274711955
158	35	9	0.22151898734177214	13053428	0.19108815324039538	0.3614805314602306
158	36	22	0.22784810126582278	16725357	0.3645550478931301	0.3871431568793505
158	37	29	0.23417721518987342	21043219	0.3819457261284637	0.416902819712835
158	38	41	0.24050632911392406	26027694	0.4365801606423748	0.4550237550551682
158	39	57	0.2468354430379747	31676014	0.4987238772061923	0.4798273287827773
158	40	59	0.25316455696202533	37888073	0.43158399023416977	0.5099210391781053
158	41	76	0.25949367088607594	44615625	0.47210917749159637	0.5382829223598874
158	42	85	0.26582278481012656	51746692	0.4552523178099959	0.5702754444566117
158	43	118	0.2721518987341772	59140315	0.5529860883434088	0.5960922794801423
158	44	136	0.27848101265822783	66643161	0.5655866526979408	0.6326279180615489
158	45	160	0.2848101265822785	74125298	0.5982316170718199	0.6739589287738748
158	46	206	0.2911392405063291	81397776	0.7014076741348045	0.7130182637719429
158	47	245	0.2974683544303797	88421754	0.7679320448729224	0.7520456301825554
158	48	259	0.3037974683544304	95100930	0.7547981585270689	0.7821532884695617
158	49	260	0.310126582278481	101301865	0.7113310050487681	0.8207737024538525
158	50	306	0.31645569620253167	107099955	0.7918592057223545	0.8622778577619827
158	51	341	0.3227848101265823	112322185	0.8414041846991566	0.902366021676012
158	52	373	0.3291139240506329	116963921	0.8838381527175969	0.9417776092811959
158	53	396	0.33544303797468356	120908855	0.9077221002462109	0.9863816277957641
158	54	439	0.34177215189873417	124216717	0.9794906738498091	1.0363511866780655
158	55	462	0.34810126582278483	126825815	1.0096018682431387	1.0752246303879647
158	56	512	0.35443037974683544	128729130	1.102323227408635	1.1177398568014425
158	57	499	0.36075949367088606	129797447	1.0654920829907963	1.1526106757321346
158	58	492	0.3670886075949367	130060115	1.0484236303500647	1.216371865870373
158	59	589	0.37341772151898733	129483937	1.2607100961927207	1.274079568308248
158	60	579	0.379746835443038	128052917	1.2531553702533207	1.3235268960063542
158	61	546	0.3860759493670886	126020704	1.2007886468552478	1.376011055562949
158	62	587	0.3924050632911392	123456983	1.3177659254768626	1.423790377360632
158	63	602	0.3987341772151899	120496382	1.384644599062488	1.4771020510112973
158	64	606	0.4050632911392405	117268267	1.4322141126642738	1.5166570891455764
158	65	605	0.41139240506329117	114040773	1.470317255386626	1.5564197987494632
158	66	592	0.4177215189873418	110843160	1.4802280852272796	1.5985497420410981
158	67	671	0.4240506329113924	107690550	1.7268744223706103	1.625345314023528
158	68	588	0.43037974683544306	104636111	1.5574408730187728	1.645023937762856
158	69	630	0.43670886075949367	101703334	1.7168058767704972	1.6737535507858172
158	70	557	0.4430379746835443	98850969	1.5616729795839235	1.6952556525428437
158	71	610	0.44936708860759494	96156562	1.7581937817961288	1.7289613680989084
158	72	562	0.45569620253164556	93700851	1.6622969659128577	1.7390983745556936
158	73	565	0.4620253164556962	91408457	1.7130810132525438	1.7597704159887568
158	74	572	0.46835443037974683	89370895	1.7738453483797179	1.7719537538068109
158	75	544	0.47468354430379744	87602416	1.7210704487967527	1.7771531320378262
158	76	550	0.4810126582278481	86139287	1.7696087158710458	1.7869943038229752
158	77	531	0.4873417721518987	84958371	1.7322244979086474	1.796679262721358
158	78	483	0.4936708860759494	83926635	1.5950090514420177	1.800482291376882
158	79	491	0.5	82878984	1.6419234498156245	1.8186673337566237
158	80	497	0.5063291139240507	81458798	1.690963460568269	1.8350554434786908
158	81	486	0.5126582278481012	79294785	1.6986639701303088	1.8545517039999957
158	82	511	0.5189873417721519	76095841	1.8611261479790042	1.8929177259338106
158	83	474	0.5253164556962026	71645787	1.8335954217670043	1.923543653869922
158	84	446	0.5316455696202531	66023492	1.8721998236114445	1.9558892989462453
158	85	414	0.5379746835443038	59736979	1.920759178312608	1.9976231263918676
158	86	388	0.5443037974683544	53122758	2.0242630278070473	2.0226932036824334
158	87	322	0.5506329113924051	46771596	1.908048957492213	2.084434701573292
158	88	318	0.5569620253164557	40886893	2.1555536774544155	2.11527336672698
158	89	299	0.5632911392405063	35684143	2.322264851935195	2.182129658230499
158	90	247	0.569620253164557	31305614	2.186706817875426	2.232356298190422
158	91	195	0.5759493670886076	27601900	1.9579944888874847	2.2789064986006338
158	92	186	0.5822784810126582	24473887	2.1063271491302955	2.328532874550517
158	93	160	0.5886075949367089	21851291	2.0293582145087234	2.3903405804802786
158	94	164	0.5949367088607594	19582109	2.3211340162942764	2.442808589754313
158	95	157	0.6012658227848101	17603323	2.4718426783290695	2.4849932545087965
158	96	136	0.6075949367088608	15867380	2.3754698226928426	2.5346481895741846
158	97	126	0.6139240506329114	14287075	2.44423552754294	2.556151425028951
158	98	115	0.620253164556962	12906316	2.469513348238816	2.56416749749242
158	99	94	0.6265822784810127	11647785	2.23666189940632	2.5722179352047103
158	100	84	0.6329113924050633	10483353	2.220725646312495	2.582302067196863
158	101	88	0.6392405063291139	9401474	2.5941946218921412	2.5794715107360666
158	102	77	0.6455696202531646	8406113	2.5386997090779584	2.5755217103530494
158	103	77	0.6518987341772152	7477404	2.8540114493715256	2.559940772187137
158	104	48	0.6582278481012658	6632188	2.0058582577184425	2.5486283434408596
158	105	57	0.6645569620253164	5839045	2.7055082665945593	2.493632117871515
158	106	34	0.6708860759493671	5118196	1.8411019407619382	2.455763181846835
158	107	46	0.6772151898734177	4479497	2.846062371608973	2.4105431743903822
158	108	25	0.6835443037974683	3907198	1.7733335087762436	2.3327913884075446
158	109	19	0.689873417721519	3417739	1.5407441895082907	2.283867440154867
158	110	19	0.6962025316455697	2999319	1.7556857091579376	2.235760748714221
158	111	20	0.7025316455696202	2638247	2.1010209093609573	2.160681402599084
158	112	11	0.7088607594936709	2321508	1.3132225523592205	2.0800151741295996
158	113	19	0.7151898734177216	2058865	2.5576526413853635	2.0006390313648303
158	114	11	0.7215189873417721	1825024	1.6704748327048573	1.918028308137403
158	115	10	0.7278481012658228	1619233	1.711616583610517	1.8221372323784406
158	116	11	0.7341772151898734	1446565	2.107514464322273	1.7688514829945523
158	117	9	0.740506329113924	1294772	1.9264823845252044	1.752949576613041
158	118	10	0.7468354430379747	1178670	2.3513842343738354	1.5733176606139627
158	119	7	0.7531645569620253	1075788	1.8033796982961197	1.497576191642159
158	120	8	0.759493670886076	986915	2.2466016267090145	1.5021416365137217
158	121	3	0.7658227848101266	909877	0.9138068295591849	1.4819033653605131
158	122	3	0.7721518987341772	843425	0.9858040924312447	1.478819728009127
158	123	6	0.7784810126582279	787033	2.1128766307354905	1.478819728009127
158	124	4	0.7848101265822784	724562	1.5300311391044015	1.4371396258116511
158	125	4	0.7911392405063291	667548	1.660708177107509	1.3731020988349671
158	126	3	0.7974683544303798	605896	1.3722682055316797	1.3572977967633721
158	127	1	0.8037974683544303	535216	0.5178294474622225	1.2354376875299553
158	128	3	0.810126582278481	463039	1.7956410079039187	1.162376148564546
158	129	1	0.8164556962025317	391877	0.7072387651047162	1.1417820970954702
158	130	1	0.8227848101265823	329237	0.8417966557614753	1.0550122713053829
158	131	1	0.8291139240506329	274741	1.0087704621914488	1.0638186715383828
158	132	2	0.8354430379746836	226131	2.45123937499008	1.0059387608556714
158	133	0	0.8417721518987342	180620	0.0	0.8135505848683346
158	134	0	0.8481012658227848	139643	0.0	0.0
158	135	2	0.8544303797468354	109040	5.083466719606399	0.0
158	136	0	0.8607594936708861	82439	0.0	0.0
158	137	0	0.8670886075949367	62255	0.0	0.0
158	138	0	0.8734177215189873	46820	0.0	0.0
158	139	0	0.879746835443038	34359	0.0	0.0
158	140	0	0.8860759493670886	24779	0.0	0.0
158	141	0	0.8924050632911392	17913	0.0	0.0
158	142	0	0.8987341772151899	12995	0.0	0.0
158	143	0	0.9050632911392406	8669	0.0	0.0
158	144	0	0.9113924050632911	6359	0.0	0.0
158	145	0	0.9177215189873418	4526	0.0	0.0
158	146	0	0.9240506329113924	2663	0.0	0.0
158	147	0	0.930379746835443	1962	0.0	0.0
158	148	0	0.9367088607594937	1256	0.0	0.0
158	149	0	0.9430379746835443	860	0.0	0.0
158	150	0	0.9493670886075949	474	0.0	0.0
158	151	0	0.9556962025316456	201	0.0	0.0
158	152	0	0.9620253164556962	319	0.0	0.0
158	153	0	0.9683544303797469	172	0.0	0.0
158	154	0	0.9746835443037974	49	0.0	0.0
158	155	0	0.9810126582278481	17	0.0	0.0
158	156	0	0.9873417721518988	29	0.0	0.0
158	157	0	0.9936708860759493	25	0.0	0.0
158	158	0	1.0	11	0.0	0.0
159	0	0	0.0	95526	0.0	0.0
159	1	0	0.006289308176100629	77848	0.0	0.0
159	2	0	0.012578616352201259	88676	0.0	0.0
159	3	0	0.018867924528301886	96497	0.0	0.0
159	4	0	0.025157232704402517	97941	0.0	0.0
159	5	0	0.031446540880503145	112504	0.0	0.0
159	6	0	0.03773584905660377	116267	0.0	0.0
159	7	0	0.0440251572327044	124145	0.0	0.0
159	8	0	0.050314465408805034	125580	0.0	0.0
159	9	0	0.05660377358490566	131455	0.0	0.0
159	10	0	0.06289308176100629	134061	0.0	0.0
159	11	0	0.06918238993710692	131393	0.0	0.0
159	12	0	0.07547169811320754	140291	0.0	0.0
159	13	0	0.08176100628930817	143826	0.0	0.0
159	14	0	0.0880503144654088	152685	0.0	0.0
159	15	0	0.09433962264150944	165896	0.0	0.0
159	16	0	0.10062893081761007	173398	0.0	0.0
159	17	0	0.1069182389937107	186035	0.0	0.0
159	18	0	0.11320754716981132	205123	0.0	0.0
159	19	0	0.11949685534591195	228626	0.0	0.0
159	20	0	0.12578616352201258	257627	0.0	0.0
159	21	0	0.1320754716981132	289994	0.0	0.0
159	22	0	0.13836477987421383	337589	0.0	0.0
159	23	0	0.14465408805031446	408126	0.0	0.0
159	24	0	0.1509433962264151	507918	0.0	0.0
159	25	0	0.15723270440251572	644170	0.0	0.0
159	26	0	0.16352201257861634	843678	0.0	0.0
159	27	0	0.16981132075471697	1118298	0.0	0.0
159	28	1	0.1761006289308176	1508144	0.16199157825776522	0.0
159	29	1	0.18238993710691823	2062893	0.11842913170968106	0.1017634294295593
159	30	1	0.18867924528301888	2830482	0.0863127293513893	0.17146507307166184
159	31	4	0.1949685534591195	3871515	0.2524144959272833	0.2290415577591922
159	32	4	0.20125786163522014	5249221	0.18616600581303708	0.26001702637722723
159	33	9	0.20754716981132076	7035706	0.31251442871544255	0.28340049618279556
159	34	11	0.2138364779874214	9317578	0.2884196831837383	0.3233553749575658
159	35	12	0.22012578616352202	12153511	0.24122078974542818	0.34942119987393355
159	36	12	0.22641509433962265	15625981	0.1876157101176399	0.3849666096038027
159	37	27	0.23270440251572327	19737855	0.3341943146101456	0.4057553744660312
159	38	40	0.2389937106918239	24491728	0.3990026784553202	0.4508380798003462
159	39	48	0.24528301886792453	29917141	0.39197321984741107	0.4729028613991543
159	40	52	0.25157232704402516	35921040	0.3536630507802367	0.5040092170894015
159	41	75	0.2578616352201258	42444919	0.4316888202801949	0.535918825850223
159	42	104	0.2641509433962264	49410242	0.5142231278122018	0.5656674929123942
159	43	120	0.27044025157232704	56659451	0.517421095661472	0.5945254903726535
159	44	143	0.27672955974842767	64081449	0.5451788025641712	0.6290303896685931
159	45	168	0.2830188679245283	71508737	0.5739650149658843	0.6659049534759173
159	46	185	0.2893081761006289	78766443	0.5738068679576673	0.7023065152075655
159	47	245	0.29559748427672955	85806673	0.6975579109796609	0.7434257311190745
159	48	271	0.3018867924528302	92554096	0.715334044889751	0.7771880882651993
159	49	282	0.3081761006289308	98811717	0.6972297501681314	0.8167542102663695
159	50	299	0.31446540880503143	104703989	0.6976590109971239	0.8494784118662538
159	51	338	0.32075471698113206	110058495	0.7502886520335657	0.8902534376954486
159	52	392	0.3270440251572327	114844101	0.8338974041478351	0.9417028189775243
159	53	395	0.3333333333333333	119007297	0.810884038362721	0.9769717287786398
159	54	474	0.33962264150943394	122483003	0.9454482521398505	1.026864524531415
159	55	468	0.34591194968553457	125308770	0.9124301622495393	1.0671949074085219
159	56	492	0.3522012578616352	127457929	0.9430473359220336	1.1129896170894928
159	57	523	0.3584905660377358	128832548	0.9917708513875628	1.1488868071949165
159	58	555	0.36477987421383645	129372367	1.0480613520350013	1.1999169636044764
159	59	569	0.3710691823899371	129130934	1.0765079004941456	1.2634599057022868
159	60	590	0.37735849056603776	128016739	1.1259536130817052	1.3090041732506366
159	61	617	0.3836477987421384	126203215	1.194400544673819	1.3619724242631264
159	62	680	0.389937106918239	123860814	1.341251529511067	1.4193612981005352
159	63	669	0.39622641509433965	121091768	1.3497295152977369	1.4569554717764053
159	64	664	0.4025157232704403	117967068	1.3751261512677937	1.5082401801759957
159	65	665	0.4088050314465409	114754603	1.415750676441154	1.5564830110130488
159	66	621	0.41509433962264153	111594927	1.3595099644877855	1.5898552244171487
159	67	682	0.42138364779874216	108441785	1.5364660354639657	1.6211222118042976
159	68	650	0.4276729559748428	105406384	1.506543545028415	1.6476782961452205
159	69	606	0.4339622641509434	102437194	1.4452740265492563	1.6733951816970511
159	70	653	0.44025157232704404	99610587	1.6015589517646989	1.6883859919111068
159	71	584	0.44654088050314467	96832831	1.4734162843094794	1.7250808846325119
159	72	572	0.4528301886792453	94334687	1.4813574409759585	1.7378701870364868
159	73	524	0.4591194968553459	91983817	1.3917303784337307	1.755371266486496
159	74	585	0.46540880503144655	89805387	1.5914343387662007	1.773839908550671
159	75	621	0.4716981132075472	87922249	1.7255520299848903	1.7799279375517916
159	76	550	0.4779874213836478	86293271	1.5571161364365071	1.7874127701920235
159	77	562	0.48427672955974843	84974204	1.6157882957231142	1.7953061893362152
159	78	567	0.49056603773584906	83846236	1.6520939281709455	1.8015910201289382
159	79	533	0.4968553459119497	82875781	1.5712121263073084	1.8136286144227562
159	80	541	0.5031446540880503	81679029	1.6181618062426855	1.8345338538741547
159	81	551	0.5094339622641509	80026969	1.682094836889155	1.8490338673404472
159	82	497	0.5157232704402516	77439315	1.5679425046514113	1.8881226604674022
159	83	511	0.5220125786163522	73765995	1.6923880209951658	1.9214721594990634
159	84	487	0.5283018867924528	68745588	1.7306903717455993	1.9571470884297675
159	85	466	0.5345911949685535	62813015	1.8124729100933978	1.9913677608852896
159	86	419	0.5408805031446541	56331240	1.8171884132000506	2.0219052563144073
159	87	374	0.5471698113207547	49804545	1.8345851452551605	2.0617056255441297
159	88	319	0.5534591194968553	43667375	1.7847148803699175	2.106265806056811
159	89	295	0.559748427672956	38117230	1.8907579303636133	2.175485399668109
159	90	287	0.5660377358490566	33336271	2.1032946933864913	2.2251005703398614
159	91	245	0.5723270440251572	29335612	2.040357077465944	2.265834199662489
159	92	237	0.5786163522012578	25948502	2.231368521835867	2.3064090478222163
159	93	176	0.5849056603773585	23089647	1.8622184356822917	2.3581976832616216
159	94	179	0.5911949685534591	20670739	2.115593748109163	2.405703236100513
159	95	170	0.5974842767295597	18552850	2.238584721808048	2.475243866736561
159	96	151	0.6037735849056604	16706869	2.2080918122238726	2.5016220368071127
159	97	139	0.610062893081761	15071827	2.2531190893577193	2.5572784542192544
159	98	104	0.6163522012578616	13589476	1.8696739438075334	2.5662567480785383
159	99	124	0.6226415094339622	12293665	2.464197757397603	2.5676682697658024
159	100	93	0.6289308176100629	11094195	2.047964389700925	2.5800002141511085
159	101	104	0.6352201257861635	9981629	2.545465192825522	2.582901773092939
159	102	91	0.6415094339622641	8952640	2.483279014770849	2.585345142888119
159	103	72	0.6477987421383647	7997885	2.1993410920010095	2.5719281988599993
159	104	60	0.6540880503144654	7117091	2.0596051965611717	2.5720743291206913
159	105	67	0.660377358490566	6299838	2.5982483987046328	2.5395550980204855
159	106	59	0.6666666666666666	5540326	2.6016683821852298	2.497062483366035
159	107	37	0.6729559748427673	4851662	1.8631440507601778	2.4519953543166357
159	108	40	0.6792452830188679	4253326	2.2975584453200066	2.402802494776296
159	109	24	0.6855345911949685	3709383	1.5806831063817075	2.349740719609738
159	110	33	0.6918238993710691	3250678	2.4801345086776694	2.3001207139609283
159	111	18	0.6981132075471698	2858810	1.5382341891904756	2.239323428412492
159	112	16	0.7044025157232704	2517687	1.5525782310508276	2.1665882681731667
159	113	10	0.710691823899371	2220313	1.1003251649653858	2.1396372173432754
159	114	14	0.7169811320754716	1973429	1.7331724501868104	1.9915934074208956
159	115	12	0.7232704402515723	1752270	1.6730752233387256	1.9372601104106906
159	116	10	0.7295597484276729	1554806	1.5712997428616757	1.8271185867216786
159	117	13	0.7358490566037735	1395030	2.2766436194201756	1.7901879934874974
159	118	9	0.7421383647798742	1251201	1.7573192805950537	1.7546074037230859
159	119	11	0.7484276729559748	1143349	2.350439712458549	1.5776187926158387
159	120	6	0.7547169811320755	1044595	1.403261322139082	1.5140621007384758
159	121	3	0.7610062893081762	960358	0.7631736085917306	1.4988560314149468
159	122	5	0.7672955974842768	886027	1.378663555399435	1.4859545891839032
159	123	6	0.7735849056603774	824246	1.7784008182021804	1.4680475331327811
159	124	7	0.779874213836478	767187	2.2291128337678474	1.4828625217922105
159	125	6	0.7861635220125787	705980	2.07631910365715	1.4386187707683378
159	126	3	0.7924528301886793	651453	1.1250541181020537	1.3528281415391827
159	127	2	0.7987421383647799	587311	0.8319497737995	1.2977976420219577
159	128	5	0.8050314465408805	517157	2.3620160492846374	1.1655538496582065
159	129	1	0.8113207547169812	445685	0.5481598590932588	1.1454729834658703
159	130	5	0.8176100628930818	376176	3.2472383511970335	1.0667269364405652
159	131	1	0.8238993710691824	315757	0.7737172154535895	1.0229038073760708
159	132	2	0.8301886792452831	262970	1.8580570163895431	1.0229038073760708
159	133	3	0.8364779874213837	215963	3.393728927640092	0.8957366008561827
159	134	2	0.8427672955974843	171285	2.8526330595204374	0.0
159	135	1	0.8490566037735849	132863	1.8387860186807394	0.0
159	136	0	0.8553459119496856	103455	0.0	0.0
159	137	0	0.8616352201257862	78150	0.0	0.0
159	138	0	0.8679245283018868	59157	0.0	0.0
159	139	1	0.8742138364779874	44335	5.510468632005844	0.0
159	140	0	0.8805031446540881	32622	0.0	0.0
159	141	0	0.8867924528301887	23358	0.0	0.0
159	142	0	0.8930817610062893	17026	0.0	0.0
159	143	0	0.89937106918239	12298	0.0	0.0
159	144	0	0.9056603773584906	8188	0.0	0.0
159	145	0	0.9119496855345912	6065	0.0	0.0
159	146	0	0.9182389937106918	4261	0.0	0.0
159	147	0	0.9245283018867925	2530	0.0	0.0
159	148	0	0.9308176100628931	1880	0.0	0.0
159	149	0	0.9371069182389937	1183	0.0	0.0
159	150	0	0.9433962264150944	822	0.0	0.0
159	151	0	0.949685534591195	454	0.0	0.0
159	152	0	0.9559748427672956	191	0.0	0.0
159	153	0	0.9622641509433962	313	0.0	0.0
159	154	0	0.9685534591194969	164	0.0	0.0
159	155	0	0.9748427672955975	43	0.0	0.0
159	156	0	0.9811320754716981	16	0.0	0.0
159	157	0	0.9874213836477987	29	0.0	0.0
159	158	0	0.9937106918238994	24	0.0	0.0
159	159	0	1.0	11	0.0	0.0
160	0	0	0.0	94385	0.0	0.0
160	1	0	0.00625	76961	0.0	0.0
160	2	0	0.0125	87703	0.0	0.0
160	3	0	0.01875	95658	0.0	0.0
160	4	0	0.025	96799	0.0	0.0
160	5	0	0.03125	111170	0.0	0.0
160	6	0	0.0375	114847	0.0	0.0
160	7	0	0.04375	122891	0.0	0.0
160	8	0	0.05	124206	0.0	0.0
160	9	0	0.05625	129920	0.0	0.0
160	10	0	0.0625	132988	0.0	0.0
160	11	0	0.06875	129796	0.0	0.0
160	12	0	0.075	138157	0.0	0.0
160	13	0	0.08125	141934	0.0	0.0
160	14	0	0.0875	150211	0.0	0.0
160	15	0	0.09375	162565	0.0	0.0
160	16	0	0.1	170827	0.0	0.0
160	17	0	0.10625	182101	0.0	0.0
160	18	0	0.1125	199961	0.0	0.0
160	19	0	0.11875	222407	0.0	0.0
160	20	0	0.125	250373	0.0	0.0
160	21	0	0.13125	281104	0.0	0.0
160	22	0	0.1375	324319	0.0	0.0
160	23	0	0.14375	389336	0.0	0.0
160	24	0	0.15	481704	0.0	0.0
160	25	0	0.15625	606832	0.0	0.0
160	26	0	0.1625	790033	0.0	0.0
160	27	0	0.16875	1042813	0.0	0.0
160	28	0	0.175	1400928	0.0	0.0
160	29	1	0.18125	1907752	0.13178196671871562	0.0890333024387497
160	30	1	0.1875	2615756	0.09611267663022206	0.16249290528351112
160	31	5	0.19375	3574436	0.3516740970765222	0.2235284502689595
160	32	3	0.2	4858323	0.1552432663935044	0.2567841368617546
160	33	8	0.20625	6515176	0.30870363050399635	0.2821706580393779
160	34	9	0.2125	8656553	0.26138184507667983	0.3180351525190875
160	35	15	0.21875	11313781	0.33332001552561846	0.3488855843487264
160	36	22	0.225	14586675	0.3791789995029291	0.380923670919748
160	37	25	0.23125	18503003	0.33968446982844236	0.3997820462107409
160	38	45	0.2375	23029555	0.49125260890713435	0.4364247539403209
160	39	53	0.24375	28233211	0.4719472914466883	0.46242607295476557
160	40	73	0.25	34033309	0.5392579861019129	0.49415600202050475
160	41	74	0.25625	40345288	0.4611230184376345	0.5250441493209705
160	42	101	0.2625	47142915	0.5386204558570016	0.5546800964815473
160	43	111	0.26875	54234724	0.5145450998043893	0.5804132492162454
160	44	146	0.275	61571436	0.5961444092914808	0.618118981312936
160	45	168	0.28125	68926773	0.6127724589111782	0.6514427729599204
160	46	200	0.2875	76165198	0.6601632167267867	0.6917119635399874
160	47	223	0.29375	83207383	0.6737843234110437	0.7316380761899369
160	48	277	0.3	90001286	0.7737647774091027	0.7671269603215044
160	49	292	0.30625	96349813	0.7619208839242525	0.7975015013611753
160	50	310	0.3125	102283501	0.7619632249113625	0.834853568960555
160	51	370	0.31875	107772086	0.8631242872247862	0.8826337748958175
160	52	391	0.325	112695567	0.872263754913103	0.9228189037800942
160	53	421	0.33125	117039017	0.9043349855768874	0.9624226593839535
160	54	468	0.3375	120719936	0.974641183934123	1.0147864938894036
160	55	512	0.34375	123736532	1.040279220146887	1.056748834018043
160	56	539	0.35	126106515	1.0745562225557699	1.097004320791963
160	57	574	0.35625	127764123	1.1294860629073251	1.1325896076282096
160	58	613	0.3625	128592503	1.1984577466414834	1.1822314494068464
160	59	586	0.36875	128652330	1.145138094233785	1.2544240122961816
160	60	646	0.375	127877700	1.270034749054994	1.296603437861671
160	61	679	0.38125	126296310	1.351627485221788	1.340595364885012
160	62	634	0.3875	124167937	1.283682718368519	1.3932243410558174
160	63	697	0.39375	121613409	1.4408846599175549	1.443806548443391
160	64	708	0.4	118637855	1.5003337331466984	1.4883608730975215
160	65	692	0.40625	115462021	1.5067626342303646	1.5389789719488127
160	66	691	0.4125	112318539	1.5466943672135027	1.5700502236703857
160	67	694	0.41875	109176840	1.5981106756402257	1.608216805610993
160	68	677	0.425	106165169	1.6031882288714507	1.6339232303716222
160	69	646	0.43125	103178481	1.5740600273930159	1.6617458889455996
160	70	665	0.4375	100348160	1.6660580675329721	1.6817558499614302
160	71	675	0.44375	97552407	1.7395771140306677	1.7127441731298452
160	72	651	0.45	94978069	1.7231994807357855	1.7339946520690073
160	73	627	0.45625	92589746	1.7024820840136021	1.743134298775897
160	74	619	0.4625	90317403	1.7230469441619969	1.7686924906945072
160	75	592	0.46875	88301737	1.685506230283617	1.7752253594611518
160	76	563	0.475	86543566	1.6355036242877956	1.781311367840608
160	77	573	0.48125	85060436	1.6935768934632038	1.7918111406440451
160	78	585	0.4875	83829079	1.7544422345897948	1.8010059976027137
160	79	588	0.49375	82804807	1.785252619646576	1.8051994408803753
160	80	572	0.5	81773119	1.7585850143117827	1.8262903446543313
160	81	565	0.50625	80422999	1.7662252370485858	1.8407084236377746
160	82	577	0.5125	78436284	1.8494249192094814	1.8609017094604015
160	83	511	0.51875	75440635	1.7029169452519688	1.905034349980749
160	84	528	0.525	71161763	1.8653705920943153	1.9332506517461596
160	85	491	0.53125	65691164	1.8791110093685888	1.962010839202422
160	86	431	0.5375	59501601	1.8210695012449112	2.0104558895511904
160	87	421	0.54375	52922805	1.9999408147513735	2.0357714162950864
160	88	396	0.55	46572191	2.1376983313140454	2.0907902954548367
160	89	376	0.55625	40726236	2.321087290632695	2.1276809439024897
160	90	294	0.5625	35563011	2.0783883937172685	2.1879176923778862
160	91	284	0.56875	31201368	2.2883508249485702	2.248953390657293
160	92	229	0.575	27542543	2.09030350323454	2.2828368718304213
160	93	227	0.58125	24438419	2.3352353317023016	2.33327561997947
160	94	241	0.5875	21825413	2.776083176421299	2.3944368928109814
160	95	166	0.59375	19568024	2.132745419510906	2.418130489132346
160	96	160	0.6	17591106	2.2866765564058396	2.4633705680197724
160	97	155	0.60625	15879218	2.4540335134004887	2.526678970429867
160	98	140	0.6125	14318184	2.4582044398939726	2.5583778368904895
160	99	128	0.61875	12950937	2.4847727815493257	2.565656964236599
160	100	117	0.625	11712049	2.5114867037247612	2.5686333746983854
160	101	121	0.63125	10574013	2.8768911650817093	2.5826374285642095
160	102	82	0.6375	9513132	2.1670465065415025	2.5848360957221295
160	103	82	0.64375	8527634	2.417481738412809	2.579272274378035
160	104	86	0.65	7613164	2.83995310085983	2.555524144853874
160	105	75	0.65625	6774867	2.7831613953258767	2.555524144853874
160	106	46	0.6625	5981418	1.933443923546541	2.49994029340071
160	107	48	0.66875	5253424	2.2970829895768987	2.4962432108615946
160	108	53	0.675	4609758	2.8905177799556605	2.4490344124216796
160	109	32	0.68125	4035182	1.9937226965946073	2.3990619794047987
160	110	30	0.6875	3524009	2.1402383811014367	2.3119966414248845
160	111	24	0.69375	3094142	1.9500641708484985	2.2604397308777964
160	112	29	0.7	2729962	2.6706642827172433	2.199135586068493
160	113	24	0.70625	2402301	2.511665046851962	2.1166582254196435
160	114	14	0.7125	2125504	1.6559377672316231	2.0827663747743714
160	115	15	0.71875	1895179	1.9898435232626823	1.9337383324534883
160	116	14	0.725	1679660	2.0954850076812472	1.9008838756200623
160	117	5	0.73125	1498006	0.839139865165971	1.790467868695192
160	118	6	0.7375	1346005	1.120682213980913	1.7530470388659765
160	119	9	0.74375	1209983	1.869998004223256	1.6793319330411236
160	120	4	0.75	1110614	0.9054714259736079	1.5533131335531924
160	121	6	0.75625	1014453	1.4869529326931645	1.5019565405961928
160	122	4	0.7625	934756	1.0758200453233278	1.4687916223585795
160	123	5	0.76875	864001	1.454901733745465	1.4687916223585795
160	124	6	0.775	805284	1.8731824591440767	1.4687916223585795
160	125	2	0.78125	747708	0.6724745771653189	1.499359415842532
160	126	2	0.7875	688152	0.7306737772223669	1.4430451750319688
160	127	2	0.79375	635238	0.7915373783418598	1.3367082562422632
160	128	5	0.8	569483	2.2073293721811114	1.332846934369741
160	129	3	0.80625	498886	1.5118121809685767	1.2278260219542483
160	130	2	0.8125	428640	1.1730464285720563	1.1603685726993647
160	131	6	0.81875	361353	4.1744329324217	1.0735359547965488
160	132	3	0.825	302802	2.4908089501214965	1.0238215343047279
160	133	0	0.83125	251661	0.0	1.0048185406710917
160	134	1	0.8375	205997	1.2204416111475562	0.8811073576995361
160	135	0	0.84375	162591	0.0	0.0
160	136	1	0.85	126352	1.9897374839461437	0.0
160	137	0	0.85625	97993	0.0	0.0
160	138	0	0.8625	74434	0.0	0.0
160	139	0	0.86875	55982	0.0	0.0
160	140	0	0.875	42067	0.0	0.0
160	141	0	0.88125	30962	0.0	0.0
160	142	0	0.8875	21976	0.0	0.0
160	143	0	0.89375	16325	0.0	0.0
160	144	0	0.9	11512	0.0	0.0
160	145	0	0.90625	7758	0.0	0.0
160	146	0	0.9125	5812	0.0	0.0
160	147	0	0.91875	4015	0.0	0.0
160	148	0	0.925	2408	0.0	0.0
160	149	0	0.93125	1790	0.0	0.0
160	150	0	0.9375	1112	0.0	0.0
160	151	0	0.94375	790	0.0	0.0
160	152	0	0.95	432	0.0	0.0
160	153	0	0.95625	187	0.0	0.0
160	154	0	0.9625	303	0.0	0.0
160	155	0	0.96875	158	0.0	0.0
160	156	0	0.975	37	0.0	0.0
160	157	0	0.98125	15	0.0	0.0
160	158	0	0.9875	29	0.0	0.0
160	159	0	0.99375	23	0.0	0.0
160	160	0	1.0	11	0.0	0.0
161	0	0	0.0	93258	0.0	0.0
161	1	0	0.006211180124223602	76084	0.0	0.0
161	2	0	0.012422360248447204	86758	0.0	0.0
161	3	0	0.018633540372670808	94790	0.0	0.0
161	4	0	0.024844720496894408	95745	0.0	0.0
161	5	0	0.031055900621118012	109830	0.0	0.0
161	6	0	0.037267080745341616	113429	0.0	0.0
161	7	0	0.043478260869565216	121703	0.0	0.0
161	8	0	0.049689440993788817	122790	0.0	0.0
161	9	0	0.055900621118012424	128489	0.0	0.0
161	10	0	0.062111801242236024	131853	0.0	0.0
161	11	0	0.06832298136645963	128342	0.0	0.0
161	12	0	0.07453416149068323	135982	0.0	0.0
161	13	0	0.08074534161490683	140219	0.0	0.0
161	14	0	0.08695652173913043	147778	0.0	0.0
161	15	0	0.09316770186335403	159410	0.0	0.0
161	16	0	0.09937888198757763	168037	0.0	0.0
161	17	0	0.10559006211180125	178550	0.0	0.0
161	18	0	0.11180124223602485	195150	0.0	0.0
161	19	0	0.11801242236024845	216386	0.0	0.0
161	20	0	0.12422360248447205	243480	0.0	0.0
161	21	0	0.13043478260869565	272781	0.0	0.0
161	22	0	0.13664596273291926	311980	0.0	0.0
161	23	0	0.14285714285714285	372234	0.0	0.0
161	24	0	0.14906832298136646	457234	0.0	0.0
161	25	0	0.15527950310559005	572406	0.0	0.0
161	26	0	0.16149068322981366	741827	0.0	0.0
161	27	0	0.16770186335403728	972685	0.0	0.0
161	28	1	0.17391304347826086	1302249	0.1766508916551999	0.0
161	29	1	0.18012422360248448	1767299	0.13016668204253634	0.08835702522649885
161	30	0	0.18633540372670807	2416249	0.0	0.15470707268634534
161	31	3	0.19254658385093168	3303744	0.2088934073043424	0.21128940351081868
161	32	5	0.19875776397515527	4492674	0.256020631596119	0.2538677164515322
161	33	5	0.20496894409937888	6036304	0.1905499184659126	0.2721558049298015
161	34	11	0.2111801242236025	8034576	0.31494853207910617	0.30207205898276
161	35	16	0.21739130434782608	10531017	0.3495099430675574	0.3421346327367324
161	36	22	0.2236024844720497	13612204	0.37179547369081695	0.37794358083473434
161	37	22	0.22981366459627328	17326555	0.2920924461992608	0.39428442941822267
161	38	34	0.2360248447204969	21645661	0.3613415731790839	0.43016757437872427
161	39	58	0.2422360248447205	26623571	0.5011544066125225	0.45774045318584067
161	40	69	0.2484472049689441	32213782	0.49273934502596983	0.4859798499184884
161	41	62	0.2546583850931677	38326050	0.3721409775972147	0.5204984095846676
161	42	79	0.2608695652173913	44941036	0.40438392015618646	0.5502898236248562
161	43	101	0.2670807453416149	51876407	0.4478796719232374	0.5767547693953593
161	44	152	0.2732919254658385	59106138	0.5915900637101014	0.6077177042580314
161	45	191	0.2795031055900621	66377130	0.6619493548207741	0.6368182439726219
161	46	210	0.2857142857142857	73609604	0.6562883271521119	0.6819752921126412
161	47	240	0.2919254658385093	80631488	0.6847253926617624	0.7144976814995557
161	48	246	0.2981366459627329	87444528	0.6471609974696728	0.7546763633699367
161	49	274	0.30434782608695654	93891314	0.671328388054547	0.7839468991737932
161	50	356	0.3105590062111801	99870724	0.8200147536181364	0.82018225002013
161	51	364	0.3167701863354037	105464943	0.7939682355925765	0.8699738950990619
161	52	409	0.32298136645962733	110514017	0.8513650338662543	0.9063832497204053
161	53	482	0.32919254658385094	115033532	0.9639010428491281	0.9443804882269954
161	54	447	0.33540372670807456	118891109	0.8649042108957896	0.9975761078995187
161	55	518	0.3416149068322981	122117294	0.9758036855097187	1.037094866514473
161	56	533	0.34782608695652173	124687784	0.9833614274096031	1.077651297347332
161	57	601	0.35403726708074534	126593935	1.0921227122868291	1.1210640511639096
161	58	610	0.36024844720496896	127729834	1.0986196276926687	1.152188739082634
161	59	615	0.36645962732919257	128066356	1.104714183554671	1.2121863068155954
161	60	627	0.37267080745341613	127596880	1.130413543602688	1.2701528029004947
161	61	679	0.37888198757763975	126334221	1.2363989683984022	1.3215513737613023
161	62	703	0.38509316770186336	124380900	1.3002039963208658	1.3769984734284857
161	63	726	0.391304347826087	122032426	1.3685833183972684	1.4193619846804204
161	64	656	0.39751552795031053	119265326	1.2653174757318202	1.4699642851796557
161	65	709	0.40372670807453415	116155389	1.4041604555086853	1.507185533027063
161	66	725	0.40993788819875776	113037844	1.4754483381701973	1.5554969792823927
161	67	673	0.4161490683229814	109906185	1.408649020396561	1.5948050341480118
161	68	694	0.422360248447205	106893307	1.49354675894649	1.6206025688750918
161	69	706	0.42857142857142855	103934602	1.5626237120435333	1.6445377020226086
161	70	692	0.43478260869565216	101061927	1.575173461009782	1.670030475493848
161	71	710	0.4409937888198758	98287980	1.6617581048571313	1.6892711874932238
161	72	677	0.4472049689440994	95636216	1.6284564586265267	1.7135853563136345
161	73	607	0.453416149068323	93201239	1.4982244209575917	1.7310555736566964
161	74	651	0.45962732919254656	90892745	1.6476373774564423	1.7429085312480668
161	75	658	0.4658385093167702	88748434	1.7055916516866858	1.767755353023374
161	76	598	0.4720496894409938	86876014	1.5834748278188875	1.7748074605085966
161	77	633	0.4782608695652174	85234963	1.7084245341373527	1.7820421077447897
161	78	633	0.484472049689441	83884587	1.7359267913602472	1.791696355904173
161	79	579	0.4906832298136646	82754940	1.6095130492162342	1.8003578863108989
161	80	613	0.4968944099378882	81764876	1.7246602687362682	1.8103914571224526
161	81	548	0.5031055900621118	80615587	1.563764696768711	1.8276206823403505
161	82	601	0.5093167701863354	79081676	1.7482698729255883	1.8446912544112515
161	83	586	0.515527950310559	76705244	1.7574477691011081	1.8843262003738335
161	84	633	0.5217391304347826	73168083	1.9901779025082493	1.9195977183774877
161	85	530	0.5279503105590062	68331653	1.7842832942115272	1.9555698114933786
161	86	490	0.5341614906832298	62510115	1.8032487867519569	2.001623000851055
161	87	450	0.5403726708074534	56095150	1.845427833835752	2.0313004693141745
161	88	444	0.546583850931677	49580393	2.060074240862694	2.0822914963360297
161	89	373	0.5527950310559007	43482985	1.9733283198852487	2.115365782288502
161	90	337	0.5590062111801242	37981569	2.0411121415597693	2.171111137509772
161	91	344	0.5652173913043478	33240228	2.3806980436608254	2.2206265466461987
161	92	254	0.5714285714285714	29262637	1.9967795636395134	2.2664547034471885
161	93	226	0.577639751552795	25902755	2.0071154216454152	2.308104479463732
161	94	213	0.5838509316770186	23063490	2.1245377092760327	2.346343406608331
161	95	206	0.5900621118012422	20650060	2.2948577429538237	2.4063475685557387
161	96	203	0.5962732919254659	18539641	2.5188632154441266	2.481887426276588
161	97	167	0.6024844720496895	16707810	2.299359141035506	2.502442339667067
161	98	144	0.6086956521739131	15088246	2.19550081361487	2.5346794985347936
161	99	146	0.6149068322981367	13635520	2.4631508928911763	2.5523296888869447
161	100	130	0.6211180124223602	12346761	2.422145217755654	2.5559899637568737
161	101	108	0.6273291925465838	11168602	2.224512277970509	2.570932814951138
161	102	89	0.6335403726708074	10080255	2.0310861960963513	2.589464216574592
161	103	94	0.639751552795031	9075081	2.3827979076623875	2.577708316273387
161	104	89	0.6459627329192547	8123100	2.5204499247370125	2.5599289532004366
161	105	86	0.6521739130434783	7252329	2.727914914313726	2.554565696546826
161	106	66	0.6583850931677019	6442279	2.356754108673049	2.542560254775418
161	107	53	0.6645962732919255	5679805	2.146605859070144	2.4906475703307565
161	108	62	0.6708074534161491	4984035	2.861676074594125	2.459692473028662
161	109	52	0.6770186335403726	4381393	2.7302411001178863	2.404934958270169
161	110	33	0.6832298136645962	3829094	1.9825665682884908	2.3344653865081932
161	111	31	0.6894409937888198	3351452	2.127837981036239	2.2996640450766517
161	112	14	0.6956521739130435	2949022	1.0920936697316244	2.2477301288264853
161	113	21	0.7018633540372671	2606458	1.8534395670864217	2.1930525052894203
161	114	26	0.7080745341614907	2295540	2.605543629030382	2.0903720966822426
161	115	19	0.7142857142857143	2038758	2.1438667527655344	2.0331071740364717
161	116	15	0.7204968944099379	1817770	1.8982884001311422	1.905412420522893
161	117	12	0.7267080745341615	1613787	1.7105859472688212	1.8234447879023852
161	118	9	0.7329192546583851	1444983	1.4328134123818979	1.7554202178079579
161	119	6	0.7391304347826086	1297882	1.0634716268833024	1.7085731354089875
161	120	6	0.7453416149068323	1173802	1.1758888484110221	1.6366504709107574
161	121	3	0.7515527950310559	1077485	0.6405011123322155	1.53782368485256
161	122	6	0.7577639751552795	986311	1.3994173055380652	1.5240366468862503
161	123	9	0.7639751552795031	909777	2.2757126450370055	1.4658247222438616
161	124	6	0.7701863354037267	844135	1.635118413574315	1.4658247222438616
161	125	5	0.7763975155279503	786498	1.4624541130879698	1.4684887848611972
161	126	5	0.782608695652174	728265	1.5793938127405025	1.4650957207364292
161	127	0	0.7888198757763976	671052	0.0	1.4381709091985544
161	128	1	0.7950310559006211	619033	0.3716174210536311	1.3535772118768297
161	129	2	0.8012422360248447	551527	0.8342055674775394	1.3535772118768297
161	130	4	0.8074534161490683	481387	1.9115052712856178	1.2363242307299482
161	131	4	0.8136645962732919	411998	2.2334423662939376	1.171806681558672
161	132	4	0.8198757763975155	346954	2.6521492417679853	1.0645820618888615
161	133	1	0.8260869565217391	290121	0.7929224254951982	1.0515992896146298
161	134	2	0.8322981366459627	241185	1.9076099011720664	1.002672137159545
161	135	1	0.8385093167701864	196086	1.1731762951311793	0.822450662941551
161	136	0	0.84472049689441	154593	0.0	0.0
161	137	1	0.8509316770186336	119892	1.9187556051036967	0.0
161	138	1	0.8571428571428571	93036	2.472628305248424	0.0
161	139	0	0.8633540372670807	70855	0.0	0.0
161	140	1	0.8695652173913043	52950	4.344541019963974	0.0
161	141	0	0.8757763975155279	39895	0.0	0.0
161	142	0	0.8819875776397516	29381	0.0	0.0
161	143	0	0.8881987577639752	20776	0.0	0.0
161	144	0	0.8944099378881988	15594	0.0	0.0
161	145	0	0.9006211180124224	10771	0.0	0.0
161	146	0	0.906832298136646	7356	0.0	0.0
161	147	0	0.9130434782608695	5567	0.0	0.0
161	148	0	0.9192546583850931	3802	0.0	0.0
161	149	0	0.9254658385093167	2285	0.0	0.0
161	150	0	0.9316770186335404	1697	0.0	0.0
161	151	0	0.937888198757764	1048	0.0	0.0
161	152	0	0.9440993788819876	763	0.0	0.0
161	153	0	0.9503105590062112	409	0.0	0.0
161	154	0	0.9565217391304348	187	0.0	0.0
161	155	0	0.9627329192546584	290	0.0	0.0
161	156	0	0.968944099378882	153	0.0	0.0
161	157	0	0.9751552795031055	30	0.0	0.0
161	158	0	0.9813664596273292	15	0.0	0.0
161	159	0	0.9875776397515528	29	0.0	0.0
161	160	0	0.9937888198757764	22	0.0	0.0
161	161	0	1.0	11	0.0	0.0
162	0	0	0.0	92147	0.0	0.0
162	1	0	0.006172839506172839	75226	0.0	0.0
162	2	0	0.012345679012345678	85817	0.0	0.0
162	3	0	0.018518518518518517	93916	0.0	0.0
162	4	0	0.024691358024691357	94725	0.0	0.0
162	5	0	0.030864197530864196	108530	0.0	0.0
162	6	0	0.037037037037037035	112041	0.0	0.0
162	7	0	0.043209876543209874	120447	0.0	0.0
162	8	0	0.04938271604938271	121612	0.0	0.0
162	9	0	0.05555555555555555	126858	0.0	0.0
162	10	0	0.06172839506172839	130693	0.0	0.0
162	11	0	0.06790123456790123	127149	0.0	0.0
162	12	0	0.07407407407407407	133788	0.0	0.0
162	13	0	0.08024691358024691	138531	0.0	0.0
162	14	0	0.08641975308641975	145338	0.0	0.0
162	15	0	0.09259259259259259	156659	0.0	0.0
162	16	0	0.09876543209876543	165109	0.0	0.0
162	17	0	0.10493827160493827	175037	0.0	0.0
162	18	0	0.1111111111111111	190676	0.0	0.0
162	19	0	0.11728395061728394	210961	0.0	0.0
162	20	0	0.12345679012345678	236580	0.0	0.0
162	21	0	0.12962962962962962	265042	0.0	0.0
162	22	0	0.13580246913580246	300224	0.0	0.0
162	23	0	0.1419753086419753	356955	0.0	0.0
162	24	0	0.14814814814814814	434495	0.0	0.0
162	25	0	0.15432098765432098	540575	0.0	0.0
162	26	0	0.16049382716049382	697235	0.0	0.0
162	27	0	0.16666666666666666	909848	0.0	0.0
162	28	0	0.1728395061728395	1210569	0.0	0.0
162	29	3	0.17901234567901234	1639261	0.41350628599625167	0.0684753583120042
162	30	3	0.18518518518518517	2232962	0.3035630377447092	0.1366965995644488
162	31	3	0.19135802469135801	3054000	0.2219530870623777	0.20826142699058117
162	32	5	0.19753086419753085	4153885	0.2719721930548155	0.24535168954819728
162	33	5	0.2037037037037037	5591693	0.2020392058626077	0.2716959673885802
162	34	12	0.20987654320987653	7457349	0.3635848223750834	0.2949069361068002
162	35	12	0.21604938271604937	9797160	0.2767515189661091	0.33618400113461794
162	36	15	0.2222222222222222	12694428	0.26698514020816905	0.3670433937594454
162	37	34	0.22839506172839505	16217475	0.4737013776437464	0.38761313932412633
162	38	26	0.2345679012345679	20329291	0.2889748741540968	0.41320904210420933
162	39	44	0.24074074074074073	25089147	0.3962559060177702	0.4533448412167983
162	40	59	0.24691358024691357	30472039	0.43748126980083374	0.4780904207739119
162	41	78	0.25308641975308643	36370599	0.4845661993386756	0.5126530041479186
162	42	103	0.25925925925925924	42817066	0.5435372192676292	0.5400195494447072
162	43	133	0.2654320987654321	49575872	0.6061641491595663	0.569216757817402
162	44	136	0.2716049382716049	56692822	0.5420256024230381	0.5963119131030579
162	45	190	0.2777777777777778	63877403	0.67207125029183	0.6260504786691308
162	46	223	0.2839506172839506	71077461	0.7088950195671537	0.664908567473669
162	47	253	0.29012345679012347	78080978	0.7321233269550443	0.6951565828366985
162	48	243	0.2962962962962963	84899744	0.6467089342338725	0.7346263139244379
162	49	272	0.30246913580246915	91429897	0.6721862761720505	0.7752538385834538
162	50	333	0.30864197530864196	97474826	0.7718994522300934	0.7977988528005042
162	51	361	0.3148148148148148	103137422	0.7908605238285835	0.8448352131441473
162	52	363	0.32098765432098764	108312139	0.7572485672590095	0.8866791228649482
162	53	439	0.3271604938271605	112978970	0.8779623191320537	0.9258757876386914
162	54	489	0.3333333333333333	117034742	0.944067451747155	0.9656107326674197
162	55	495	0.3395061728395062	120420562	0.9287814160973833	1.0181609551035335
162	56	554	0.345679012345679	123219074	1.015876214235657	1.0571361788755902
162	57	590	0.35185185185185186	125336308	1.0636140897927622	1.1027816782569904
162	58	615	0.35802469135802467	126764521	1.0961913327242627	1.1392193655614182
162	59	610	0.36419753086419754	127376075	1.0820589973744699	1.1824379922757622
162	60	699	0.37037037037037035	127219432	1.2414598863955062	1.2421666728189138
162	61	713	0.3765432098765432	126251627	1.2760318486417117	1.2988954009406557
162	62	678	0.38271604938271603	124547496	1.2299958925131769	1.3448899042610567
162	63	747	0.3888888888888889	122360768	1.3793909600521375	1.3975651066323593
162	64	745	0.3950617283950617	119805203	1.4050428240497856	1.433967614402086
162	65	706	0.4012345679012346	116824035	1.3654678105958877	1.485868726169636
162	66	745	0.4074074074074074	113740549	1.47995980535471	1.528564040958528
162	67	752	0.41358024691358025	110641326	1.5357107927049278	1.567542026164583
162	68	741	0.41975308641975306	107596085	1.5560756489277454	1.6073777012385475
162	69	762	0.42592592592592593	104667241	1.6449517464942003	1.6363896744473694
162	70	709	0.43209876543209874	101800965	1.5736324702257571	1.6551027971994499
162	71	680	0.4382716049382716	99001815	1.551939274932084	1.6775400655930535
162	72	685	0.4444444444444444	96329260	1.6067241272403403	1.7043022174411808
162	73	689	0.4506172839506173	93827244	1.6592018750089883	1.7218423681654524
162	74	695	0.4567901234567901	91484639	1.7165070589337172	1.7402321816126969
162	75	654	0.46296296296296297	89267064	1.6553714669017603	1.7531391661072546
162	76	631	0.4691358024691358	87267241	1.6337555704232107	1.769741646776697
162	77	624	0.47530864197530864	85512738	1.648780131456068	1.7792553429849047
162	78	641	0.48148148148148145	83992746	1.7243491899349237	1.7878884830759183
162	79	639	0.4876543209876543	82785791	1.744030289452097	1.7990191162245306
162	80	612	0.49382716049382713	81717007	1.6921853793452604	1.806971920213051
162	81	615	0.5	80698195	1.7219489136918464	1.8209192883489318
162	82	671	0.5061728395061729	79419807	1.9089856363462936	1.835973253676416
162	83	623	0.5123456790123457	77619023	1.8135471140647932	1.8583257849499706
162	84	603	0.5185185185185185	74738099	1.8229897753432127	1.9071258931539874
162	85	598	0.5246913580246914	70637383	1.912826372580101	1.9380052227535332
162	86	528	0.5308641975308642	65302581	1.826890611082834	1.9681093874218805
162	87	501	0.5370370370370371	59193459	1.912374635132908	2.017115625423544
162	88	479	0.5432098765432098	52684735	2.0542802050637765	2.0443030912137696
162	89	413	0.5493827160493827	46359465	2.012892603613603	2.099502480755096
162	90	380	0.5555555555555556	40582821	2.1156817117077735	2.142713250505287
162	91	343	0.5617283950617284	35456373	2.1857917396660587	2.193010224353693
162	92	301	0.5679012345679012	31133282	2.18449250006728	2.245895440151932
162	93	289	0.5740740740740741	27489331	2.375432203858495	2.294079343865098
162	94	237	0.5802469135802469	24407895	2.1939513220288602	2.3368952883453074
162	95	236	0.5864197530864198	21801581	2.4458678139242336	2.379335607775395
162	96	222	0.5925925925925926	19550127	2.565738312786874	2.4099811489657688
162	97	193	0.5987654320987654	17585536	2.479765804550603	2.494343982716087
162	98	178	0.6049382716049383	15883401	2.5321269158948443	2.5088320821825523
162	99	167	0.6111111111111112	14358074	2.6280235440440394	2.5463992984657193
162	100	165	0.6172839506172839	12998531	2.868128716534782	2.548961297514276
162	101	114	0.6234567901234568	11780690	2.186467826567294	2.553467863975467
162	102	137	0.6296296296296297	10659053	2.904095630281749	2.5771421014589726
162	103	112	0.6358024691358025	9615638	2.6317757775931305	2.5867168617106655
162	104	99	0.6419753086419753	8657510	2.583753991658173	2.585073294087997
162	105	75	0.6481481481481481	7743545	2.1884186373569907	2.5634767780481895
162	106	73	0.654320987654321	6905959	2.3884042334965403	2.563989446633735
162	107	67	0.6604938271604939	6124670	2.4717302738231663	2.534288736422515
162	108	56	0.6666666666666666	5389704	2.34764313351012	2.4992386610999264
162	109	49	0.6728395061728395	4735725	2.3378603886090352	2.460109716512956
162	110	51	0.6790123456790124	4160326	2.769821493340792	2.4093070916669066
162	111	31	0.6851851851851852	3640193	1.9241824599724562	2.3196552461471676
162	112	40	0.691358024691358	3187704	2.8352474712771385	2.2907524797728547
162	113	34	0.6975308641975309	2815335	2.7287126574290506	2.234582704786813
162	114	20	0.7037037037037037	2488313	1.8160757318673373	2.143561837041668
162	115	21	0.7098765432098766	2197771	2.1589661048487354	2.094702730386152
162	116	16	0.7160493827160493	1956829	1.8474643834857352	2.0231259409327955
162	117	20	0.7222222222222222	1743235	2.592286669663017	1.9401439375738578
162	118	14	0.7283950617283951	1553312	2.0364713572115627	1.7974812222778982
162	119	14	0.7345679012345679	1393910	2.269354116702661	1.7631155681958977
162	120	6	0.7407407407407407	1253977	1.081111899003732	1.7094420156069272
162	121	10	0.7469135802469136	1138747	1.9841829891055736	1.6065619125259856
162	122	6	0.7530864197530864	1046672	1.2952381030322802	1.5278880630792708
162	123	8	0.7592592592592593	959086	1.8846964099528132	1.5069318468956798
162	124	6	0.7654320987654321	886375	1.5294761875921623	1.4736570682046048
162	125	2	0.7716049382716049	824718	0.547940611529033	1.4736570682046048
162	126	6	0.7777777777777778	767910	1.76542753158183	1.478384755759979
162	127	3	0.7839506172839507	708939	0.9561397072082385	1.4432697271434476
162	128	1	0.7901234567901234	655618	0.34463398294357456	1.41201429426883
162	129	4	0.7962962962962963	602241	1.5007164416205505	1.325205939661079
162	130	1	0.8024691358024691	533713	0.42335158152321656	1.2784568424246483
162	131	3	0.808641975308642	464021	1.4608061443092046	1.1741407786793236
162	132	1	0.8148148148148148	396393	0.570010677861366	1.142557363198444
162	133	0	0.8209876543209876	332704	0.0	1.062992869913638
162	134	2	0.8271604938271605	278137	1.6247262509446818	1.0272129944378918
162	135	1	0.8333333333333334	230997	0.9781436236379715	0.9699103089026782
162	136	1	0.8395061728395061	186345	1.2125264569991172	0.8240890649811736
162	137	1	0.845679012345679	147091	1.5361119485862527	0.0
162	138	0	0.8518518518518519	113734	0.0	0.0
162	139	1	0.8580246913580247	88603	2.550119551589681	0.0
162	140	0	0.8641975308641975	67149	0.0	0.0
162	141	0	0.8703703703703703	50196	0.0	0.0
162	142	0	0.8765432098765432	37815	0.0	0.0
162	143	0	0.8827160493827161	27915	0.0	0.0
162	144	0	0.8888888888888888	19703	0.0	0.0
162	145	0	0.8950617283950617	14781	0.0	0.0
162	146	0	0.9012345679012346	10125	0.0	0.0
162	147	0	0.9074074074074074	6982	0.0	0.0
162	148	0	0.9135802469135802	5333	0.0	0.0
162	149	0	0.9197530864197531	3597	0.0	0.0
162	150	0	0.9259259259259259	2165	0.0	0.0
162	151	0	0.9320987654320988	1621	0.0	0.0
162	152	0	0.9382716049382716	991	0.0	0.0
162	153	0	0.9444444444444444	724	0.0	0.0
162	154	0	0.9506172839506173	394	0.0	0.0
162	155	0	0.9567901234567902	185	0.0	0.0
162	156	0	0.9629629629629629	281	0.0	0.0
162	157	0	0.9691358024691358	143	0.0	0.0
162	158	0	0.9753086419753086	26	0.0	0.0
162	159	0	0.9814814814814815	15	0.0	0.0
162	160	0	0.9876543209876543	29	0.0	0.0
162	161	0	0.9938271604938271	21	0.0	0.0
162	162	0	1.0	11	0.0	0.0
163	0	0	0.0	91056	0.0	0.0
163	1	0	0.006134969325153374	74373	0.0	0.0
163	2	0	0.012269938650306749	84878	0.0	0.0
163	3	0	0.018404907975460124	93074	0.0	0.0
163	4	0	0.024539877300613498	93708	0.0	0.0
163	5	0	0.03067484662576687	107241	0.0	0.0
163	6	0	0.03680981595092025	110728	0.0	0.0
163	7	0	0.04294478527607362	119129	0.0	0.0
163	8	0	0.049079754601226995	120562	0.0	0.0
163	9	0	0.05521472392638037	125233	0.0	0.0
163	10	0	0.06134969325153374	129471	0.0	0.0
163	11	0	0.06748466257668712	126035	0.0	0.0
163	12	0	0.0736196319018405	131612	0.0	0.0
163	13	0	0.07975460122699386	136948	0.0	0.0
163	14	0	0.08588957055214724	143040	0.0	0.0
163	15	0	0.09202453987730061	153996	0.0	0.0
163	16	0	0.09815950920245399	162183	0.0	0.0
163	17	0	0.10429447852760736	171613	0.0	0.0
163	18	0	0.11042944785276074	186280	0.0	0.0
163	19	0	0.1165644171779141	206395	0.0	0.0
163	20	0	0.12269938650306748	229556	0.0	0.0
163	21	0	0.12883435582822086	257926	0.0	0.0
163	22	0	0.13496932515337423	289094	0.0	0.0
163	23	0	0.1411042944785276	342712	0.0	0.0
163	24	0	0.147239263803681	413820	0.0	0.0
163	25	0	0.15337423312883436	511400	0.0	0.0
163	26	0	0.15950920245398773	655783	0.0	0.0
163	27	0	0.1656441717791411	852632	0.0	0.0
163	28	0	0.17177914110429449	1126108	0.0	0.0
163	29	0	0.17791411042944785	1521575	0.0	0.0
163	30	1	0.18404907975460122	2066550	0.10132343312205953	0.12238634556672534
163	31	1	0.1901840490797546	2823440	0.0741612857784802	0.18791380454551673
163	32	6	0.19631901840490798	3840642	0.32711709248358817	0.24402997538722598
163	33	6	0.20245398773006135	5179267	0.2425709360630284	0.26532437425672223
163	34	6	0.2085889570552147	6917659	0.18161341059314326	0.2885622973025092
163	35	16	0.2147239263803681	9112550	0.3676511022155461	0.3288476070835733
163	36	29	0.22085889570552147	11837206	0.5129849291153142	0.3583048662767005
163	37	28	0.22699386503067484	15163486	0.38664712982984123	0.3824241638259994
163	38	33	0.2331288343558282	19081225	0.36212916328521577	0.40233440437686435
163	39	57	0.2392638036809816	23627604	0.5051391000521404	0.4424957426694271
163	40	69	0.24539877300613497	28802535	0.5016192466937045	0.4630377220034791
163	41	71	0.25153374233128833	34494372	0.4309887361047142	0.4968310139263992
163	42	96	0.25766871165644173	40748634	0.49330326776023087	0.5256297947878257
163	43	151	0.26380368098159507	47356885	0.6676511989434528	0.5544053734036051
163	44	153	0.26993865030674846	54322043	0.5897543457618853	0.5839986847611344
163	45	178	0.27607361963190186	61429704	0.606732688275265	0.6154944760340084
163	46	211	0.2822085889570552	68569451	0.6443288789286171	0.6529045052107388
163	47	255	0.2883435582822086	75565119	0.7066016118255567	0.6915701309696727
163	48	270	0.294478527607362	82375881	0.6863087023490029	0.7210497191531609
163	49	314	0.3006134969325153	88953957	0.7391289112138669	0.7587802303821928
163	50	345	0.3067484662576687	95090992	0.7596884628971511	0.7862672844366766
163	51	356	0.3128834355828221	100804853	0.7394764902414729	0.8270149689057265
163	52	456	0.31901840490797545	106101637	0.8999089520888995	0.8724495319728737
163	53	426	0.32515337423312884	110879506	0.8044779235040518	0.9094585842822502
163	54	510	0.3312883435582822	115132929	0.9275267353476259	0.9438039643300731
163	55	574	0.3374233128834356	118673201	1.01277984380279	1.000960857434156
163	56	585	0.34355828220858897	121685441	1.0066373948569525	1.037962735433868
163	57	652	0.3496932515337423	124023330	1.1007787111375875	1.077656994068501
163	58	658	0.3558282208588957	125691328	1.096166165041251	1.1262877602449233
163	59	680	0.3619631901840491	126590606	1.124768765926491	1.1573513668339446
163	60	731	0.36809815950920244	126727280	1.207822393608895	1.2098231286112038
163	61	781	0.37423312883435583	126069233	1.2971725123533056	1.280547205269196
163	62	715	0.3803680981595092	124636629	1.2012023176080155	1.3260353628644057
163	63	794	0.38650306748466257	122633092	1.3557157388676409	1.380232594401971
163	64	780	0.39263803680981596	120236465	1.3583579138021555	1.4229901562861078
163	65	867	0.3987730061349693	117456032	1.5456088164364858	1.469627556556016
163	66	837	0.4049079754601227	114429500	1.5315926433419198	1.509129252110054
163	67	821	0.4110429447852761	111342004	1.5439738387482227	1.556226270573586
163	68	838	0.4171779141104294	108308552	1.620082321126522	1.5984631587445826
163	69	769	0.4233128834355828	105385295	1.527925356307477	1.6204150157631432
163	70	764	0.4294478527607362	102519555	1.5604234207693508	1.6410411846484407
163	71	743	0.43558282208588955	99734753	1.5599048603826728	1.661565848371625
163	72	819	0.44171779141104295	97018460	1.7676054788785884	1.6810232866835169
163	73	726	0.44785276073619634	94486321	1.6088794161173097	1.7134170636805255
163	74	710	0.4539877300613497	92081140	1.6145201711236246	1.7349238061220917
163	75	743	0.4601226993865031	89817754	1.732137790416863	1.7436378960621848
163	76	712	0.4662576687116564	87746360	1.6990521064519966	1.759514589358594
163	77	691	0.4723926380368098	85842257	1.6855154336914624	1.767008356889319
163	78	692	0.4785276073619632	84210914	1.72065391639292	1.7808293356101128
163	79	715	0.48466257668711654	82850877	1.8070274333203542	1.7943442166543286
163	80	694	0.49079754601226994	81736019	1.777877374460385	1.8040690098171663
163	81	688	0.49693251533742333	80677064	1.7856410740759454	1.8140731834736739
163	82	684	0.5030674846625767	79611645	1.799017209748401	1.8287661469918965
163	83	742	0.50920245398773	78168273	1.9876009799147918	1.849841477430628
163	84	722	0.5153374233128835	75930185	1.9910334368167169	1.8902062735356802
163	85	707	0.5214723926380368	72528640	2.0411066316410076	1.9265462822781758
163	86	627	0.5276073619631901	67842424	1.9351828117231171	1.960910685579687
163	87	556	0.5337423312883436	62121116	1.8740939399644083	2.002574022934434
163	88	534	0.5398773006134969	55796994	2.003947172201094	2.035534392635339
163	89	441	0.5460122699386503	49349712	1.8711550709112736	2.081536540473862
163	90	406	0.5521472392638037	43318830	1.9624795021395363	2.1225431628316915
163	91	383	0.558282208588957	37867032	2.117840851512846	2.17847766057918
163	92	367	0.5644171779141104	33167886	2.31688291028406	2.2256798915495475
163	93	302	0.5705521472392638	29210007	2.164866379421081	2.2733415884463293
163	94	312	0.5766871165644172	25868444	2.5254577161323795	2.309581387034326
163	95	246	0.5828220858895705	23039573	2.235715280692245	2.3525335081311702
163	96	234	0.588957055214724	20625825	2.375529033534599	2.414512242657642
163	97	235	0.5950920245398773	18527823	2.6558239502192	2.4787750651399847
163	98	214	0.6012269938650306	16708965	2.6817607980946705	2.5199283487151174
163	99	182	0.6073619631901841	15111029	2.5219307838498204	2.553488581256791
163	100	157	0.6134969325153374	13682691	2.4026136885490996	2.5609896764891853
163	101	148	0.6196319018404908	12404556	2.4982523539191597	2.566064088538052
163	102	138	0.6257668711656442	11249897	2.568540122557399	2.579655922471538
163	103	124	0.6319018404907976	10175650	2.5516161276263065	2.604133083857167
163	104	120	0.6380368098159509	9181253	2.7367498625957762	2.59158858302531
163	105	99	0.6441717791411042	8256304	2.5107607630630877	2.5819771108280882
163	106	90	0.6503067484662577	7382070	2.5528198275897265	2.5591108593189085
163	107	82	0.656441717791411	6575493	2.611207272049131	2.5591108593189085
163	108	64	0.6625766871165644	5820942	2.3021971711755755	2.5038884341119245
163	109	65	0.6687116564417178	5116196	2.660247212322493	2.495536343909529
163	110	42	0.6748466257668712	4501744	1.9535490046018764	2.456099039149751
163	111	44	0.6809815950920245	3952513	2.3309619453773474	2.385104861515419
163	112	36	0.6871165644171779	3459318	2.1790531734469387	2.303284403914527
163	113	34	0.6932515337423313	3039052	2.342591697814099	2.265886437544407
163	114	28	0.6993865030674846	2687779	2.181324558349098	2.2097484691703015
163	115	25	0.7055214723926381	2377661	2.2016378777125096	2.1379646756696244
163	116	18	0.7116564417177914	2107770	1.7881547478762192	2.1263589110370402
163	117	11	0.7177914110429447	1877630	1.2267003338795788	1.9697799246641639
163	118	11	0.7239263803680982	1673872	1.3760247784193258	1.9265978389586684
163	119	12	0.7300613496932515	1496629	1.6788925569534638	1.7926502989376734
163	120	13	0.7361963190184049	1345837	2.0225846289997214	1.7526084017330235
163	121	8	0.7423312883435583	1211873	1.3822566603490112	1.6728182868641042
163	122	7	0.7484662576687117	1107385	1.323595303375741	1.5797887207828747
163	123	5	0.754601226993865	1016404	1.0300527187928823	1.5161446101598972
163	124	8	0.7607361963190185	932791	1.795814416892034	1.5100944728567256
163	125	7	0.7668711656441718	864802	1.6948730287727654	1.4796587762610955
163	126	8	0.7730061349693251	805780	2.0788795027763625	1.4918704934466664
163	127	7	0.7791411042944786	748622	1.957903434615527	1.5048027800249404
163	128	4	0.7852760736196319	691697	1.2108766741413777	1.4731579876558374
163	129	1	0.7914110429447853	639588	0.3273825348793163	1.3982582139222022
163	130	2	0.7975460122699386	586272	0.7143098790950008	1.2728366449372772
163	131	2	0.803680981595092	515584	0.8122437496834353	1.2364794736550528
163	132	1	0.8098159509202454	447354	0.46806319093691384	1.1411540519056336
163	133	2	0.8159509202453987	380978	1.0992232660069199	1.0663889760981482
163	134	0	0.8220858895705522	319057	0.0	1.0100761899398891
163	135	1	0.8282208588957055	266833	0.7847228068432021	0.9998181650341119
163	136	1	0.8343558282208589	220863	0.9480535024806878	0.896968637448001
163	137	3	0.8404907975460123	177252	3.5439364416490444	0.7222912782245245
163	138	1	0.8466257668711656	139675	1.499122539598297	0.0
163	139	0	0.852760736196319	108162	0.0	0.0
163	140	1	0.8588957055214724	84359	2.4821292419112617	0.0
163	141	0	0.8650306748466258	63612	0.0	0.0
163	142	0	0.8711656441717791	47474	0.0	0.0
163	143	0	0.8773006134969326	36037	0.0	0.0
163	144	0	0.8834355828220859	26436	0.0	0.0
163	145	0	0.8895705521472392	18743	0.0	0.0
163	146	0	0.8957055214723927	13947	0.0	0.0
163	147	0	0.901840490797546	9512	0.0	0.0
163	148	0	0.9079754601226994	6672	0.0	0.0
163	149	0	0.9141104294478528	5087	0.0	0.0
163	150	0	0.9202453987730062	3417	0.0	0.0
163	151	0	0.9263803680981595	2064	0.0	0.0
163	152	0	0.9325153374233128	1533	0.0	0.0
163	153	0	0.9386503067484663	945	0.0	0.0
163	154	0	0.9447852760736196	686	0.0	0.0
163	155	0	0.950920245398773	375	0.0	0.0
163	156	0	0.9570552147239264	186	0.0	0.0
163	157	0	0.9631901840490797	270	0.0	0.0
163	158	0	0.9693251533742331	136	0.0	0.0
163	159	0	0.9754601226993865	22	0.0	0.0
163	160	0	0.9815950920245399	15	0.0	0.0
163	161	0	0.9877300613496932	29	0.0	0.0
163	162	0	0.9938650306748467	20	0.0	0.0
163	163	0	1.0	11	0.0	0.0
164	0	0	0.0	89987	0.0	0.0
164	1	0	0.006097560975609756	73512	0.0	0.0
164	2	0	0.012195121951219513	83979	0.0	0.0
164	3	0	0.018292682926829267	92191	0.0	0.0
164	4	0	0.024390243902439025	92773	0.0	0.0
164	5	0	0.03048780487804878	105915	0.0	0.0
164	6	0	0.036585365853658534	109499	0.0	0.0
164	7	0	0.042682926829268296	117768	0.0	0.0
164	8	0	0.04878048780487805	119560	0.0	0.0
164	9	0	0.054878048780487805	123677	0.0	0.0
164	10	0	0.06097560975609756	128351	0.0	0.0
164	11	0	0.06707317073170732	124708	0.0	0.0
164	12	0	0.07317073170731707	129623	0.0	0.0
164	13	0	0.07926829268292683	135401	0.0	0.0
164	14	0	0.08536585365853659	140841	0.0	0.0
164	15	0	0.09146341463414634	151361	0.0	0.0
164	16	0	0.0975609756097561	159432	0.0	0.0
164	17	0	0.10365853658536585	168373	0.0	0.0
164	18	0	0.10975609756097561	182093	0.0	0.0
164	19	0	0.11585365853658537	201619	0.0	0.0
164	20	0	0.12195121951219512	223415	0.0	0.0
164	21	0	0.12804878048780488	250801	0.0	0.0
164	22	0	0.13414634146341464	279161	0.0	0.0
164	23	0	0.1402439024390244	328873	0.0	0.0
164	24	0	0.14634146341463414	395631	0.0	0.0
164	25	0	0.1524390243902439	484160	0.0	0.0
164	26	0	0.15853658536585366	617346	0.0	0.0
164	27	0	0.16463414634146342	800130	0.0	0.0
164	28	0	0.17073170731707318	1049772	0.0	0.0
164	29	1	0.17682926829268292	1412141	0.13023238478982124	0.0
164	30	1	0.18292682926829268	1914796	0.09604495209384341	0.10963331030208451
164	31	2	0.18902439024390244	2610425	0.14090156973633258	0.17575267746355733
164	32	6	0.1951219512195122	3552885	0.3105754733229187	0.23147031437403104
164	33	3	0.20121951219512196	4795300	0.11505421355670113	0.2597184822844578
164	34	12	0.2073170731707317	6417694	0.3438739648655414	0.2849419752738978
164	35	15	0.21341463414634146	8469515	0.32570901065081587	0.3239499268174058
164	36	20	0.21951219512195122	11034396	0.33333313411895493	0.34942228129204755
164	37	32	0.22560975609756098	14168918	0.41534630116875937	0.3804804366844839
164	38	43	0.23170731707317074	17899662	0.4417948827105097	0.39813809952032553
164	39	44	0.23780487804878048	22234809	0.3639287193309037	0.4357059485422762
164	40	69	0.24390243902439024	27203938	0.4664599594431632	0.45914114538797296
164	41	82	0.25	32697429	0.4612085001342951	0.48508325215947
164	42	100	0.25609756097560976	38742416	0.47469029832698867	0.5195616234100381
164	43	120	0.2621951219512195	45207727	0.4881638665606426	0.5502285337697207
164	44	156	0.2682926829268293	52003021	0.5516874193512593	0.579644755268659
164	45	178	0.27439024390243905	59033886	0.5545180480906843	0.6028851300251036
164	46	219	0.2804878048780488	66088181	0.6094209391176431	0.636394324077287
164	47	252	0.2865853658536585	73082082	0.6341422443677741	0.680265117696074
164	48	315	0.2926829268292683	79885256	0.7251719188104891	0.7070614647674788
164	49	309	0.29878048780487804	86468461	0.6572003801206805	0.7404839880824562
164	50	359	0.3048780487804878	92709883	0.7121401495256379	0.7765850404135635
164	51	398	0.31097560975609756	98471384	0.7433101890353672	0.8078049706562122
164	52	498	0.3170731707317073	103879906	0.8816472366134267	0.8465540109185833
164	53	509	0.3231707317073171	108757087	0.8607108376812891	0.8887025726884368
164	54	556	0.32926829268292684	113182499	0.9034259659680471	0.9307664441725937
164	55	554	0.3353658536585366	116883385	0.8716738953921772	0.9731606013241153
164	56	640	0.34146341463414637	120084496	0.9801444614238054	1.0186556355827836
164	57	685	0.3475609756097561	122650567	1.0271126240394457	1.0607644969043089
164	58	730	0.35365853658536583	124530268	1.0780651155855745	1.106242319836536
164	59	773	0.3597560975609756	125714099	1.1308176089236446	1.1439246159793603
164	60	797	0.36585365853658536	126124327	1.162134824325508	1.185714946649
164	61	851	0.3719512195121951	125767673	1.2443930887243977	1.2427701880116133
164	62	895	0.3780487804878049	124637123	1.3206042041750856	1.299526478174773
164	63	843	0.38414634146341464	122847651	1.26199540555671	1.340521236569878
164	64	916	0.3902439024390244	120601930	1.396813010554362	1.391934165675879
164	65	874	0.39634146341463417	118017796	1.3619494498796447	1.4346643173969964
164	66	923	0.4024390243902439	115089626	1.4749000083864447	1.4834901263423086
164	67	888	0.40853658536585363	112046543	1.4575100563295458	1.5274552612963204
164	68	924	0.4146341463414634	109002125	1.5589567344919402	1.5656998965536817
164	69	861	0.42073170731707316	106081314	1.4926614499424926	1.6045074912341393
164	70	867	0.4268292682926829	103232952	1.5445351878301588	1.6313672179156922
164	71	876	0.4329268292682927	100450556	1.6037948592179727	1.6537246813781667
164	72	901	0.43902439024390244	97741689	1.6952822205745204	1.6694751399674754
164	73	826	0.4451219512195122	95130824	1.5968195630673077	1.6881465497503025
164	74	834	0.45121951219512196	92706867	1.654440687059663	1.7175217692305107
164	75	788	0.4573170731707317	90401096	1.603059261477456	1.7402974731823275
164	76	795	0.4634146341463415	88251579	1.6566917133702388	1.745247871096488
164	77	753	0.4695121951219512	86263285	1.605336349495393	1.749358948745884
164	78	767	0.47560975609756095	84495563	1.6693927218241442	1.770601487886875
164	79	790	0.4817073170731707	83010423	1.750215478009208	1.7816302037157874
164	80	761	0.4878048780487805	81781471	1.7113025389100245	1.7920812330677072
164	81	695	0.49390243902439024	80688180	1.5840611426876983	1.7991007439404105
164	82	791	0.5	79663427	1.82605794326148	1.816809069825798
164	83	724	0.5060975609756098	78487677	1.6964229789191707	1.8324108450748229
164	84	723	0.5121951219512195	76747290	1.7324962527627517	1.8557305448114887
164	85	720	0.5182926829268293	73994871	1.7894844747337657	1.8951925714280047
164	86	687	0.524390243902439	70043732	1.803783937318971	1.9284208684920465
164	87	717	0.5304878048780488	64831885	2.0338904752524054	1.967679600003765
164	88	622	0.5365853658536586	58813911	1.9449452500388629	2.0149224619008637
164	89	556	0.5426829268292683	52412185	1.9509205443305317	2.05483889330947
164	90	470	0.5487804878048781	46171401	1.8720690399248878	2.0987353328394525
164	91	485	0.5548780487804879	40446381	2.205256576438798	2.143754302425754
164	92	384	0.5609756097560976	35384250	1.9958058230529534	2.196231815462441
164	93	408	0.5670731707317073	31080150	2.4142048206494837	2.246986623846525
164	94	357	0.573170731707317	27456312	2.3912394702517012	2.2915116893523413
164	95	285	0.5792682926829268	24381666	2.149703374474191	2.3421421055708986
164	96	283	0.5853658536585366	21775798	2.390063349013601	2.3834484907143625
164	97	245	0.5914634146341463	19531087	2.306942264499837	2.4158815659555195
164	98	230	0.5975609756097561	17589223	2.4047959776609282	2.5055805189307216
164	99	215	0.6036585365853658	15890992	2.4881955367694375	2.5243686454583893
164	100	196	0.6097560975609756	14396968	2.5036988383622627	2.550199727833101
164	101	154	0.6158536585365854	13054399	2.169506192799866	2.550199727833101
164	102	144	0.6219512195121951	11852620	2.2343190427842576	2.5547084838404985
164	103	127	0.6280487804878049	10744817	2.173710752017865	2.578394223614566
164	104	129	0.6341463414634146	9718387	2.441139380593025	2.589073551287338
164	105	115	0.6402439024390244	8770274	2.411469283660983	2.589073551287338
164	106	113	0.6463414634146342	7874642	2.6390321464914313	2.572596851540703
164	107	93	0.6524390243902439	7035652	2.4309479175948323	2.564846667166074
164	108	73	0.6585365853658537	6260685	2.1443618033062286	2.543233478986248
164	109	71	0.6646341463414634	5528637	2.3617685147990892	2.5004529333350143
164	110	75	0.6707317073170732	4861384	2.83725514312616	2.476048833482358
164	111	62	0.676829268292683	4278699	2.664876025527373	2.418026030539493
164	112	41	0.6829268292682927	3757286	2.006811856661644	2.3407248391656905
164	113	42	0.6890243902439024	3291589	2.3466090644239865	2.2918654575676296
164	114	29	0.6951219512195121	2898681	1.8399017389616197	2.2511699180321885
164	115	32	0.7012195121951219	2567599	2.2920275646093704	2.2074923373329005
164	116	21	0.7073170731707317	2275281	1.6973887145715816	2.137064973792583
164	117	31	0.7134146341463414	2022733	2.8185139574891855	2.090680921128913
164	118	22	0.7195121951219512	1802278	2.244904938066506	1.9647621052977629
164	119	19	0.725609756097561	1608676	2.1721112963083784	1.9081072654972997
164	120	12	0.7317073170731707	1445333	1.526899255101624	1.7959776116732487
164	121	9	0.7378048780487805	1297712	1.2754435582050154	1.7639721899803773
164	122	9	0.7439024390243902	1174564	1.409168347408355	1.686758857188476
164	123	6	0.75	1075814	1.0256781753508488	1.6069839901163894
164	124	14	0.7560975609756098	987666	2.6068436710920104	1.5365655020180677
164	125	16	0.7621951219512195	908893	3.237459020403642	1.5156638554535584
164	126	6	0.7682926829268293	844030	1.3073456400091203	1.5156638554535584
164	127	6	0.774390243902439	786674	1.4026635436494632	1.4852989996384995
164	128	7	0.7804878048780488	729866	1.763810659253042	1.5156638554535584
164	129	4	0.7865853658536586	675465	1.089065992106078	1.4485287703443452
164	130	5	0.7926829268292683	624125	1.473314561101406	1.373596745138294
164	131	2	0.7987804878048781	569541	0.645805973896464	1.251177753174546
164	132	2	0.8048780487804879	498073	0.7384720315675934	1.1820674100528106
164	133	4	0.8109756097560976	430731	1.7078546943636097	1.1431124825252699
164	134	2	0.8170731707317073	366263	1.0042318775824093	1.0598909584829916
164	135	1	0.823170731707317	305832	0.6013317445181766	1.0159942342379211
164	136	5	0.8292682926829268	256195	3.589189681482523	1.0079724640349124
164	137	2	0.8353658536585366	210670	1.7459200654054492	0.9190753179414716
164	138	0	0.8414634146341463	168746	0.0	0.7047063996706965
164	139	0	0.8475609756097561	132551	0.0	0.0
164	140	1	0.8536585365853658	102884	1.7875130252467144	0.0
164	141	0	0.8597560975609756	80466	0.0	0.0
164	142	0	0.8658536585365854	60070	0.0	0.0
164	143	0	0.8719512195121951	45101	0.0	0.0
164	144	0	0.8780487804878049	34261	0.0	0.0
164	145	0	0.8841463414634146	25098	0.0	0.0
164	146	0	0.8902439024390244	17801	0.0	0.0
164	147	0	0.8963414634146342	13130	0.0	0.0
164	148	0	0.9024390243902439	8959	0.0	0.0
164	149	0	0.9085365853658537	6397	0.0	0.0
164	150	0	0.9146341463414634	4839	0.0	0.0
164	151	0	0.9207317073170732	3262	0.0	0.0
164	152	0	0.926829268292683	1922	0.0	0.0
164	153	0	0.9329268292682927	1479	0.0	0.0
164	154	0	0.9390243902439024	897	0.0	0.0
164	155	0	0.9451219512195121	654	0.0	0.0
164	156	0	0.9512195121951219	359	0.0	0.0
164	157	0	0.9573170731707317	183	0.0	0.0
164	158	0	0.9634146341463414	262	0.0	0.0
164	159	0	0.9695121951219512	126	0.0	0.0
164	160	0	0.975609756097561	20	0.0	0.0
164	161	0	0.9817073170731707	15	0.0	0.0
164	162	0	0.9878048780487805	29	0.0	0.0
164	163	0	0.9939024390243902	19	0.0	0.0
164	164	0	1.0	11	0.0	0.0
165	0	0	0.0	88930	0.0	0.0
165	1	0	0.006060606060606061	72666	0.0	0.0
165	2	0	0.012121212121212121	83082	0.0	0.0
165	3	0	0.01818181818181818	91333	0.0	0.0
165	4	0	0.024242424242424242	91854	0.0	0.0
165	5	0	0.030303030303030304	104582	0.0	0.0
165	6	0	0.03636363636363636	108393	0.0	0.0
165	7	0	0.04242424242424243	116356	0.0	0.0
165	8	0	0.048484848484848485	118471	0.0	0.0
165	9	0	0.05454545454545454	122356	0.0	0.0
165	10	0	0.06060606060606061	127092	0.0	0.0
165	11	0	0.06666666666666667	123521	0.0	0.0
165	12	0	0.07272727272727272	127646	0.0	0.0
165	13	0	0.07878787878787878	133798	0.0	0.0
165	14	0	0.08484848484848485	138835	0.0	0.0
165	15	0	0.09090909090909091	148867	0.0	0.0
165	16	0	0.09696969696969697	156479	0.0	0.0
165	17	0	0.10303030303030303	165691	0.0	0.0
165	18	0	0.10909090909090909	177712	0.0	0.0
165	19	0	0.11515151515151516	197194	0.0	0.0
165	20	0	0.12121212121212122	217668	0.0	0.0
165	21	0	0.12727272727272726	243695	0.0	0.0
165	22	0	0.13333333333333333	270487	0.0	0.0
165	23	0	0.1393939393939394	315497	0.0	0.0
165	24	0	0.14545454545454545	378950	0.0	0.0
165	25	0	0.15151515151515152	459471	0.0	0.0
165	26	0	0.15757575757575756	581732	0.0	0.0
165	27	0	0.16363636363636364	751485	0.0	0.0
165	28	0	0.1696969696969697	980728	0.0	0.0
165	29	0	0.17575757575757575	1311213	0.0	0.0
165	30	1	0.18181818181818182	1775505	0.09829419520682091	0.10221209184860745
165	31	1	0.18787878787878787	2415736	0.07224375306767236	0.16890709745932225
165	32	5	0.19393939393939394	3283792	0.26573217040038855	0.2107489576328164
165	33	7	0.2	4442326	0.275002970386416	0.25642374281748737
165	34	17	0.20606060606060606	5952584	0.49841735892037325	0.27713745741350077
165	35	15	0.21212121212121213	7871532	0.3325690000257	0.30585200603990276
165	36	19	0.21818181818181817	10274887	0.32272032443306137	0.3443354195588942
165	37	28	0.22424242424242424	13239366	0.36909708378023715	0.3763255117488795
165	38	31	0.23030303030303031	16775452	0.32250558058771134	0.3906254073245446
165	39	51	0.23636363636363636	20913491	0.42559195822902135	0.41968916664025174
165	40	64	0.24242424242424243	25672954	0.43506475506807435	0.45387757626521696
165	41	74	0.24848484848484848	30973747	0.4169536154114904	0.47641169310235043
165	42	100	0.2545454545454545	36808763	0.47413121451727824	0.5100557995062547
165	43	123	0.2606060606060606	43117358	0.4978548479817443	0.5425704480448114
165	44	153	0.26666666666666666	49749288	0.5367280987877664	0.5694266764078019
165	45	185	0.2727272727272727	56685565	0.5695725090898717	0.5967265404057899
165	46	241	0.2787878787878788	63644834	0.6608511580001207	0.6237692729629518
165	47	282	0.28484848484848485	70625817	0.696843726241264	0.6635165529801588
165	48	320	0.2909090909090909	77411184	0.7214330582958103	0.6954232730212725
165	49	349	0.296969696969697	84017218	0.7249480747646228	0.7318895676510221
165	50	335	0.30303030303030304	90299471	0.6474546760670391	0.7610787767695233
165	51	445	0.3090909090909091	96165944	0.8075854441984733	0.7889896508858185
165	52	491	0.3151515151515151	101618400	0.8432549716862014	0.832136708125555
165	53	512	0.3212121212121212	106644443	0.8378793778412957	0.8756050249936304
165	54	541	0.32727272727272727	111169571	0.8492999650761577	0.9158069902416555
165	55	641	0.3333333333333333	115082429	0.9720727764088128	0.9466629966370513
165	56	647	0.3393939393939394	118404206	0.9536454075310822	1.0051654148286193
165	57	699	0.34545454545454546	121212441	1.006421137145649	1.0411069996096933
165	58	742	0.3515151515151515	123316733	1.0501024351255674	1.0914237902729795
165	59	763	0.3575757575757576	124726042	1.0676211480462423	1.1327964538139816
165	60	804	0.36363636363636365	125427710	1.118696621255319	1.164918720094502
165	61	855	0.3696969696969697	125361164	1.1902902319643986	1.2154593727212832
165	62	895	0.37575757575757573	124518733	1.2544059726283472	1.267507352769825
165	63	919	0.38181818181818183	123000974	1.3039373689900289	1.3187958960306487
165	64	984	0.3878787878787879	120913425	1.4202681439196316	1.365606491999701
165	65	970	0.3939393939393939	118480236	1.4288136631401203	1.414820366768794
165	66	1012	0.4	115711356	1.5263505950221066	1.4580476128768247
165	67	954	0.40606060606060607	112736325	1.4768428068583483	1.4953480975253182
165	68	915	0.4121212121212121	109709719	1.4555454205522869	1.5407838948529742
165	69	933	0.41818181818181815	106758178	1.5252121679298474	1.5842872479350703
165	70	936	0.42424242424242425	103929199	1.5717665409583559	1.6152393028533323
165	71	910	0.4303030303030303	101161765	1.5699100337486673	1.6378452511785702
165	72	893	0.43636363636363634	98449019	1.5830325207119949	1.6561356034116315
165	73	940	0.44242424242424244	95812345	1.7122065528930053	1.6792622805869046
165	74	857	0.4484848484848485	93330146	1.6025391479298488	1.6909060158201468
165	75	855	0.45454545454545453	91008168	1.639590953823914	1.7183704184904012
165	76	861	0.46060606060606063	88791007	1.6923256652247578	1.7393675564022413
165	77	884	0.4666666666666667	86742555	1.7785653442378648	1.7421906179650135
165	78	798	0.4727272727272727	84850799	1.6413330931442127	1.7500326061231084
165	79	802	0.47878787878787876	83252728	1.6812243283928259	1.7629581194542947
165	80	828	0.48484848484848486	81893503	1.7645365521883765	1.7816605500997593
165	81	787	0.4909090909090909	80731920	1.7012934189198066	1.7935051237975377
165	82	788	0.49696969696969695	79685757	1.7258191577174953	1.8065947212197202
165	83	781	0.503030303030303	78650255	1.7330084076955148	1.8171951194440414
165	84	796	0.509090909090909	77246387	1.798393246642157	1.8365440693870358
165	85	778	0.5151515151515151	75075971	1.808541213236045	1.8759403001236168
165	86	781	0.5212121212121212	71821185	1.8977903689892641	1.9188785636705552
165	87	653	0.5272727272727272	67259287	1.6943795180973047	1.9491842762950875
165	88	683	0.5333333333333333	61672892	1.9327521295166266	1.9784734753199154
165	89	634	0.5393939393939394	55429569	1.996170012227143	2.0308195874102566
165	90	588	0.5454545454545454	49141037	2.088251393955803	2.0782665700489242
165	91	494	0.5515151515151515	43160640	1.997509455837058	2.118177025549444
165	92	439	0.5575757575757576	37783091	2.0277611906247	2.176763619078004
165	93	418	0.5636363636363636	33122941	2.202404884740367	2.2241821897795937
165	94	360	0.5696969696969697	29184027	2.152816697361442	2.2685090208853658
165	95	340	0.5757575757575758	25838768	2.2964494251673853	2.3055084632891796
165	96	298	0.5818181818181818	23019520	2.2592785100681767	2.352424883401903
165	97	282	0.5878787878787879	20600851	2.3889866242473965	2.413943013118095
165	98	266	0.593939393939394	18529097	2.505400458864381	2.4589630288586037
165	99	247	0.6	16715360	2.578879142297239	2.5251378563759452
165	100	214	0.6060606060606061	15136370	2.46741277485863	2.5421324152739793
165	101	215	0.6121212121212121	13730468	2.732768798415874	2.566328933450312
165	102	189	0.6181818181818182	12474278	2.6442112983588917	2.5624363397358847
165	103	146	0.6242424242424243	11328151	2.2492803917303217	2.566328933450312
165	104	152	0.6303030303030303	10265025	2.584242993000441	2.5847063387935707
165	105	130	0.6363636363636364	9292547	2.441509153291262	2.593966601687359
165	106	100	0.6424242424242425	8371757	2.0846500329702184	2.5845593568898177
165	107	119	0.6484848484848484	7511364	2.7648904209969984	2.5564938358384923
165	108	100	0.6545454545454545	6707173	2.6020177958834005	2.5620774148959296
165	109	84	0.6606060606060606	5955443	2.4615858375435162	2.50402854373634
165	110	69	0.6666666666666666	5252122	2.2927888231056652	2.478123718493551
165	111	55	0.6727272727272727	4622570	2.0764857921757294	2.4635392139820866
165	112	59	0.6787878787878788	4067149	2.5316968393782737	2.4129233697993695
165	113	34	0.6848484848484848	3574459	1.6600392932366388	2.353801260902588
165	114	45	0.6909090909090909	3132390	2.5071854327624896	2.3144566730118026
165	115	26	0.696969696969697	2768181	1.6391875067337904	2.2491963294345454
165	116	22	0.703030303030303	2456330	1.56309631496383	2.2071593526884783
165	117	29	0.7090909090909091	2179419	2.3222396504572593	2.1419733227943856
165	118	19	0.7151515151515152	1939864	1.7093542981121588	2.131758314864428
165	119	18	0.7212121212121212	1732295	1.8134284467093411	1.9841809305013463
165	120	20	0.7272727272727273	1548971	2.2533906065470117	1.8609334896369676
165	121	15	0.7333333333333333	1395718	1.8756135020901776	1.7992701395040167
165	122	8	0.7393939393939394	1252810	1.1144344956421903	1.7623432515285997
165	123	8	0.7454545454545455	1140174	1.2245277304038615	1.7114877130777097
165	124	8	0.7515151515151515	1045337	1.3356216038325368	1.6069315066923475
165	125	10	0.7575757575757576	959649	1.8186007077659285	1.5411407901046361
165	126	5	0.7636363636363637	886547	0.98427852703064	1.5207374139478904
165	127	13	0.7696969696969697	824220	2.7526435366636637	1.4963897645027264
165	128	10	0.7757575757575758	767310	2.2744631903752923	1.5093612264039782
165	129	6	0.7818181818181819	712171	1.4703364927301439	1.4963897645027264
165	130	5	0.7878787878787878	659582	1.3229729969942066	1.4449614636335366
165	131	5	0.793939393939394	609166	1.4324653301455315	1.3035194718852843
165	132	2	0.8	552170	0.6321308113830398	1.2641666802115108
165	133	3	0.806060606060606	481228	1.0879780585960492	1.2210147888915581
165	134	3	0.8121212121212121	414902	1.2619016181702178	1.1499512366471656
165	135	3	0.8181818181818182	351502	1.489509320521817	1.0621158295534052
165	136	3	0.8242424242424242	293403	1.7844585951134095	1.0196853965870785
165	137	3	0.8303030303030303	245761	2.130384825835099	1.0131359783797453
165	138	1	0.8363636363636363	200738	0.8694010852986805	0.9170096907813602
165	139	3	0.8424242424242424	160522	3.2616432961342348	0.30403185527966703
165	140	0	0.8484848484848485	126070	0.0	0.0
165	141	0	0.8545454545454545	97902	0.0	0.0
165	142	0	0.8606060606060606	76617	0.0	0.0
165	143	0	0.8666666666666667	56680	0.0	0.0
165	144	0	0.8727272727272727	43029	0.0	0.0
165	145	0	0.8787878787878788	32470	0.0	0.0
165	146	0	0.8848484848484849	23853	0.0	0.0
165	147	0	0.8909090909090909	16916	0.0	0.0
165	148	0	0.896969696969697	12318	0.0	0.0
165	149	0	0.9030303030303031	8493	0.0	0.0
165	150	0	0.9090909090909091	6112	0.0	0.0
165	151	0	0.9151515151515152	4613	0.0	0.0
165	152	0	0.9212121212121213	3114	0.0	0.0
165	153	0	0.9272727272727272	1780	0.0	0.0
165	154	0	0.9333333333333333	1434	0.0	0.0
165	155	0	0.9393939393939394	855	0.0	0.0
165	156	0	0.9454545454545454	620	0.0	0.0
165	157	0	0.9515151515151515	349	0.0	0.0
165	158	0	0.9575757575757575	171	0.0	0.0
165	159	0	0.9636363636363636	257	0.0	0.0
165	160	0	0.9696969696969697	118	0.0	0.0
165	161	0	0.9757575757575757	18	0.0	0.0
165	162	0	0.9818181818181818	15	0.0	0.0
165	163	0	0.9878787878787879	29	0.0	0.0
165	164	0	0.9939393939393939	18	0.0	0.0
165	165	0	1.0	11	0.0	0.0
166	0	0	0.0	87878	0.0	0.0
166	1	0	0.006024096385542169	71853	0.0	0.0
166	2	0	0.012048192771084338	82189	0.0	0.0
166	3	0	0.018072289156626505	90478	0.0	0.0
166	4	0	0.024096385542168676	90941	0.0	0.0
166	5	0	0.030120481927710843	103362	0.0	0.0
166	6	0	0.03614457831325301	107170	0.0	0.0
166	7	0	0.04216867469879518	115005	0.0	0.0
166	8	0	0.04819277108433735	117456	0.0	0.0
166	9	0	0.05421686746987952	121025	0.0	0.0
166	10	0	0.060240963855421686	125815	0.0	0.0
166	11	0	0.06626506024096386	122343	0.0	0.0
166	12	0	0.07228915662650602	125874	0.0	0.0
166	13	0	0.0783132530120482	132101	0.0	0.0
166	14	0	0.08433734939759036	136904	0.0	0.0
166	15	0	0.09036144578313253	146564	0.0	0.0
166	16	0	0.0963855421686747	153514	0.0	0.0
166	17	0	0.10240963855421686	163160	0.0	0.0
166	18	0	0.10843373493975904	173619	0.0	0.0
166	19	0	0.1144578313253012	192683	0.0	0.0
166	20	0	0.12048192771084337	212333	0.0	0.0
166	21	0	0.12650602409638553	237024	0.0	0.0
166	22	0	0.13253012048192772	262207	0.0	0.0
166	23	0	0.13855421686746988	303500	0.0	0.0
166	24	0	0.14457831325301204	362914	0.0	0.0
166	25	0	0.15060240963855423	437293	0.0	0.0
166	26	0	0.1566265060240964	548941	0.0	0.0
166	27	0	0.16265060240963855	706170	0.0	0.0
166	28	0	0.1686746987951807	917253	0.0	0.0
166	29	0	0.1746987951807229	1219778	0.0	0.0
166	30	0	0.18072289156626506	1646967	0.0	0.06844405483355381
166	31	0	0.18674698795180722	2235723	0.0	0.13670307601334963
166	32	5	0.1927710843373494	3039482	0.3038459791144468	0.19944604513589864
166	33	6	0.19879518072289157	4110968	0.269581583011321	0.24344142318420592
166	34	5	0.20481927710843373	5521028	0.16727580158817107	0.2639015702455814
166	35	11	0.21084337349397592	7314962	0.27775614493139145	0.2915566620008532
166	36	12	0.21686746987951808	9565172	0.23172427242267765	0.3305969800874598
166	37	27	0.22289156626506024	12361078	0.4034507083581205	0.36687560004138187
166	38	34	0.2289156626506024	15715106	0.3996176553423827	0.3827990434367865
166	39	52	0.23493975903614459	19656003	0.48864245679163065	0.41144869576392856
166	40	70	0.24096385542168675	24208736	0.534083290431616	0.45061458473491023
166	41	84	0.2469879518072289	29320440	0.5291659216602609	0.47013290077247966
166	42	107	0.25301204819277107	34955934	0.5653871478250808	0.5020470335549981
166	43	134	0.25903614457831325	41076271	0.602555219751855	0.527652572871772
166	44	156	0.26506024096385544	47571867	0.6056998517605162	0.5665707492742433
166	45	174	0.2710843373493976	54367946	0.5911386936213784	0.593478821499273
166	46	210	0.27710843373493976	61265179	0.633123819653101	0.6205098516699473
166	47	237	0.28313253012048195	68188669	0.641976599006221	0.6576438270845855
166	48	316	0.2891566265060241	74960199	0.778644852412606	0.6919362384660092
166	49	326	0.29518072289156627	81579076	0.7381113492356305	0.7187464742535186
166	50	372	0.30120481927710846	87903167	0.7816664693233502	0.7475233533492839
166	51	428	0.3072289156626506	93844658	0.8423979050068793	0.7834434618091316
166	52	461	0.3132530120481928	99366778	0.8569249395568199	0.8252447953027456
166	53	524	0.3192771084337349	104508058	0.92611426645847	0.856572231746536
166	54	552	0.3253012048192771	109133715	0.9342502087984208	0.9034758847344347
166	55	630	0.3313253012048193	113238657	1.0276113785121352	0.9403084940525497
166	56	638	0.3373493975903614	116681176	1.0099571454053395	0.9874604322993069
166	57	703	0.3433734939759036	119698555	1.084799515176082	1.0265536365004686
166	58	726	0.3493975903614458	122034198	1.0988492963178649	1.0663507664313692
166	59	782	0.35542168674698793	123670249	1.1679508925632651	1.1184318358892351
166	60	813	0.3614457831325301	124627348	1.2049256707739124	1.1506564002834123
166	61	896	0.3674698795180723	124849485	1.325575044742075	1.1941005614488773
166	62	870	0.37349397590361444	124287873	1.2929256812254581	1.26088493270235
166	63	850	0.3795180722891566	123054393	1.2758654242390621	1.303360242104525
166	64	933	0.3855421686746988	121173608	1.422186885024101	1.3394324236774378
166	65	942	0.39156626506024095	118879452	1.4636160839669319	1.3914372096865597
166	66	967	0.39759036144578314	116276515	1.5360930788287603	1.4357578047038222
166	67	949	0.4036144578313253	113399322	1.545748449345948	1.4842289612028918
166	68	960	0.40963855421686746	110401627	1.6061230853402322	1.5230438379765354
166	69	916	0.41566265060240964	107437641	1.5747879200183017	1.5631382841446146
166	70	979	0.42168674698795183	104627848	1.7282973500910226	1.6023160696267664
166	71	878	0.42771084337349397	101835523	1.5924957529943005	1.629048512100387
166	72	942	0.43373493975903615	99153063	1.7548008375734678	1.6479121612033787
166	73	911	0.4397590361445783	96515613	1.7434274060692363	1.6637330315270817
166	74	871	0.4457831325301205	93975356	1.7119348794320755	1.683480578992128
166	75	850	0.45180722891566266	91613455	1.7137312999430627	1.7093675079921553
166	76	877	0.4578313253012048	89357783	1.8128015889180606	1.73321192756206
166	77	833	0.463855421686747	87255966	1.7633273170437052	1.7394366352740045
166	78	766	0.46987951807228917	85290280	1.6588697759386049	1.7416405328590259
166	79	796	0.4759036144578313	83546052	1.7598279087931687	1.758778164244871
166	80	764	0.4819277108433735	82090594	1.7190282959777903	1.773757782167272
166	81	764	0.4879518072289157	80823607	1.7459757013767598	1.7858234258932442
166	82	741	0.4939759036144578	79730194	1.7166369337052814	1.7958268996476374
166	83	752	0.5	78718471	1.7645105352379982	1.8075052040198796
166	84	741	0.5060240963855421	77544205	1.7650293242659099	1.8221775827564934
166	85	714	0.5120481927710844	75801593	1.7398144927734862	1.84814083183123
166	86	726	0.5180722891566265	73193503	1.832091471274643	1.8928445206940574
166	87	696	0.5240963855421686	69317326	1.8546010602496492	1.9246989504498093
166	88	642	0.5301204819277109	64279840	1.8447745816251349	1.9607519155389834
166	89	606	0.536144578313253	58366840	1.9177390342879161	2.0028517645146975
166	90	576	0.5421686746987951	52128610	2.0409360823220277	2.047853457479393
166	91	502	0.5481927710843374	45996463	2.015869180697437	2.099309335864406
166	92	473	0.5542168674698795	40347508	2.165346934286591	2.152535898313744
166	93	392	0.5602409638554217	35339253	2.048857561544772	2.2077984274995868
166	94	353	0.5662650602409639	31071810	2.098414206669197	2.2439114353227665
166	95	374	0.572289156626506	27428364	2.5185742738774763	2.2900741977865513
166	96	294	0.5783132530120482	24360488	2.2291762708651537	2.335826977742737
166	97	257	0.5843373493975904	21765214	2.1809878530274904	2.3812019750347595
166	98	265	0.5903614457831325	19520638	2.5074652973642078	2.436461256382123
166	99	246	0.5963855421686747	17593404	2.5826663053439947	2.5076851707540295
166	100	230	0.6024096385542169	15916739	2.6690505936783846	2.540272543455278
166	101	216	0.608433734939759	14429036	2.765027781575972	2.563098525567804
166	102	186	0.6144578313253012	13115110	2.619534193431501	2.5729790573380216
166	103	170	0.6204819277108434	11931968	2.6316001740773234	2.56123845543009
166	104	157	0.6265060240963856	10822945	2.679398229107617	2.5759639621366635
166	105	118	0.6325301204819277	9820430	2.219394819703556	2.585629388531718
166	106	111	0.6385542168674698	8879099	2.3090702481472904	2.5729790573380216
166	107	100	0.6445783132530121	7996840	2.3097483113098094	2.5624291749164976
166	108	97	0.6506024096385542	7162648	2.5013887399241588	2.5457983063845173
166	109	86	0.6566265060240963	6392309	2.484984910742061	2.5413568371920494
166	110	67	0.6626506024096386	5661900	2.185725772178222	2.495965149233484
166	111	62	0.6686746987951807	4991608	2.294215884982382	2.473715037493247
166	112	51	0.6746987951807228	4396568	2.1425918397635417	2.456023678027448
166	113	49	0.6807228915662651	3868173	2.339770472015916	2.408447978912752
166	114	45	0.6867469879518072	3400637	2.4441919142256676	2.332407955783935
166	115	36	0.6927710843373494	2984723	2.2278273618333446	2.2873210230127774
166	116	35	0.6987951807228916	2648437	2.4409644971865134	2.243935696223403
166	117	21	0.7048192771084337	2350463	1.6502469573105787	2.1996007118520744
166	118	32	0.7108433734939759	2088715	2.829787720900514	2.152957785412481
166	119	15	0.7168674698795181	1862262	1.4877622766679504	2.0937451379996785
166	120	18	0.7228915662650602	1666829	1.994639992132758	2.0011343363220138
166	121	17	0.7289156626506024	1493185	2.1028987744911083	1.8446329734544382
166	122	6	0.7349397590361446	1346593	0.8229964518966638	1.7942848157598656
166	123	17	0.7409638554216867	1212795	2.589074746011078	1.7562031886403855
166	124	7	0.7469879518072289	1106583	1.1684149657161114	1.668546981559383
166	125	4	0.7530120481927711	1016646	0.726730353960562	1.5608332759496097
166	126	4	0.7590361445783133	933163	0.7917453943551014	1.5417655174527718
166	127	12	0.7650602409638554	865322	2.561454027862193	1.5142352688364995
166	128	11	0.7710843373493976	804210	2.5264242491881737	1.483899033369211
166	129	1	0.7771084337349398	748914	0.24663296033743176	1.5097965161881277
166	130	9	0.7831325301204819	695496	2.3901818151697873	1.483899033369211
166	131	6	0.7891566265060241	644034	1.720780674853943	1.4471634617976692
166	132	3	0.7951807228915663	593593	0.9335026366120256	1.2710399667109402
166	133	2	0.8012048192771084	535326	0.6900725048219117	1.2499984575231287
166	134	3	0.8072289156626506	464258	1.1935618353898956	1.2499984575231287
166	135	2	0.8132530120481928	399981	0.9235782542578141	1.1736040207642262
166	136	3	0.8192771084337349	337312	1.6427539802154745	1.1026734649360257
166	137	3	0.8253012048192772	281265	1.9701016144008041	1.0541278724008025
166	138	0	0.8313253012048193	235794	0.0	1.0207620712927314
166	139	1	0.8373493975903614	191012	0.9669909579405868	0.8836219378617924
166	140	0	0.8433734939759037	152708	0.0	0.0
166	141	1	0.8493975903614458	120172	1.5370209105128263	0.0
166	142	0	0.8554216867469879	93037	0.0	0.0
166	143	0	0.8614457831325302	72872	0.0	0.0
166	144	0	0.8674698795180723	53602	0.0	0.0
166	145	0	0.8734939759036144	40968	0.0	0.0
166	146	0	0.8795180722891566	30945	0.0	0.0
166	147	0	0.8855421686746988	22483	0.0	0.0
166	148	0	0.891566265060241	16125	0.0	0.0
166	149	0	0.8975903614457831	11590	0.0	0.0
166	150	0	0.9036144578313253	8037	0.0	0.0
166	151	0	0.9096385542168675	5872	0.0	0.0
166	152	0	0.9156626506024096	4391	0.0	0.0
166	153	0	0.9216867469879518	2948	0.0	0.0
166	154	0	0.927710843373494	1670	0.0	0.0
166	155	0	0.9337349397590361	1384	0.0	0.0
166	156	0	0.9397590361445783	817	0.0	0.0
166	157	0	0.9457831325301205	590	0.0	0.0
166	158	0	0.9518072289156626	333	0.0	0.0
166	159	0	0.9578313253012049	159	0.0	0.0
166	160	0	0.963855421686747	256	0.0	0.0
166	161	0	0.9698795180722891	110	0.0	0.0
166	162	0	0.9759036144578314	16	0.0	0.0
166	163	0	0.9819277108433735	15	0.0	0.0
166	164	0	0.9879518072289156	29	0.0	0.0
166	165	0	0.9939759036144579	18	0.0	0.0
166	166	0	1.0	10	0.0	0.0
167	0	0	0.0	86845	0.0	0.0
167	1	0	0.005988023952095809	71046	0.0	0.0
167	2	0	0.011976047904191617	81293	0.0	0.0
167	3	0	0.017964071856287425	89659	0.0	0.0
167	4	0	0.023952095808383235	90038	0.0	0.0
167	5	0	0.029940119760479042	102144	0.0	0.0
167	6	0	0.03592814371257485	105984	0.0	0.0
167	7	0	0.041916167664670656	113649	0.0	0.0
167	8	0	0.04790419161676647	116513	0.0	0.0
167	9	0	0.05389221556886228	119691	0.0	0.0
167	10	0	0.059880239520958084	124529	0.0	0.0
167	11	0	0.0658682634730539	121236	0.0	0.0
167	12	0	0.0718562874251497	124152	0.0	0.0
167	13	0	0.07784431137724551	130453	0.0	0.0
167	14	0	0.08383233532934131	134905	0.0	0.0
167	15	0	0.08982035928143713	144586	0.0	0.0
167	16	0	0.09580838323353294	150516	0.0	0.0
167	17	0	0.10179640718562874	160522	0.0	0.0
167	18	0	0.10778443113772455	170121	0.0	0.0
167	19	0	0.11377245508982035	188105	0.0	0.0
167	20	0	0.11976047904191617	207185	0.0	0.0
167	21	0	0.12574850299401197	230810	0.0	0.0
167	22	0	0.1317365269461078	254333	0.0	0.0
167	23	0	0.1377245508982036	292304	0.0	0.0
167	24	0	0.1437125748502994	348196	0.0	0.0
167	25	0	0.1497005988023952	416804	0.0	0.0
167	26	0	0.15568862275449102	518971	0.0	0.0
167	27	1	0.16167664670658682	663829	0.28104831813088016	0.0
167	28	1	0.16766467065868262	859583	0.21704480425567288	0.0
167	29	1	0.17365269461077845	1136429	0.16417041801687923	0.0
167	30	1	0.17964071856287425	1528173	0.12208566960449116	0.0
167	31	0	0.18562874251497005	2070160	0.0	0.13241943117210828
167	32	3	0.19161676646706588	2815353	0.19880422523552543	0.19111657179776237
167	33	5	0.19760479041916168	3802425	0.24532768427582932	0.2298604239302483
167	34	9	0.20359281437125748	5122257	0.32780710061766455	0.26022027606564885
167	35	9	0.20958083832335328	6792751	0.24719178073633738	0.28898747551700543
167	36	12	0.2155688622754491	8905038	0.251410076825955	0.32933214314295517
167	37	7	0.2215568862275449	11534829	0.11322024521000947	0.36340312295317195
167	38	29	0.2275449101796407	14711102	0.36778160435014434	0.382810489526042
167	39	43	0.23353293413173654	18462642	0.4345220489564643	0.41231719530774613
167	40	52	0.23952095808383234	22810976	0.4253012780679884	0.449459368477682
167	41	67	0.24550898203592814	27738493	0.45063939149202414	0.4688027597245434
167	42	78	0.25149700598802394	33168481	0.43873899049423803	0.4980821950492908
167	43	120	0.25748502994011974	39110638	0.5724315434890244	0.5238933282137137
167	44	135	0.2634730538922156	45448508	0.5541806396995045	0.5621205674683213
167	45	146	0.2694610778443114	52108514	0.5227347588643497	0.582514296416764
167	46	209	0.2754491017964072	58915151	0.6618453207578021	0.6176090683041499
167	47	225	0.281437125748503	65797006	0.6379895978050036	0.6564714046312602
167	48	237	0.2874251497005988	72534387	0.6095953038443885	0.6888705248180919
167	49	299	0.2934131736526946	79151939	0.7047690792385353	0.7069703367260323
167	50	346	0.2994011976047904	85516955	0.754850734522416	0.7386066926446164
167	51	395	0.30538922155688625	91527430	0.8051615725550154	0.776191321548895
167	52	408	0.31137724550898205	97113690	0.7838210429694686	0.8149347222528309
167	53	464	0.31736526946107785	102345225	0.8458388080645471	0.8504806282209432
167	54	533	0.32335329341317365	107090187	0.9285702039111824	0.8891761735422901
167	55	493	0.32934131736526945	111340389	0.8260976690176328	0.9290072291538476
167	56	591	0.33532934131736525	114944182	0.9592630114163926	0.9737380785582472
167	57	641	0.3413173652694611	118115411	1.0124851817087535	1.0178933903498768
167	58	632	0.3473053892215569	120685206	0.9770128009985793	1.061460447667796
167	59	704	0.3532934131736527	122539743	1.071847269007728	1.1036489983239275
167	60	705	0.3592814371257485	123731243	1.063033504831398	1.1416232367212202
167	61	801	0.3652694610778443	124240548	1.2028358664771808	1.1839891164043026
167	62	823	0.3712574850299401	123951421	1.238755332483545	1.2481709207853255
167	63	795	0.3772455089820359	122999971	1.205866780743556	1.288819759218629
167	64	802	0.38323353293413176	121355068	1.232973271698519	1.324289844575346
167	65	829	0.38922155688622756	119235350	1.297139580472753	1.3718311602776763
167	66	869	0.39520958083832336	116759997	1.3885544450260823	1.4247482209745164
167	67	921	0.40119760479041916	114020630	1.5070005321173916	1.4613215350975326
167	68	864	0.40718562874251496	111095852	1.4509522166111073	1.505108549616736
167	69	863	0.41317365269461076	108120962	1.48914883583558	1.5498000772899392
167	70	841	0.41916167664670656	105291549	1.4901833020258817	1.5851075200290792
167	71	852	0.4251497005988024	102534640	1.5502659045565619	1.6129384212175326
167	72	862	0.4311377245508982	99830959	1.6109395149429198	1.6350679943623174
167	73	816	0.437125748502994	97203988	1.5661858190923947	1.652982227206843
167	74	802	0.4431137724550898	94646933	1.5809023122720336	1.6766575269368988
167	75	821	0.4491017964071856	92228526	1.660791452795308	1.6902383210476026
167	76	770	0.4550898203592814	89947281	1.597128638740154	1.7166785045996409
167	77	770	0.46107784431137727	87792430	1.636329902953001	1.7366695716719127
167	78	772	0.46706586826347307	85777562	1.6791164396798912	1.7391805578037984
167	79	764	0.47305389221556887	83927985	1.6983366194011342	1.7475279209476213
167	80	675	0.47904191616766467	82350644	1.5292341391299895	1.7652934337070931
167	81	691	0.48502994011976047	80983002	1.5919205436193178	1.7797976601918033
167	82	674	0.49101796407185627	79824602	1.5752893845955378	1.7919247491385666
167	83	698	0.49700598802395207	78769489	1.653235058254597	1.8025371169893796
167	84	709	0.5029940119760479	77711761	1.7021455606872862	1.8113231450124079
167	85	700	0.5089820359281437	76269096	1.712326795948294	1.8342981078417475
167	86	651	0.5149700598802395	74153945	1.6378870147596885	1.8730304733500218
167	87	700	0.5209580838323353	70978061	1.839971604515272	1.9098971341300472
167	88	615	0.5269461077844312	66568569	1.7236262769228223	1.9415187730484667
167	89	576	0.5329341317365269	61101185	1.7587741025066261	1.9704386833362946
167	90	574	0.5389221556886228	55073306	1.9445000407731712	2.029166412939271
167	91	515	0.5449101796407185	48903011	1.9647569829166467	2.0840501665503717
167	92	446	0.5508982035928144	43053244	1.9327077581777767	2.1328758196853643
167	93	429	0.5568862275449101	37726618	2.1215175525651477	2.182414169944054
167	94	361	0.562874251497006	33132907	2.032754223935677	2.22143016647083
167	95	333	0.5688622754491018	29172924	2.1296169003894105	2.2692871955787366
167	96	288	0.5748502994011976	25830816	2.0801352502852857	2.3056598206593435
167	97	265	0.5808383233532934	23010405	2.148616087103794	2.357407391252222
167	98	242	0.5868263473053892	20605712	2.191113891250833	2.435605505994872
167	99	219	0.592814371257485	18522988	2.205821072218715	2.4900009695627254
167	100	195	0.5988023952095808	16732463	2.1742623710220244	2.530906174371205
167	101	162	0.6047904191616766	15174028	1.991825762031918	2.544343185189676
167	102	179	0.6107784431137725	13773114	2.4247004919725654	2.570701886849672
167	103	171	0.6167664670658682	12543935	2.5433113373101977	2.5647631320936486
167	104	130	0.6227544910179641	11411250	2.125432631564949	2.5684412376615136
167	105	132	0.6287425149700598	10351587	2.3790534886002055	2.5861010446228923
167	106	114	0.6347305389221557	9392566	2.264424304638526	2.586650594316087
167	107	99	0.6407185628742516	8486787	2.176351824745207	2.5845684286180783
167	108	92	0.6467065868263473	7636138	2.2477668954959134	2.5553919668823193
167	109	94	0.6526946107784432	6830990	2.5673283453483875	2.5525283822419342
167	110	79	0.6586826347305389	6089013	2.420568636352693	2.5350833484212933
167	111	62	0.6646706586826348	5383381	2.148690105073977	2.4891051275806646
167	112	64	0.6706586826347305	4744289	2.51678460871508	2.464239487838996
167	113	55	0.6766467065868264	4184752	2.452054821577891	2.4393529859841214
167	114	43	0.6826347305389222	3681288	2.1792440664761017	2.380428207723941
167	115	30	0.688622754491018	3234430	1.7304565933704303	2.317397786566232
167	116	33	0.6946107784431138	2850886	2.1595899629885706	2.2670184608945405
167	117	30	0.7005988023952096	2533920	2.208846656285566	2.223437665934946
167	118	23	0.7065868263473054	2250858	1.9064128218926264	2.138650844289828
167	119	19	0.7125748502994012	2002390	1.7702807422897524	2.128451681162376
167	120	28	0.718562874251497	1791189	2.9164452614113383	2.012071640411724
167	121	19	0.7245508982035929	1604407	2.209409741763516	1.9053018757836317
167	122	10	0.7305389221556886	1440742	1.2949440217367443	1.7883637910356471
167	123	10	0.7365269461077845	1300174	1.4349465838918796	1.7551907588805988
167	124	10	0.7425149700598802	1175660	1.5869215927777085	1.7076066802493535
167	125	6	0.7485029940119761	1073377	1.042884414198389	1.6581143527970472
167	126	4	0.7544910179640718	989717	0.7540257426173504	1.5442064485216644
167	127	4	0.7604790419161677	908263	0.8216475799476762	1.5187979621914118
167	128	2	0.7664670658682635	844789	0.4416914140134497	1.4818389594743406
167	129	4	0.7724550898203593	785147	0.9504871010218675	1.4940686698494496
167	130	6	0.7784431137724551	730933	1.531478458161041	1.5070200113304884
167	131	5	0.7844311377245509	678931	1.3739836888910955	1.4811013144660123
167	132	7	0.7904191616766467	629110	2.075910679905785	1.4261924158770234
167	133	6	0.7964071856287425	577559	1.9381710679930957	1.2490708745707972
167	134	5	0.8023952095808383	518710	1.7983846848576668	1.2476374017823182
167	135	0	0.8083832335329342	447634	0.0	1.1983303437948627
167	136	1	0.8143712574850299	386286	0.4829789947771963	1.1775150318113188
167	137	1	0.8203592814371258	322633	0.5782670215895586	1.1481675130945002
167	138	5	0.8263473053892215	270113	3.453518045716127	1.056722060430862
167	139	3	0.8323353293413174	225816	2.478584652679669	1.0075565637783312
167	140	1	0.8383233532934131	181904	1.0256400297767176	0.8264571569507395
167	141	1	0.844311377245509	145372	1.2833834849661838	0.0
167	142	1	0.8502994011976048	114254	1.6329233460229318	0.0
167	143	0	0.8562874251497006	88681	0.0	0.0
167	144	1	0.8622754491017964	69040	2.7023178443873705	0.0
167	145	1	0.8682634730538922	50868	3.667689391690337	0.0
167	146	0	0.874251497005988	39043	0.0	0.0
167	147	0	0.8802395209580839	29403	0.0	0.0
167	148	0	0.8862275449101796	21299	0.0	0.0
167	149	0	0.8922155688622755	15298	0.0	0.0
167	150	0	0.8982035928143712	10900	0.0	0.0
167	151	0	0.9041916167664671	7662	0.0	0.0
167	152	0	0.9101796407185628	5633	0.0	0.0
167	153	0	0.9161676646706587	4164	0.0	0.0
167	154	0	0.9221556886227545	2769	0.0	0.0
167	155	0	0.9281437125748503	1589	0.0	0.0
167	156	0	0.9341317365269461	1330	0.0	0.0
167	157	0	0.9401197604790419	787	0.0	0.0
167	158	0	0.9461077844311377	563	0.0	0.0
167	159	0	0.9520958083832335	309	0.0	0.0
167	160	0	0.9580838323353293	153	0.0	0.0
167	161	0	0.9640718562874252	255	0.0	0.0
167	162	0	0.9700598802395209	102	0.0	0.0
167	163	0	0.9760479041916168	14	0.0	0.0
167	164	0	0.9820359281437125	15	0.0	0.0
167	165	0	0.9880239520958084	29	0.0	0.0
167	166	0	0.9940119760479041	18	0.0	0.0
167	167	0	1.0	9	0.0	0.0
168	0	0	0.0	85818	0.0	0.0
168	1	0	0.005952380952380952	70252	0.0	0.0
168	2	0	0.011904761904761904	80444	0.0	0.0
168	3	0	0.017857142857142856	88789	0.0	0.0
168	4	0	0.023809523809523808	89202	0.0	0.0
168	5	0	0.02976190476190476	100919	0.0	0.0
168	6	0	0.03571428571428571	104852	0.0	0.0
168	7	0	0.041666666666666664	112255	0.0	0.0
168	8	0	0.047619047619047616	115651	0.0	0.0
168	9	0	0.05357142857142857	118349	0.0	0.0
168	10	0	0.05952380952380952	123258	0.0	0.0
168	11	0	0.06547619047619048	120082	0.0	0.0
168	12	0	0.07142857142857142	122629	0.0	0.0
168	13	0	0.07738095238095238	128729	0.0	0.0
168	14	0	0.08333333333333333	133070	0.0	0.0
168	15	0	0.08928571428571429	142456	0.0	0.0
168	16	0	0.09523809523809523	148002	0.0	0.0
168	17	0	0.10119047619047619	157567	0.0	0.0
168	18	0	0.10714285714285714	166945	0.0	0.0
168	19	0	0.1130952380952381	183694	0.0	0.0
168	20	0	0.11904761904761904	202380	0.0	0.0
168	21	0	0.125	224788	0.0	0.0
168	22	0	0.13095238095238096	247135	0.0	0.0
168	23	0	0.13690476190476192	281683	0.0	0.0
168	24	0	0.14285714285714285	334186	0.0	0.0
168	25	0	0.1488095238095238	398624	0.0	0.0
168	26	0	0.15476190476190477	490841	0.0	0.0
168	27	0	0.16071428571428573	625282	0.0	0.0
168	28	0	0.16666666666666666	806214	0.0	0.0
168	29	2	0.17261904761904762	1059877	0.3916265437810546	0.0
168	30	0	0.17857142857142858	1419229	0.0	0.0
168	31	1	0.18452380952380953	1919530	0.10811916623940047	0.1130271909258501
168	32	2	0.19047619047619047	2606134	0.15926885046702619	0.1800387762562458
168	33	3	0.19642857142857142	3519972	0.1768803699332123	0.22714438981630664
168	34	8	0.20238095238095238	4748081	0.3496789261539833	0.2570282388920511
168	35	10	0.20833333333333334	6309538	0.32892738449553105	0.28359623805740114
168	36	11	0.21428571428571427	8286344	0.275503625590089	0.3196419268081311
168	37	15	0.22023809523809523	10762172	0.2892603600437482	0.3515679719101166
168	38	29	0.2261904761904762	13758026	0.43746112356336414	0.3828481700063237
168	39	31	0.23214285714285715	17333411	0.37117203753589	0.40601138092337974
168	40	48	0.23809523809523808	21477918	0.4638169859961654	0.4474112851248487
168	41	57	0.24404761904761904	26221742	0.4511395558989344	0.4648383584936062
168	42	79	0.25	31456797	0.5212069324969671	0.4966525724547289
168	43	95	0.25595238095238093	37204909	0.5299329828032655	0.5237366752176568
168	44	100	0.2619047619047619	43392281	0.47828318398730046	0.557482446192299
168	45	142	0.26785714285714285	49904015	0.5905415347914457	0.5817340064572682
168	46	170	0.27380952380952384	56612994	0.6232042265625058	0.6153530946543556
168	47	185	0.27976190476190477	63426405	0.6053397932096346	0.6467311324873508
168	48	214	0.2857142857142857	70146711	0.6331462696619449	0.680917951884067
168	49	276	0.2916666666666667	76746452	0.7463600187711418	0.7062285309950623
168	50	315	0.2976190476190476	83136279	0.7863530276478656	0.7352705536944457
168	51	349	0.30357142857142855	89206705	0.811942960194071	0.7628712088647591
168	52	373	0.30952380952380953	94864064	0.8160273180260929	0.7991821539388841
168	53	422	0.31547619047619047	100170846	0.8743165541237411	0.8352440186600999
168	54	455	0.32142857142857145	105028660	0.899085852785706	0.8756813404357162
168	55	467	0.3273809523809524	109406364	0.8858738614245344	0.9154243865892542
168	56	539	0.3333333333333333	113174748	0.988409295414975	0.9513483710143849
168	57	565	0.3392857142857143	116487918	1.0066190769407242	1.0091319232808214
168	58	566	0.34523809523809523	119255514	0.9849984670317072	1.0362052801313522
168	59	628	0.35119047619047616	121339382	1.0741265637211856	1.0817534434446392
168	60	660	0.35714285714285715	122772172	1.1156849851381698	1.1275690641297471
168	61	701	0.3630952380952381	123517415	1.1778430288816601	1.1585408730894442
168	62	717	0.36904761904761907	123526389	1.204639228416021	1.2196344466292406
168	63	775	0.375	122842750	1.309331946394274	1.267565771938961
168	64	751	0.38095238095238093	121441495	1.283424791186973	1.3103233803295058
168	65	761	0.3869047619047619	119545017	1.3211458675314254	1.347221805001487
168	66	805	0.39285714285714285	117186482	1.4256599703459885	1.3936705119545334
168	67	785	0.39880952380952384	114572565	1.4219574885980808	1.43973143947775
168	68	788	0.40476190476190477	111760512	1.4633069213136294	1.4941031881671991
168	69	793	0.4107142857142857	108808088	1.5125495142880603	1.535830963693385
168	70	801	0.4166666666666667	105950971	1.569008032218833	1.5702599827793866
168	71	791	0.4226190476190476	103209840	1.590570673190361	1.6015617134687752
168	72	752	0.42857142857142855	100515383	1.552683367330753	1.6242399329988815
168	73	771	0.43452380952380953	97885542	1.634682525691477	1.6409991557672685
168	74	703	0.44047619047619047	95321936	1.530594197851542	1.6637577634799436
168	75	691	0.44642857142857145	92859475	1.5443630967278013	1.6848187056181414
168	76	723	0.4523809523809524	90558156	1.6569458617620962	1.6984537359112668
168	77	704	0.4583333333333333	88344610	1.653827439531937	1.7205280494171813
168	78	692	0.4642857142857143	86286424	1.664413446484807	1.7404495874613173
168	79	687	0.47023809523809523	84376073	1.6897988892992424	1.743084997912397
168	80	649	0.47619047619047616	82674357	1.6291889766776675	1.7510731822917744
168	81	676	0.48214285714285715	81231243	1.7271147337231452	1.768990120747291
168	82	681	0.4880952380952381	79938713	1.7680215409497857	1.7821495995862937
168	83	668	0.49404761904761907	78869127	1.7577901269095189	1.7943167364821753
168	84	650	0.5	77799737	1.7339350268174514	1.8083948925882418
168	85	619	0.5059523809523809	76561271	1.6779503514664569	1.8222771214201712
168	86	629	0.5119047619047619	74816958	1.744810199512306	1.8428684523761285
168	87	657	0.5178571428571429	72239412	1.8875078183594058	1.8825138550926475
168	88	618	0.5238095238095238	68485797	1.8727747827771815	1.9184441651158342
168	89	591	0.5297619047619048	63598534	1.9285813735009394	1.953874871072567
168	90	548	0.5357142857142857	57881990	1.96487395782334	1.9964502146436343
168	91	468	0.5416666666666666	51815975	1.8744755092279877	2.053192755000385
168	92	430	0.5476190476190477	45843592	1.9466479145820872	2.1013533670647178
168	93	420	0.5535714285714286	40284872	2.163739106134851	2.155370890989822
168	94	354	0.5595238095238095	35338345	2.079000758035409	2.1989714701342473
168	95	375	0.5654761904761905	31084583	2.5037087899592754	2.2454759416568133
168	96	318	0.5714285714285714	27434270	2.405643694858373	2.294370199397152
168	97	280	0.5773809523809523	24367787	2.384731748025563	2.3274369446629737
168	98	242	0.5833333333333334	21770365	2.3069981567836355	2.383884251015456
168	99	233	0.5892857142857143	19526210	2.4764841758315272	2.456636494421388
168	100	208	0.5952380952380952	17600127	2.45270392081122	2.501067555970412
168	101	201	0.6011904761904762	15950147	2.615344837729382	2.539245957512765
168	102	182	0.6071428571428571	14476095	2.609261194902077	2.5480645380563014
168	103	157	0.6130952380952381	13168887	2.474276175194462	2.5668528150079477
168	104	149	0.6190476190476191	12007434	2.575334537966725	2.5607011890409774
168	105	121	0.625	10914537	2.3007935163675275	2.5680461446095277
168	106	118	0.6309523809523809	9905187	2.4723896695982557	2.591297214224213
168	107	109	0.6369047619047619	8984072	2.517971824546296	2.589555545244357
168	108	113	0.6428571428571429	8112768	2.890726333895084	2.5607011890409774
168	109	89	0.6488095238095238	7290007	2.5337260310264393	2.5513788204028196
168	110	93	0.6547619047619048	6513099	2.9634176349769943	2.5578953145673737
168	111	78	0.6607142857142857	5800759	2.790662857632644	2.506671691425307
168	112	70	0.6666666666666666	5115632	2.8398561159219717	2.479273961448369
168	113	56	0.6726190476190477	4514128	2.5746117650197156	2.4614074016830663
168	114	39	0.6785714285714286	3983804	2.0317217773989737	2.413727414316165
168	115	33	0.6845238095238095	3501776	1.955794272580554	2.343644739376535
168	116	33	0.6904761904761905	3082239	2.222005965358313	2.2923349422228223
168	117	18	0.6964285714285714	2725971	1.3704047831349986	2.224574274944809
168	118	23	0.7023809523809523	2426022	1.967572269725863	2.1434763933141614
168	119	21	0.7083333333333334	2155201	2.0222232852536	2.121144141267184
168	120	8	0.7142857142857143	1923217	0.8632951275764157	2.0932889080055714
168	121	32	0.7202380952380952	1723109	3.854205080171089	1.943507947572175
168	122	23	0.7261904761904762	1546900	3.085767414147571	1.8486764988748023
168	123	9	0.7321428571428571	1389916	1.3438523252798353	1.766172629213245
168	124	7	0.7380952380952381	1256863	1.155866536130521	1.760052871660685
168	125	7	0.7440476190476191	1140581	1.2737068934171398	1.6888629778695314
168	126	6	0.75	1041777	1.1952921777204704	1.6529864205056601
168	127	9	0.7559523809523809	963529	1.9385424294895615	1.5471566249851911
168	128	4	0.7619047619047619	885211	0.937801193936887	1.5467744248659268
168	129	7	0.7678571428571429	825616	1.7596144965705787	1.5451451426420506
168	130	2	0.7738095238095238	765292	0.5423759379988721	1.5305372638014272
168	131	4	0.7797619047619048	713972	1.1627233738662939	1.5451451426420506
168	132	3	0.7857142857142857	663005	0.9390788146613513	1.4809481228398234
168	133	6	0.7916666666666666	613997	2.028068376602978	1.4144625817962115
168	134	2	0.7976190476190477	561836	0.7387849236129989	1.255611168331357
168	135	5	0.8035714285714286	501845	2.067749834824661	1.247504010703503
168	136	2	0.8095238095238095	432661	0.9593560925136141	1.1835419613636242
168	137	2	0.8154761904761905	371249	1.1180527525812403	1.176176618001559
168	138	1	0.8214285714285714	309427	0.6707171099209713	1.0639460680727326
168	139	1	0.8273809523809523	259217	0.8006341527427461	1.0612131027100122
168	140	1	0.8333333333333334	216188	0.9599884506610747	0.971592033600228
168	141	1	0.8392857142857143	172952	1.1999744621138604	0.7911426236696262
168	142	1	0.8452380952380952	138621	1.4971612033639665	0.0
168	143	1	0.8511904761904762	108570	1.9115592076219619	0.0
168	144	0	0.8571428571428571	84616	0.0	0.0
168	145	0	0.8630952380952381	65331	0.0	0.0
168	146	0	0.8690476190476191	48423	0.0	0.0
168	147	0	0.875	37035	0.0	0.0
168	148	0	0.8809523809523809	28053	0.0	0.0
168	149	0	0.8869047619047619	20156	0.0	0.0
168	150	0	0.8928571428571429	14481	0.0	0.0
168	151	0	0.8988095238095238	10273	0.0	0.0
168	152	0	0.9047619047619048	7320	0.0	0.0
168	153	0	0.9107142857142857	5409	0.0	0.0
168	154	0	0.9166666666666666	3917	0.0	0.0
168	155	0	0.9226190476190477	2596	0.0	0.0
168	156	0	0.9285714285714286	1539	0.0	0.0
168	157	0	0.9345238095238095	1270	0.0	0.0
168	158	0	0.9404761904761905	763	0.0	0.0
168	159	0	0.9464285714285714	534	0.0	0.0
168	160	0	0.9523809523809523	284	0.0	0.0
168	161	0	0.9583333333333334	150	0.0	0.0
168	162	0	0.9642857142857143	254	0.0	0.0
168	163	0	0.9702380952380952	94	0.0	0.0
168	164	0	0.9761904761904762	12	0.0	0.0
168	165	0	0.9821428571428571	15	0.0	0.0
168	166	0	0.9880952380952381	29	0.0	0.0
168	167	0	0.9940476190476191	18	0.0	0.0
168	168	0	1.0	8	0.0	0.0
169	0	0	0.0	84805	0.0	0.0
169	1	0	0.005917159763313609	69488	0.0	0.0
169	2	0	0.011834319526627219	79573	0.0	0.0
169	3	0	0.01775147928994083	87934	0.0	0.0
169	4	0	0.023668639053254437	88419	0.0	0.0
169	5	0	0.029585798816568046	99640	0.0	0.0
169	6	0	0.03550295857988166	103824	0.0	0.0
169	7	0	0.04142011834319527	110833	0.0	0.0
169	8	0	0.047337278106508875	114722	0.0	0.0
169	9	0	0.05325443786982249	117173	0.0	0.0
169	10	0	0.05917159763313609	121867	0.0	0.0
169	11	0	0.0650887573964497	119149	0.0	0.0
169	12	0	0.07100591715976332	121115	0.0	0.0
169	13	0	0.07692307692307693	127001	0.0	0.0
169	14	0	0.08284023668639054	131138	0.0	0.0
169	15	0	0.08875739644970414	140553	0.0	0.0
169	16	0	0.09467455621301775	145575	0.0	0.0
169	17	0	0.10059171597633136	154784	0.0	0.0
169	18	0	0.10650887573964497	163637	0.0	0.0
169	19	0	0.11242603550295859	179899	0.0	0.0
169	20	0	0.11834319526627218	197168	0.0	0.0
169	21	0	0.1242603550295858	219422	0.0	0.0
169	22	0	0.1301775147928994	240311	0.0	0.0
169	23	0	0.13609467455621302	271768	0.0	0.0
169	24	0	0.14201183431952663	321171	0.0	0.0
169	25	0	0.14792899408284024	381872	0.0	0.0
169	26	0	0.15384615384615385	465054	0.0	0.0
169	27	0	0.15976331360946747	589474	0.0	0.0
169	28	1	0.16568047337278108	757174	0.30971874363127255	0.0
169	29	2	0.17159763313609466	990166	0.47368013038271406	0.0
169	30	0	0.17751479289940827	1319275	0.0	0.0
169	31	1	0.1834319526627219	1780242	0.1317298322308232	0.08996280349256881
169	32	4	0.1893491124260355	2414747	0.3884646797205093	0.15546145043308726
169	33	3	0.1952662721893491	3258312	0.21591945153527212	0.20636712761284556
169	34	6	0.20118343195266272	4399561	0.31981960926137654	0.24714295068944067
169	35	8	0.20710059171597633	5860491	0.320124685785222	0.27760249845486645
169	36	8	0.21301775147928995	7708151	0.24339012558551612	0.3119634428377096
169	37	10	0.21893491124260356	10037649	0.23363138120317337	0.34475325296694487
169	38	20	0.22485207100591717	12861204	0.3646796676116252	0.37894278118402963
169	39	28	0.23076923076923078	16258816	0.4038613537251068	0.40074938440477903
169	40	31	0.23668639053254437	20217937	0.3595737972523221	0.438179685471745
169	41	40	0.24260355029585798	24754734	0.3789351644663444	0.45997247274170827
169	42	70	0.2485207100591716	29823697	0.5504270177945599	0.4883495695297356
169	43	81	0.25443786982248523	35364635	0.5371295187752251	0.5192653336218025
169	44	88	0.2603550295857988	41398248	0.49849854127023296	0.5531920591344408
169	45	122	0.26627218934911245	47752968	0.599132174544886	0.5790427475273742
169	46	141	0.27218934911242604	54364573	0.6082278652060302	0.6125958256896574
169	47	153	0.2781065088757396	61094674	0.587288180611465	0.6406313056047693
169	48	188	0.28402366863905326	67783662	0.6504231689071307	0.6744709506138375
169	49	208	0.28994082840236685	74359934	0.6559753514301823	0.6948441447596673
169	50	248	0.2958579881656805	80777205	0.7199892969506159	0.7221155599144109
169	51	278	0.30177514792899407	86883051	0.7503655970517624	0.7534740483036502
169	52	315	0.3076923076923077	92615795	0.7976064849082549	0.7877695563095988
169	53	379	0.3136094674556213	97985805	0.9070667064102858	0.8300544099362016
169	54	365	0.31952662721893493	102950670	0.8314322548502773	0.8662490084800015
169	55	441	0.3254437869822485	107446735	0.962517308466441	0.9062344312515498
169	56	459	0.33136094674556216	111376599	0.9664556179842745	0.9443836513994762
169	57	529	0.33727810650887574	114825930	1.080385836325038	0.9906423014452209
169	58	512	0.3431952662721893	117748072	1.0197162443136714	1.0269139691004887
169	59	519	0.34911242603550297	120080049	1.0135838520098175	1.0715107468950558
169	60	604	0.35502958579881655	121716056	1.1637300498310608	1.1187935120479244
169	61	619	0.3609467455621302	122724659	1.1828290890910047	1.152167634566687
169	62	636	0.3668639053254438	123000342	1.212589988357989	1.198746661798846
169	63	658	0.3727810650887574	122587983	1.258754904496589	1.2613811314469394
169	64	686	0.378698224852071	121433198	1.3247986129239708	1.300083889986633
169	65	682	0.38461538461538464	119776155	1.3352948953267108	1.3293330524354254
169	66	683	0.3905325443786982	117568506	1.3623631428415968	1.3778571425112451
169	67	749	0.39644970414201186	115068408	1.5264721835093837	1.4267467498883122
169	68	718	0.40236686390532544	112373172	1.49839041326528	1.4745473047296145
169	69	687	0.40828402366863903	109474882	1.4716530432370065	1.514621425232375
169	70	766	0.41420118343195267	106627635	1.684698443068189	1.5487875433947005
169	71	702	0.42011834319526625	103873230	1.5848809934298391	1.582077199876697
169	72	711	0.4260355029585799	101180246	1.647923516346052	1.6120528398234253
169	73	672	0.4319526627218935	98574034	1.5987108588196586	1.631945341442985
169	74	703	0.4378698224852071	95991205	1.7174617084258545	1.6525567448791634
169	75	633	0.4437869822485207	93502648	1.5876069128420607	1.6683866709123027
169	76	635	0.44970414201183434	91175999	1.633263950240001	1.6836071577272531
169	77	639	0.4556213017751479	88922578	1.6852021115917204	1.7077034053493265
169	78	634	0.46153846153846156	86820856	1.7124913086992386	1.7219410871635525
169	79	617	0.46745562130177515	84860103	1.705080120560231	1.7346510282684837
169	80	587	0.47337278106508873	83071483	1.6571022965159496	1.7429966226886255
169	81	633	0.47928994082840237	81517976	1.821014917419415	1.76211546738342
169	82	584	0.48520710059171596	80150644	1.7087125627376727	1.7773735740031564
169	83	579	0.4911242603550296	78966408	1.7194888415636627	1.7904631166035845
169	84	619	0.4970414201183432	77901690	1.863403690137841	1.798130979146911
169	85	605	0.5029585798816568	76729975	1.8490706258422533	1.810560062466809
169	86	588	0.5088757396449705	75261076	1.8321882115301664	1.830659524547403
169	87	576	0.514792899408284	73133967	1.8469984607069485	1.8540942736384227
169	88	576	0.5207100591715976	70037662	1.9286526793883092	1.8962927555319389
169	89	555	0.5266272189349113	65752209	1.979455836907277	1.9371744832576268
169	90	513	0.5325443786982249	60517035	1.9879383174507153	1.9650082614020736
169	91	486	0.5384615384615384	54669019	2.084770101239038	2.027024013364128
169	92	469	0.5443786982248521	48680526	2.2593356862132996	2.0840600362679838
169	93	391	0.5502958579881657	42957775	2.1345098338122424	2.132885920633211
169	94	384	0.5562130177514792	37723293	2.3871780312567576	2.182424505497351
169	95	342	0.5621301775147929	33143126	2.419891085610654	2.222574128832672
169	96	277	0.5680473372781065	29191847	2.225263151636258	2.273148676948468
169	97	262	0.5739644970414202	25843379	2.3774707153213006	2.3101084438721693
169	98	230	0.5798816568047337	23033494	2.341699674298697	2.3567876920171065
169	99	191	0.5857988165680473	20611204	2.1731674276835378	2.412573100891306
169	100	201	0.591715976331361	18529651	2.5438529294503875	2.4757634725266597
169	101	154	0.5976331360946746	16760766	2.154716014679809	2.516493880529566
169	102	157	0.6035502958579881	15213944	2.4200315091518436	2.5349103011315934
169	103	164	0.6094674556213018	13829835	2.78092983165768	2.558473784997036
169	104	129	0.6153846153846154	12603991	2.4001854982873447	2.558473784997036
169	105	119	0.621301775147929	11497536	2.42719889016582	2.550572415877488
169	106	112	0.6272189349112426	10439297	2.515996025298418	2.578682941332154
169	107	104	0.6331360946745562	9482827	2.5719273291590765	2.5854022456681354
169	108	75	0.6390532544378699	8594408	2.0464845861716	2.5631499537606204
169	109	81	0.6449704142011834	7757920	2.448515759277162	2.5473206271939084
169	110	82	0.650887573964497	6951117	2.7664475161620423	2.5362641365991534
169	111	61	0.6568047337278107	6215855	2.30140017413633	2.532727997333789
169	112	54	0.6627218934911243	5519236	2.2944467168054272	2.4710692519183084
169	113	58	0.6686390532544378	4861943	2.797572254433131	2.4642511580704825
169	114	31	0.6745562130177515	4301458	1.6900874958440186	2.4555257747749724
169	115	38	0.6804733727810651	3789204	2.3517913629432665	2.4088218215942234
169	116	32	0.6863905325443787	3336616	2.2490905035786217	2.325979355972989
169	117	30	0.6923076923076923	2938245	2.394398492878557	2.276720280427054
169	118	20	0.6982248520710059	2609310	1.7974942033738053	2.2102943112240716
169	119	28	0.7041420118343196	2324501	2.8248245278136794	2.1589962138551972
169	120	14	0.7100591715976331	2064134	1.5905719879928883	2.13463108190077
169	121	21	0.7159763313609467	1850787	2.660884574937888	2.067742018804446
169	122	15	0.7218934911242604	1658575	2.120895768870252	1.937920252657126
169	123	16	0.727810650887574	1491703	2.5153637686887023	1.801162257898699
169	124	9	0.7337278106508875	1342874	1.5717027955805138	1.747567827918353
169	125	10	0.7396449704142012	1216055	1.928457018722551	1.6766803124914829
169	126	7	0.7455621301775148	1106175	1.484011896790161	1.6499215037025905
169	127	4	0.7514792899408284	1012913	0.9260853794561436	1.5596101813325978
169	128	7	0.757396449704142	937600	1.7508285622140107	1.51880515496788
169	129	6	0.7633136094674556	864579	1.627457849359736	1.531468106299622
169	130	7	0.7692307692307693	806196	2.036200700489529	1.51880515496788
169	131	3	0.7751479289940828	745715	0.9434340732998472	1.5387575680723995
169	132	4	0.7810650887573964	697657	1.3445631878717776	1.5455863795524842
169	133	2	0.7869822485207101	647890	0.723922208986912	1.4940757455120708
169	134	4	0.7928994082840237	598800	1.5665396124934214	1.3817786161502288
169	135	5	0.7988165680473372	546487	2.145622677120089	1.2622117712868728
169	136	1	0.8047337278106509	485042	0.4834859249101422	1.298086790727202
169	137	1	0.8106508875739645	418380	0.5605214876195449	1.198336018889584
169	138	0	0.8165680473372781	355889	0.0	1.198336018889584
169	139	1	0.8224852071005917	296986	0.7896364811481524	1.0597807772778909
169	140	0	0.8284023668639053	248735	0.0	1.0406494833751683
169	141	0	0.834319526627219	206928	0.0	0.944031970712044
169	142	0	0.8402366863905325	164501	0.0	0.7468806645456786
169	143	0	0.8461538461538461	132266	0.0	0.0
169	144	0	0.8520710059171598	103062	0.0	0.0
169	145	0	0.8579881656804734	80659	0.0	0.0
169	146	0	0.863905325443787	61949	0.0	0.0
169	147	1	0.8698224852071006	46153	5.081164387802856	0.0
169	148	0	0.8757396449704142	35104	0.0	0.0
169	149	0	0.8816568047337278	26661	0.0	0.0
169	150	0	0.8875739644970414	19205	0.0	0.0
169	151	0	0.893491124260355	13692	0.0	0.0
169	152	0	0.8994082840236687	9658	0.0	0.0
169	153	0	0.9053254437869822	6989	0.0	0.0
169	154	0	0.9112426035502958	5193	0.0	0.0
169	155	0	0.9171597633136095	3680	0.0	0.0
169	156	0	0.9230769230769231	2440	0.0	0.0
169	157	0	0.9289940828402367	1508	0.0	0.0
169	158	0	0.9349112426035503	1214	0.0	0.0
169	159	0	0.9408284023668639	728	0.0	0.0
169	160	0	0.9467455621301775	505	0.0	0.0
169	161	0	0.9526627218934911	263	0.0	0.0
169	162	0	0.9585798816568047	151	0.0	0.0
169	163	0	0.9644970414201184	249	0.0	0.0
169	164	0	0.9704142011834319	88	0.0	0.0
169	165	0	0.9763313609467456	10	0.0	0.0
169	166	0	0.9822485207100592	15	0.0	0.0
169	167	0	0.9881656804733728	30	0.0	0.0
169	168	0	0.9940828402366864	17	0.0	0.0
169	169	0	1.0	7	0.0	0.0
170	0	0	0.0	83809	0.0	0.0
170	1	0	0.0058823529411764705	68720	0.0	0.0
170	2	0	0.011764705882352941	78737	0.0	0.0
170	3	0	0.01764705882352941	87090	0.0	0.0
170	4	0	0.023529411764705882	87626	0.0	0.0
170	5	0	0.029411764705882353	98392	0.0	0.0
170	6	0	0.03529411764705882	102828	0.0	0.0
170	7	0	0.041176470588235294	109389	0.0	0.0
170	8	0	0.047058823529411764	113852	0.0	0.0
170	9	0	0.052941176470588235	115972	0.0	0.0
170	10	0	0.058823529411764705	120559	0.0	0.0
170	11	0	0.06470588235294118	118191	0.0	0.0
170	12	0	0.07058823529411765	119663	0.0	0.0
170	13	0	0.07647058823529412	125242	0.0	0.0
170	14	0	0.08235294117647059	129490	0.0	0.0
170	15	0	0.08823529411764706	138382	0.0	0.0
170	16	0	0.09411764705882353	143475	0.0	0.0
170	17	0	0.1	152044	0.0	0.0
170	18	0	0.10588235294117647	160503	0.0	0.0
170	19	0	0.11176470588235295	175982	0.0	0.0
170	20	0	0.11764705882352941	192594	0.0	0.0
170	21	0	0.12352941176470589	213900	0.0	0.0
170	22	0	0.12941176470588237	233964	0.0	0.0
170	23	0	0.13529411764705881	262857	0.0	0.0
170	24	0	0.1411764705882353	308707	0.0	0.0
170	25	0	0.14705882352941177	366014	0.0	0.0
170	26	0	0.15294117647058825	442416	0.0	0.0
170	27	0	0.1588235294117647	555880	0.0	0.0
170	28	0	0.16470588235294117	711740	0.0	0.0
170	29	0	0.17058823529411765	926253	0.0	0.0
170	30	0	0.17647058823529413	1227396	0.0	0.0
170	31	2	0.18235294117647058	1653341	0.3104259581757275	0.0
170	32	2	0.18823529411764706	2238101	0.22931939359135953	0.13671645009524383
170	33	1	0.19411764705882353	3016891	0.08506107183126858	0.19075189131632478
170	34	5	0.2	4075316	0.3148467285213069	0.24338424725444735
170	35	7	0.20588235294117646	5441956	0.3300908486593339	0.27099500001882393
170	36	10	0.21176470588235294	7169977	0.35790907287165313	0.30381545383118985
170	37	13	0.21764705882352942	9356122	0.35656437215711806	0.3435770732422851
170	38	18	0.2235294117647059	12022024	0.3842247925179602	0.3776669446912678
170	39	22	0.22941176470588234	15234769	0.37057599004476993	0.39825864767580255
170	40	33	0.23529411764705882	19023150	0.4451659902759298	0.43812679417860795
170	41	38	0.2411764705882353	23353161	0.41756913842233573	0.4608155970292132
170	42	47	0.24705882352941178	28252034	0.42691224131795474	0.48659370958015363
170	43	69	0.2529411764705882	33600751	0.5269756846211393	0.5175331583868149
170	44	81	0.25882352941176473	39455840	0.5268223549848825	0.5490378908941776
170	45	88	0.2647058823529412	45667255	0.49450220778791015	0.5789920417068433
170	46	118	0.27058823529411763	52160489	0.5805382285211458	0.605933606739648
170	47	127	0.27647058823529413	58811668	0.5541542831497259	0.6372624545398767
170	48	179	0.2823529411764706	65443964	0.7018978371848209	0.6703518304030802
170	49	186	0.28823529411764703	71999773	0.6629370437432912	0.6933815171293177
170	50	224	0.29411764705882354	78431925	0.73290150638297	0.7185280500161428
170	51	221	0.3	84568384	0.6706172372271155	0.748074279611187
170	52	264	0.3058823529411765	90364227	0.7497178641647698	0.7881227292018649
170	53	335	0.31176470588235294	95798676	0.8973787277547143	0.8259209866510361
170	54	342	0.3176470588235294	100856605	0.8701862794595637	0.8596645499029199
170	55	316	0.3235294117647059	105472651	0.7688430466241152	0.9017298862626071
170	56	409	0.32941176470588235	109539154	0.9581740302811363	0.9425333128604974
170	57	433	0.3352941176470588	113131656	0.9821870921005579	0.9781391062856252
170	58	453	0.3411764705882353	116197529	1.0004416864348535	1.0236834856138928
170	59	488	0.34705882352941175	118733543	1.0547192316526472	1.0637412185668627
170	60	527	0.35294117647058826	120605595	1.1213304867375575	1.107790925727151
170	61	548	0.3588235294117647	121835697	1.1542409460491945	1.1447762636965477
170	62	583	0.36470588235294116	122370344	1.2225956440874006	1.1890037990480922
170	63	610	0.37058823529411766	122233838	1.2806452911627113	1.2487607919377872
170	64	622	0.3764705882352941	121344935	1.3154041315374474	1.2818731902856486
170	65	582	0.38235294117647056	119907186	1.245570299329839	1.3181932622752017
170	66	643	0.38823529411764707	117901384	1.3995310560846619	1.3482754691911552
170	67	646	0.3941176470588235	115528375	1.434941921493638	1.3941435963816016
170	68	660	0.4	112912622	1.5000022597858995	1.4487995882861322
170	69	606	0.40588235294117647	110140556	1.4119386606983648	1.5007091584946761
170	70	636	0.4117647058823529	107285763	1.5212671656066472	1.540761239644708
170	71	628	0.4176470588235294	104529848	1.5417352250669267	1.575479845339814
170	72	628	0.4235294117647059	101843697	1.5823988472501311	1.6048079850157522
170	73	632	0.4294117647058823	99243172	1.63420641835918	1.6282726719991563
170	74	622	0.43529411764705883	96669279	1.6511722285643922	1.6508551841867318
170	75	620	0.4411764705882353	94156750	1.6897820801591683	1.6626880490534808
170	76	563	0.4470588235294118	91791927	1.5739624890837582	1.6837225016604604
170	77	630	0.45294117647058824	89524277	1.8058854437507252	1.7063651709377528
170	78	565	0.4588235294117647	87369145	1.6595136631224998	1.7240200578768456
170	79	551	0.4647058823529412	85366487	1.656359715423423	1.7386669690928171
170	80	527	0.47058823529411764	83521726	1.6192042121426318	1.7426901168800912
170	81	596	0.4764705882352941	81867104	1.8682169251599785	1.7620233950299002
170	82	538	0.4823529411764706	80403648	1.7171055515697737	1.7773332955629635
170	83	516	0.48823529411764705	79136072	1.6732686800778231	1.7868996363378788
170	84	500	0.49411764705882355	77997929	1.6450435630034979	1.8030152109268394
170	85	530	0.5	76860351	1.7695546367046526	1.8126594689752926
170	86	522	0.5058823529411764	75551038	1.7730481827970677	1.8309857315346574
170	87	497	0.5117647058823529	73757536	1.729181016606622	1.8532977314007686
170	88	478	0.5176470588235295	71219317	1.722346641203755	1.8885904192333152
170	89	506	0.5235294117647059	67574441	1.9215802454274464	1.9232946431990883
170	90	486	0.5294117647058824	62880510	1.9834017135077362	1.9602342497864127
170	91	415	0.5352941176470588	57398234	1.8554106134017068	2.015076770772554
170	92	419	0.5411764705882353	51510451	2.087416638661291	2.063620242823941
170	93	353	0.5470588235294118	45707691	1.9818733277625424	2.107522746517248
170	94	347	0.5529411764705883	40248738	2.2124205179840266	2.1637337045386507
170	95	276	0.5588235294117647	35355030	2.0033108456714	2.2148874384765715
170	96	281	0.5647058823529412	31101134	2.3185718873893237	2.261142805136897
170	97	231	0.5705882352941176	27455028	2.159138787089304	2.3088250446057987
170	98	196	0.5764705882352941	24387745	2.062409479982225	2.35512136993921
170	99	188	0.5823529411764706	21788436	2.214227612616355	2.4034967815900483
170	100	171	0.5882352941176471	19540782	2.245663296992741	2.4732722494598915
170	101	175	0.5941176470588235	17619852	2.54874427209541	2.5103273084360342
170	102	151	0.6	15980810	2.42475927633044	2.541803415883003
170	103	123	0.6058823529411764	14529903	2.17236534842299	2.5468449389978787
170	104	117	0.611764705882353	13226286	2.2700656783619073	2.577516343677222
170	105	136	0.6176470588235294	12081004	2.8888590352178216	2.562781962776319
170	106	134	0.6235294117647059	11000220	3.126035442544461	2.5643617788763122
170	107	94	0.6294117647058823	9992862	2.413950909505417	2.5967961507167256
170	108	81	0.6352941176470588	9079438	2.2893728165451126	2.5967961507167256
170	109	69	0.6411764705882353	8225092	2.152775769804086	2.5643617788763122
170	110	76	0.6470588235294118	7408657	2.6324769302204416	2.5561971652965454
170	111	70	0.6529411764705882	6636450	2.706778284183191	2.5473325088636307
170	112	53	0.6588235294117647	5926504	2.2949210949793857	2.5156809630907704
170	113	44	0.6647058823529411	5246351	2.1522157420570487	2.4753420032621536
170	114	44	0.6705882352941176	4628859	2.439322349321234	2.4604669637586256
170	115	41	0.6764705882352942	4098191	2.5673325778087004	2.448252021780465
170	116	30	0.6823529411764706	3605521	2.135225245323278	2.3909700383593826
170	117	24	0.6882352941176471	3179326	1.9371651631177755	2.316665565811356
170	118	28	0.6941176470588235	2807005	2.5597957601169274	2.2729161050030835
170	119	14	0.7	2499360	1.4374398841357419	2.2276156693247273
170	120	16	0.7058823529411765	2226446	1.8441586784183057	2.1968057084725663
170	121	15	0.711764705882353	1982367	1.9417694760211481	2.140076987002998
170	122	15	0.7176470588235294	1779472	2.163169597988401	2.06657719012041
170	123	10	0.7235294117647059	1599468	1.6044083536407587	1.9467015222475712
170	124	9	0.7294117647058823	1438629	1.6054033656508866	1.7827984538479822
170	125	5	0.7352941176470589	1296993	0.9892882307695867	1.7294396169096558
170	126	4	0.7411764705882353	1179113	0.8705526342534013	1.6861845572050596
170	127	3	0.7470588235294118	1073053	0.7174482026277575	1.6507882312489155
170	128	6	0.7529411764705882	985973	1.561624803466876	1.5537772894217399
170	129	4	0.7588235294117647	912356	1.1250870583768078	1.5443213468855785
170	130	6	0.7647058823529411	846335	1.819279472488608	1.5281099368430962
170	131	3	0.7705882352941177	784405	0.981457214288949	1.5045445712291468
170	132	5	0.7764705882352941	729008	1.7600628666496643	1.5443213468855785
170	133	4	0.7823529411764706	680772	1.507817489897397	1.54495076652169
170	134	1	0.788235294117647	633856	0.40485533316416933	1.5036391739036723
170	135	6	0.7941176470588235	583414	2.6391548580401674	1.3336717650793868
170	136	5	0.8	531381	2.414651465314978	1.271805947528466
170	137	0	0.8058823529411765	468670	0.0	1.3056217129846912
170	138	3	0.8117647058823529	403729	1.9068730415063646	1.1438659572773158
170	139	1	0.8176470588235294	341229	0.7520462271908533	1.174311282684245
170	140	3	0.8235294117647058	285028	2.700997607864221	1.02137722438496
170	141	2	0.8294117647058824	238953	2.147869933067237	0.9700511553795959
170	142	1	0.8352941176470589	197180	1.3014503603717806	0.8242087358831154
170	143	0	0.8411764705882353	157159	0.0	0.0
170	144	0	0.8470588235294118	125970	0.0	0.0
170	145	0	0.8529411764705882	98047	0.0	0.0
170	146	0	0.8588235294117647	76655	0.0	0.0
170	147	1	0.8647058823529412	58798	4.36443385928276	0.0
170	148	0	0.8705882352941177	44011	0.0	0.0
170	149	0	0.8764705882352941	33306	0.0	0.0
170	150	0	0.8823529411764706	25423	0.0	0.0
170	151	0	0.888235294117647	18142	0.0	0.0
170	152	0	0.8941176470588236	13043	0.0	0.0
170	153	0	0.9	9069	0.0	0.0
170	154	0	0.9058823529411765	6666	0.0	0.0
170	155	0	0.9117647058823529	5006	0.0	0.0
170	156	0	0.9176470588235294	3405	0.0	0.0
170	157	0	0.9235294117647059	2324	0.0	0.0
170	158	0	0.9294117647058824	1479	0.0	0.0
170	159	0	0.9352941176470588	1160	0.0	0.0
170	160	0	0.9411764705882353	695	0.0	0.0
170	161	0	0.9470588235294117	474	0.0	0.0
170	162	0	0.9529411764705882	246	0.0	0.0
170	163	0	0.9588235294117647	154	0.0	0.0
170	164	0	0.9647058823529412	241	0.0	0.0
170	165	0	0.9705882352941176	83	0.0	0.0
170	166	0	0.9764705882352941	8	0.0	0.0
170	167	0	0.9823529411764705	15	0.0	0.0
170	168	0	0.9882352941176471	31	0.0	0.0
170	169	0	0.9941176470588236	16	0.0	0.0
170	170	0	1.0	6	0.0	0.0
171	0	0	0.0	82829	0.0	0.0
171	1	0	0.005847953216374269	67963	0.0	0.0
171	2	0	0.011695906432748537	77888	0.0	0.0
171	3	0	0.017543859649122806	86302	0.0	0.0
171	4	0	0.023391812865497075	86814	0.0	0.0
171	5	0	0.029239766081871343	97182	0.0	0.0
171	6	0	0.03508771929824561	101853	0.0	0.0
171	7	0	0.04093567251461988	107969	0.0	0.0
171	8	0	0.04678362573099415	112911	0.0	0.0
171	9	0	0.05263157894736842	114908	0.0	0.0
171	10	0	0.05847953216374269	119190	0.0	0.0
171	11	0	0.06432748538011696	117337	0.0	0.0
171	12	0	0.07017543859649122	118103	0.0	0.0
171	13	0	0.07602339181286549	123679	0.0	0.0
171	14	0	0.08187134502923976	127892	0.0	0.0
171	15	0	0.08771929824561403	136180	0.0	0.0
171	16	0	0.0935672514619883	141449	0.0	0.0
171	17	0	0.09941520467836257	149505	0.0	0.0
171	18	0	0.10526315789473684	157526	0.0	0.0
171	19	0	0.1111111111111111	171979	0.0	0.0
171	20	0	0.11695906432748537	188391	0.0	0.0
171	21	0	0.12280701754385964	208393	0.0	0.0
171	22	0	0.1286549707602339	228184	0.0	0.0
171	23	0	0.13450292397660818	254704	0.0	0.0
171	24	0	0.14035087719298245	296912	0.0	0.0
171	25	0	0.14619883040935672	350873	0.0	0.0
171	26	0	0.15204678362573099	422253	0.0	0.0
171	27	0	0.15789473684210525	524509	0.0	0.0
171	28	0	0.16374269005847952	670426	0.0	0.0
171	29	0	0.1695906432748538	866827	0.0	0.0
171	30	1	0.17543859649122806	1144117	0.254895353199744	0.0
171	31	1	0.18128654970760233	1534851	0.19000548380059792	0.0
171	32	2	0.1871345029239766	2076994	0.2808194022869893	0.10848199363891377
171	33	1	0.19298245614035087	2794851	0.10434549348671236	0.18537651105134018
171	34	3	0.19883040935672514	3772406	0.2319183885431458	0.2309599545738054
171	35	4	0.2046783625730994	5054572	0.230785203429158	0.2596027559060112
171	36	2	0.21052631578947367	6666150	0.08749581297055468	0.2912921269471326
171	37	14	0.21637426900584794	8717401	0.4683530670936947	0.33219138438075607
171	38	10	0.2222222222222222	11234396	0.25958681429498437	0.37230108147518526
171	39	20	0.22807017543859648	14269419	0.4087483965770877	0.39136573138968755
171	40	23	0.23391812865497075	17877029	0.37520174391321537	0.4258242770436851
171	41	35	0.23976608187134502	22032047	0.4632821334571909	0.4595357315315901
171	42	48	0.24561403508771928	26730022	0.5236899964843992	0.4864625583798701
171	43	55	0.25146198830409355	31908492	0.502676712986804	0.5133415963099749
171	44	82	0.2573099415204678	37579689	0.6363455737747107	0.5483880921516381
171	45	78	0.2631578947368421	43638605	0.5212620415275158	0.5750585043628192
171	46	73	0.26900584795321636	50001288	0.42576898814343944	0.6071208085232799
171	47	110	0.27485380116959063	56574542	0.5670273344829104	0.6387741562537091
171	48	163	0.2807017543859649	63142419	0.7528331692699884	0.6699398573648224
171	49	162	0.28654970760233917	69661441	0.6781955214553587	0.6921657169113188
171	50	172	0.29239766081871343	76094632	0.6591841901869637	0.7091293771030329
171	51	193	0.2982456140350877	82274808	0.684105037542579	0.7421397962481561
171	52	226	0.30409356725146197	88114042	0.7479897941874455	0.7791841537738389
171	53	250	0.30994152046783624	93611679	0.778829388416459	0.8215043150771446
171	54	274	0.3157894736842105	98742984	0.8092387532851127	0.8550451723218969
171	55	307	0.3216374269005848	103469233	0.8652856525259762	0.8945300427887612
171	56	358	0.32748538011695905	107685399	0.9695239949886398	0.9327575276500893
171	57	337	0.3333333333333333	111409527	0.882144899486668	0.977708401430231
171	58	425	0.3391812865497076	114606748	1.0814615854657477	1.0176933362218195
171	59	438	0.34502923976608185	117321577	1.088751021355366	1.0578546503748645
171	60	451	0.3508771929824561	119428447	1.1012885244533994	1.093726341195869
171	61	444	0.3567251461988304	120844714	1.0714888813976025	1.1411691108389403
171	62	452	0.36257309941520466	121671224	1.0833852405496294	1.1752676707151148
171	63	475	0.3684210526315789	121771136	1.1375791118348026	1.2309800055053737
171	64	556	0.3742690058479532	121168882	1.3381846618850401	1.2773095118462687
171	65	523	0.38011695906432746	119951123	1.271539124024732	1.3125077170952
171	66	542	0.38596491228070173	118164222	1.3376597012141516	1.3460220184375014
171	67	529	0.391812865497076	115924133	1.3308042295740428	1.3891360022145038
171	68	550	0.39766081871345027	113436662	1.4139745997573283	1.4348143789926628
171	69	594	0.40350877192982454	110746169	1.5641921071707494	1.4832105217788099
171	70	566	0.4093567251461988	107943143	1.5291628154493022	1.530385795692658
171	71	537	0.4152046783625731	105181539	1.4889054566946252	1.5598125794929965
171	72	571	0.42105263157894735	102483028	1.6248621283166107	1.5971385501324078
171	73	542	0.4269005847953216	99915548	1.5819711852525964	1.6202555053437069
171	74	565	0.4327485380116959	97333399	1.692851703981999	1.6439267285885066
171	75	535	0.43859649122807015	94822523	1.6454118938282718	1.661846543046875
171	76	518	0.4444444444444444	92418086	1.6345761080912098	1.6725749071518885
171	77	507	0.4502923976608187	90123155	1.6406046166063935	1.6912646342570046
171	78	478	0.45614035087719296	87950013	1.584982040405673	1.7182754693067646
171	79	464	0.4619883040935672	85888464	1.575489457618078	1.7310886560405256
171	80	530	0.4678362573099415	84005179	1.8399336618629276	1.7392120227089891
171	81	531	0.47368421052631576	82267055	1.8823523793301893	1.7531046260107623
171	82	510	0.47953216374269003	80724318	1.8424603410905755	1.7724430804273932
171	83	472	0.4853801169590643	79364904	1.7343864035612575	1.7874573618904712
171	84	457	0.49122807017543857	78137533	1.7056458490350852	1.8029707940540323
171	85	447	0.49707602339181284	76977451	1.6934655026070387	1.815065973645903
171	86	467	0.5029239766081871	75741237	1.7981124322469186	1.8279127563425783
171	87	462	0.5087719298245614	74191277	1.816023591956453	1.8446528454065714
171	88	459	0.5146198830409356	72070667	1.8573189981567073	1.8811489297936
171	89	464	0.52046783625731	69019858	1.960542566793021	1.9144509223387525
171	90	464	0.5263157894736842	64939294	2.083736382520725	1.9505209456496004
171	91	442	0.5321637426900585	59909193	2.1515981230633425	1.98940468892101
171	92	401	0.5380116959064327	54282476	2.1543540650862987	2.0515241959685437
171	93	345	0.543859649122807	48467038	2.0758930399626827	2.1010008124001627
171	94	317	0.5497076023391813	42902647	2.1548027994854393	2.150394462043502
171	95	276	0.5555555555555556	37712417	2.1343078986808375	2.2024950507679812
171	96	235	0.5614035087719298	33162686	2.06657190258821	2.2516277287861604
171	97	204	0.5672514619883041	29220944	2.035955504744598	2.302301281953727
171	98	195	0.5730994152046783	25870027	2.1982145913215376	2.3330017652085444
171	99	194	0.5789473684210527	23048251	2.454686940126837	2.380376546783858
171	100	175	0.5847953216374269	20635066	2.4732302137025157	2.4450138684840534
171	101	159	0.5906432748538012	18551445	2.4994919255010166	2.5041470519959472
171	102	164	0.5964912280701754	16785435	2.849335600653803	2.538208387828847
171	103	126	0.6023391812865497	15262970	2.4074864498142086	2.554051278179188
171	104	108	0.6081871345029239	13884146	2.268490372848125	2.5620186442518262
171	105	98	0.6140350877192983	12670740	2.2555707455167964	2.5814983348565272
171	106	110	0.6198830409356725	11575508	2.771309194365506	2.570922429209651
171	107	82	0.6257309941520468	10526430	2.271773883356483	2.597757139465581
171	108	71	0.631578947368421	9572001	2.1631566465564553	2.6289733241501425
171	109	74	0.6374269005847953	8692919	2.482552512504204	2.596931636424996
171	110	73	0.6432748538011696	7868258	2.705681206390118	2.5715207569572907
171	111	74	0.6491228070175439	7076568	3.0495895615566093	2.564738327420126
171	112	54	0.6549707602339181	6334767	2.485967639868823	2.562755089868269
171	113	39	0.6608187134502924	5644803	2.014875304923206	2.526630475124426
171	114	42	0.6666666666666666	4990751	2.454232736978247	2.5150609477288453
171	115	36	0.672514619883041	4411487	2.3798514753428797	2.473602931706902
171	116	38	0.6783625730994152	3899803	2.8416676583508447	2.4369307013687163
171	117	26	0.6842105263157895	3437663	2.205679491339791	2.4059348616249285
171	118	25	0.6900584795321637	3028497	2.4073831575269145	2.328482991387807
171	119	22	0.695906432748538	2686306	2.388358716382383	2.2766020553968067
171	120	13	0.7017543859649122	2396277	1.582117338111917	2.2340734152559185
171	121	9	0.7076023391812866	2132303	1.2309090037163966	2.14888101831874
171	122	19	0.7134502923976608	1905228	2.9082986548170604	2.1437866091166433
171	123	12	0.7192982456140351	1714492	2.041165127514143	2.0068251464679268
171	124	13	0.7251461988304093	1542583	2.457690372977538	1.866934853799952
171	125	7	0.7309941520467836	1388054	1.4706998054238671	1.7299103048126427
171	126	7	0.7368421052631579	1254105	1.6277829589371071	1.7350269504067934
171	127	6	0.7426900584795322	1143784	1.5298173788940825	1.693045129645053
171	128	6	0.7485380116959064	1040784	1.6812140087674186	1.6754691303908227
171	129	3	0.7543859649122807	961911	0.9095335435923849	1.5561501619634202
171	130	5	0.7602339181286549	887591	1.6428180705799829	1.5461108479596601
171	131	4	0.7660818713450293	828634	1.40776317079353	1.5300466609371848
171	132	7	0.7719298245614035	763200	2.6748044388336223	1.5461108479596601
171	133	1	0.7777777777777778	712308	0.4094157398440443	1.5502684826218394
171	134	3	0.783625730994152	665829	1.3139865047189212	1.5300466609371848
171	135	3	0.7894736842105263	618883	1.4136602886983396	1.500760822359966
171	136	3	0.7953216374269005	568618	1.5386257917450634	1.3330447090819224
171	137	0	0.8011695906432749	516236	0.0	1.2682435183429694
171	138	4	0.8070175438596491	453222	2.5738389294150017	1.294358329916567
171	139	3	0.8128654970760234	388134	2.254093484339158	1.061080954881788
171	140	0	0.8187134502923976	327860	0.0	1.061080954881788
171	141	3	0.8245614035087719	273570	3.198049202948037	0.9199669749218259
171	142	0	0.8304093567251462	229191	0.0	0.8347354560286215
171	143	0	0.8362573099415205	187721	0.0	0.2547517755991153
171	144	1	0.8421052631578947	150402	1.9390041809073781	0.0
171	145	0	0.847953216374269	120018	0.0	0.0
171	146	0	0.8538011695906432	92982	0.0	0.0
171	147	0	0.8596491228070176	73031	0.0	0.0
171	148	0	0.8654970760233918	55898	0.0	0.0
171	149	0	0.8713450292397661	41807	0.0	0.0
171	150	0	0.8771929824561403	31749	0.0	0.0
171	151	0	0.8830409356725146	24207	0.0	0.0
171	152	0	0.8888888888888888	17115	0.0	0.0
171	153	0	0.8947368421052632	12417	0.0	0.0
171	154	0	0.9005847953216374	8499	0.0	0.0
171	155	0	0.9064327485380117	6399	0.0	0.0
171	156	0	0.9122807017543859	4790	0.0	0.0
171	157	0	0.9181286549707602	3169	0.0	0.0
171	158	0	0.9239766081871345	2222	0.0	0.0
171	159	0	0.9298245614035088	1444	0.0	0.0
171	160	0	0.935672514619883	1105	0.0	0.0
171	161	0	0.9415204678362573	664	0.0	0.0
171	162	0	0.9473684210526315	448	0.0	0.0
171	163	0	0.9532163742690059	229	0.0	0.0
171	164	0	0.9590643274853801	157	0.0	0.0
171	165	0	0.9649122807017544	233	0.0	0.0
171	166	0	0.9707602339181286	78	0.0	0.0
171	167	0	0.9766081871345029	6	0.0	0.0
171	168	0	0.9824561403508771	15	0.0	0.0
171	169	0	0.9883040935672515	33	0.0	0.0
171	170	0	0.9941520467836257	14	0.0	0.0
171	171	0	1.0	5	0.0	0.0
172	0	0	0.0	81867	0.0	0.0
172	1	0	0.005813953488372093	67214	0.0	0.0
172	2	0	0.011627906976744186	77043	0.0	0.0
172	3	0	0.01744186046511628	85515	0.0	0.0
172	4	0	0.023255813953488372	86034	0.0	0.0
172	5	0	0.029069767441860465	96020	0.0	0.0
172	6	0	0.03488372093023256	100852	0.0	0.0
172	7	0	0.040697674418604654	106586	0.0	0.0
172	8	0	0.046511627906976744	111935	0.0	0.0
172	9	0	0.05232558139534884	113814	0.0	0.0
172	10	0	0.05813953488372093	117987	0.0	0.0
172	11	0	0.06395348837209303	116454	0.0	0.0
172	12	0	0.06976744186046512	116653	0.0	0.0
172	13	0	0.0755813953488372	122041	0.0	0.0
172	14	0	0.08139534883720931	126370	0.0	0.0
172	15	0	0.0872093023255814	134013	0.0	0.0
172	16	0	0.09302325581395349	139432	0.0	0.0
172	17	0	0.09883720930232558	147386	0.0	0.0
172	18	0	0.10465116279069768	154219	0.0	0.0
172	19	0	0.11046511627906977	168587	0.0	0.0
172	20	0	0.11627906976744186	184004	0.0	0.0
172	21	0	0.12209302325581395	203280	0.0	0.0
172	22	0	0.12790697674418605	222620	0.0	0.0
172	23	0	0.13372093023255813	246999	0.0	0.0
172	24	0	0.13953488372093023	286214	0.0	0.0
172	25	0	0.14534883720930233	336176	0.0	0.0
172	26	0	0.1511627906976744	404172	0.0	0.0
172	27	0	0.1569767441860465	495769	0.0	0.0
172	28	0	0.16279069767441862	631926	0.0	0.0
172	29	1	0.1686046511627907	812706	0.3386138863126454	0.0
172	30	0	0.1744186046511628	1066806	0.0	0.0
172	31	0	0.18023255813953487	1427166	0.0	0.0
172	32	2	0.18604651162790697	1926943	0.2856270653460998	0.07835968178320474
172	33	1	0.19186046511627908	2591907	0.10617415558876332	0.17346438345802356
172	34	1	0.19767441860465115	3492372	0.07879846049894021	0.21347698752708674
172	35	0	0.20348837209302326	4691652	0.0	0.2518687202145983
172	36	7	0.20930232558139536	6196678	0.3108689461720027	0.2848430530516701
172	37	7	0.21511627906976744	8122552	0.23716127143627194	0.32048185555693937
172	38	15	0.22093023255813954	10491016	0.39347028508431137	0.36811368140884926
172	39	18	0.22674418604651161	13358523	0.3708107301692624	0.3899922948817157
172	40	22	0.23255813953488372	16793036	0.36052193397139776	0.42224068769673395
172	41	27	0.23837209302325582	20762933	0.3578601106798991	0.4608519736333005
172	42	32	0.2441860465116279	25276775	0.3483906941003096	0.48575279424238993
172	43	48	0.25	30285408	0.4361602056112643	0.508599011899808
172	44	60	0.2558139534883721	35763666	0.4616867919909633	0.5311340931591993
172	45	65	0.2616279069767442	41668286	0.4292852341184447	0.572710589876851
172	46	79	0.26744186046511625	47902166	0.45384773269080936	0.601816973589943
172	47	98	0.27325581395348836	54361909	0.4961004337574177	0.6300094239390923
172	48	122	0.27906976744186046	60892951	0.5513546473537106	0.6644832764160616
172	49	137	0.28488372093023256	67348211	0.5597997930676415	0.6833202224175386
172	50	154	0.29069767441860467	73779426	0.5744122312878815	0.7082165468565262
172	51	166	0.29651162790697677	79982624	0.5711506433806722	0.7410489466726663
172	52	195	0.3023255813953488	85870467	0.6249266087311827	0.7759190218856137
172	53	229	0.3081395348837209	91427939	0.6892785802982991	0.8123685537849361
172	54	213	0.313953488372093	96625552	0.606632740375815	0.8507431329862885
172	55	297	0.31976744186046513	101439906	0.8057231491875851	0.8853131486483108
172	56	283	0.32558139534883723	105809860	0.7360351010421727	0.923813095198583
172	57	294	0.3313953488372093	109655587	0.7378274296625106	0.9675621079885826
172	58	342	0.3372093023255814	112986113	0.8329890035658173	0.999206031027466
172	59	357	0.3430232558139535	115854286	0.8479970498544086	1.035863798280989
172	60	379	0.3488372093023256	118181992	0.8825232067247624	1.0792740411629234
172	61	384	0.3546511627906977	119792450	0.8821450620836976	1.1238270850001677
172	62	415	0.36046511627906974	120864499	0.9449037462372304	1.1582219883662404
172	63	426	0.36627906976744184	121216780	0.9671305144400936	1.222000187315912
172	64	451	0.37209302325581395	120901544	1.0265566602475462	1.269681533441334
172	65	484	0.37790697674418605	119891126	1.1109552174142456	1.300504668710372
172	66	489	0.38372093023255816	118352503	1.1370240275933727	1.3313523390826139
172	67	481	0.38953488372093026	116275233	1.1384031485028279	1.3709088515506416
172	68	493	0.3953488372093023	113905024	1.1910836679616097	1.4061433111698403
172	69	465	0.4011627906976744	111306403	1.149664271755024	1.4501131936514633
172	70	514	0.4069767441860465	108596947	1.3025179986326583	1.5063689960966333
172	71	506	0.4127906976744186	105820126	1.315892685360628	1.5463425349175626
172	72	458	0.4186046511627907	103131968	1.2221102964605406	1.5832168325827827
172	73	431	0.42441860465116277	100552355	1.1795687379536726	1.6105575972193216
172	74	490	0.43023255813953487	98001155	1.3759514688771406	1.631792107526148
172	75	477	0.436046511627907	95493495	1.374620514117129	1.6516830038176011
172	76	449	0.4418604651162791	93041896	1.3280242929833734	1.6707520782424217
172	77	482	0.4476744186046512	90752820	1.461588575178044	1.6806155731601533
172	78	430	0.45348837209302323	88520316	1.3367916688021093	1.6976835016051492
172	79	463	0.45930232558139533	86442460	1.4739817408306868	1.7267049119476852
172	80	423	0.46511627906976744	84506240	1.377494326914827	1.7342517396906352
172	81	454	0.47093023255813954	82713166	1.5104955097315533	1.750748373585394
172	82	421	0.47674418604651164	81094329	1.4286631450483251	1.763899871478452
172	83	423	0.48255813953488375	79633098	1.461789998285673	1.780935317373754
172	84	434	0.4883720930232558	78351102	1.5243435261049485	1.7944823321233931
172	85	469	0.4941860465116279	77107315	1.6738459755086097	1.8138186582179672
172	86	422	0.5	75899027	1.5300811781396515	1.8198516019292181
172	87	401	0.5058139534883721	74482579	1.4815895187105634	1.8383083381639287
172	88	400	0.5116279069767442	72669731	1.5147629325315917	1.860335105356751
172	89	418	0.5174418604651163	70132577	1.6401920965125065	1.8999066227379036
172	90	401	0.5232558139534884	66640498	1.655939131381214	1.935809272719792
172	91	412	0.5290697674418605	62172242	1.823639193853057	1.9752012048775318
172	92	383	0.5348837209302325	56888324	1.8527373860639424	2.0271508650723056
172	93	346	0.5406976744186046	51225722	1.8587725095022236	2.07598520368902
172	94	295	0.5465116279069767	45582692	1.7809850598870598	2.1268458634073157
172	95	277	0.5523255813953488	40226613	1.8949795692175357	2.1934128611703105
172	96	264	0.5581395348837209	35367150	2.0541970102667495	2.241620254711489
172	97	227	0.563953488372093	31132411	2.006556219476233	2.2945751885000085
172	98	185	0.5697674418604651	27486911	1.8521835488017147	2.330392412411985
172	99	184	0.5755813953488372	24418929	2.0736212806256686	2.371524308904499
172	100	141	0.5813953488372093	21814517	1.7787370093793173	2.414661932549482
172	101	142	0.5872093023255814	19565450	1.997269792758351	2.501984423758912
172	102	144	0.5930232558139535	17650990	2.245079133856123	2.5253688835685186
172	103	127	0.5988372093023255	16019021	2.181755003029199	2.5619668938599123
172	104	137	0.6046511627906976	14584002	2.5851281823244303	2.56210532331987
172	105	96	0.6104651162790697	13286489	1.988379289713186	2.5843325337611645
172	106	92	0.6162790697674418	12148252	2.0840698243865567	2.591555644238244
172	107	90	0.622093023255814	11084721	2.234374535729355	2.5871303837856985
172	108	76	0.627906976744186	10082163	2.074426769217078	2.642996593425101
172	109	81	0.6337209302325582	9167496	2.4314901805529	2.645437470448706
172	110	59	0.6395348837209303	8323272	1.950725470498463	2.612355836608477
172	111	66	0.6453488372093024	7526342	2.4132272288335974	2.571959168555122
172	112	62	0.6511627906976745	6757263	2.5249867142296365	2.5685679968287487
172	113	48	0.6569767441860465	6046034	2.1847858910983677	2.558125040061073
172	114	41	0.6627906976744186	5373326	2.0998046685933063	2.49547223086241
172	115	37	0.6686046511627907	4752945	2.1422845987730503	2.4805471878126406
172	116	32	0.6744186046511628	4201752	2.0958383995217598	2.4722288416162788
172	117	27	0.6802325581395349	3716130	1.9994525222258988	2.421783127352955
172	118	24	0.686046511627907	3275590	2.0163222168069006	2.3338932069144045
172	119	25	0.6918604651162791	2889445	2.381024185350515	2.302614764353994
172	120	25	0.6976744186046512	2574920	2.671864922886971	2.256103963175194
172	121	17	0.7034883720930233	2296036	2.0375508617997635	2.2409632707884275
172	122	13	0.7093023255813954	2045676	1.7488184747559545	2.1567189427747886
172	123	15	0.7151162790697675	1833501	2.2513775865647587	2.147428277874336
172	124	4	0.7209302325581395	1652099	0.6662882480761861	2.0754330049522474
172	125	11	0.7267441860465116	1488271	2.0339903874937106	1.8693104146764359
172	126	7	0.7325581395348837	1340053	1.4375213216396916	1.7763903814988664
172	127	3	0.7383720930232558	1214830	0.6795853010452609	1.739802208212958
172	128	9	0.7441860465116279	1108728	2.2338588308461977	1.7255710696108004
172	129	5	0.75	1012073	1.3595537925110381	1.688546785153831
172	130	5	0.7558139534883721	936805	1.4687877257786026	1.5643285161491887
172	131	7	0.7616279069767442	866451	2.2232702825979005	1.5630873334783235
172	132	7	0.7674418604651163	809219	2.3805110354888273	1.5535747320875066
172	133	2	0.7732558139534884	743367	0.7403975077979108	1.5542079231293289
172	134	3	0.7790697674418605	696190	1.1858553143090453	1.5567213939536153
172	135	6	0.7848837209302325	651489	2.5344422124358643	1.513559618841569
172	136	1	0.7906976744186046	603574	0.4559400124750317	1.4411293919078987
172	137	3	0.7965116279069767	554482	1.4889222937242585	1.2611313925852847
172	138	1	0.8023255813953488	501213	0.5490550665876679	1.2611313925852847
172	139	1	0.8081395348837209	438227	0.627970291856971	1.181347612699084
172	140	0	0.813953488372093	372592	0.0	1.0217339539904282
172	141	1	0.8197674418604651	314598	0.8747466197801791	1.0017244171000648
172	142	4	0.8255813953488372	263440	4.178462452013434	0.8343391398579767
172	143	2	0.8313953488372093	218871	2.5146642276921547	0.5922535584632657
172	144	0	0.8372093023255814	179177	0.0	0.0
172	145	0	0.8430232558139535	143854	0.0	0.0
172	146	0	0.8488372093023255	114194	0.0	0.0
172	147	0	0.8546511627906976	88321	0.0	0.0
172	148	2	0.8604651162790697	69520	7.91696021546619	0.0
172	149	0	0.8662790697674418	53151	0.0	0.0
172	150	0	0.872093023255814	39780	0.0	0.0
172	151	0	0.877906976744186	30286	0.0	0.0
172	152	1	0.8837209302325582	23070	11.928631863441906	0.0
172	153	0	0.8895348837209303	16087	0.0	0.0
172	154	0	0.8953488372093024	11815	0.0	0.0
172	155	0	0.9011627906976745	8013	0.0	0.0
172	156	0	0.9069767441860465	6116	0.0	0.0
172	157	0	0.9127906976744186	4590	0.0	0.0
172	158	0	0.9186046511627907	2946	0.0	0.0
172	159	0	0.9244186046511628	2137	0.0	0.0
172	160	0	0.9302325581395349	1409	0.0	0.0
172	161	0	0.936046511627907	1041	0.0	0.0
172	162	0	0.9418604651162791	648	0.0	0.0
172	163	0	0.9476744186046512	411	0.0	0.0
172	164	0	0.9534883720930233	220	0.0	0.0
172	165	0	0.9593023255813954	156	0.0	0.0
172	166	0	0.9651162790697675	230	0.0	0.0
172	167	0	0.9709302325581395	69	0.0	0.0
172	168	0	0.9767441860465116	6	0.0	0.0
172	169	0	0.9825581395348837	15	0.0	0.0
172	170	0	0.9883720930232558	35	0.0	0.0
172	171	0	0.9941860465116279	12	0.0	0.0
172	172	0	1.0	4	0.0	0.0
173	0	0	0.0	80912	0.0	0.0
173	1	0	0.005780346820809248	66489	0.0	0.0
173	2	0	0.011560693641618497	76213	0.0	0.0
173	3	0	0.017341040462427744	84705	0.0	0.0
173	4	0	0.023121387283236993	85255	0.0	0.0
173	5	0	0.028901734104046242	94980	0.0	0.0
173	6	0	0.03468208092485549	99803	0.0	0.0
173	7	0	0.04046242774566474	105198	0.0	0.0
173	8	0	0.046242774566473986	111001	0.0	0.0
173	9	0	0.05202312138728324	112680	0.0	0.0
173	10	0	0.057803468208092484	116846	0.0	0.0
173	11	0	0.06358381502890173	115617	0.0	0.0
173	12	0	0.06936416184971098	115245	0.0	0.0
173	13	0	0.07514450867052024	120483	0.0	0.0
173	14	0	0.08092485549132948	124707	0.0	0.0
173	15	0	0.08670520231213873	132075	0.0	0.0
173	16	0	0.09248554913294797	137381	0.0	0.0
173	17	0	0.09826589595375723	145284	0.0	0.0
173	18	0	0.10404624277456648	151508	0.0	0.0
173	19	0	0.10982658959537572	164693	0.0	0.0
173	20	0	0.11560693641618497	180226	0.0	0.0
173	21	0	0.12138728323699421	198174	0.0	0.0
173	22	0	0.12716763005780346	217205	0.0	0.0
173	23	0	0.1329479768786127	239975	0.0	0.0
173	24	0	0.13872832369942195	276234	0.0	0.0
173	25	0	0.14450867052023122	322700	0.0	0.0
173	26	0	0.15028901734104047	386825	0.0	0.0
173	27	0	0.15606936416184972	469965	0.0	0.0
173	28	0	0.16184971098265896	595871	0.0	0.0
173	29	0	0.1676300578034682	763815	0.0	0.0
173	30	0	0.17341040462427745	995766	0.0	0.0
173	31	0	0.1791907514450867	1327121	0.0	0.0
173	32	1	0.18497109826589594	1788380	0.19431290456891995	0.0
173	33	0	0.1907514450867052	2406307	0.0	0.11446177116812233
173	34	1	0.19653179190751446	3234363	0.10744165459256273	0.18816256451133817
173	35	6	0.2023121387283237	4352156	0.47908022452269405	0.24619204899307157
173	36	5	0.20809248554913296	5760194	0.3016437573742872	0.26936071005061984
173	37	2	0.2138728323699422	7562883	0.09189757722629452	0.3202433429718185
173	38	16	0.21965317919075145	9797083	0.5675245372900729	0.354877246440943
173	39	15	0.2254335260115607	12496081	0.4171371555685719	0.3888641575580009
173	40	12	0.23121387283236994	15768941	0.26444792629229696	0.42295483414368873
173	41	21	0.23699421965317918	19551928	0.37324255478704016	0.45463678942158464
173	42	34	0.24277456647398843	23885099	0.4946674333349345	0.4805439482779099
173	43	33	0.24855491329479767	28723479	0.3992439531787861	0.5038197129859344
173	44	41	0.2543352601156069	34014422	0.4188728476171538	0.5298085179377707
173	45	50	0.26011560693641617	39762929	0.4369714719367945	0.5652369658780799
173	46	64	0.2658959537572254	45849697	0.48507059895008164	0.5942623994085424
173	47	75	0.27167630057803466	52202373	0.4992665452291292	0.6267315018988853
173	48	118	0.2774566473988439	58669664	0.6989238398946663	0.6575849215821986
173	49	123	0.2832369942196532	65076109	0.6568179023975558	0.6822370983110428
173	50	143	0.28901734104046245	71479859	0.6952064588576483	0.7044246511798044
173	51	157	0.2947976878612717	77691919	0.7022394958072217	0.7391720310136606
173	52	162	0.30057803468208094	83654272	0.6729585858833405	0.770814491269395
173	53	230	0.3063583815028902	89227631	0.8957564033363382	0.8042131142900385
173	54	217	0.31213872832369943	94514636	0.7978515916120484	0.8500655192723824
173	55	227	0.3179190751445087	99394937	0.7936390752575562	0.8829268953445474
173	56	276	0.3236994219653179	103897937	0.9231315746658025	0.9162015710040977
173	57	254	0.32947976878612717	107879411	0.8181945794766445	0.9596222732628087
173	58	287	0.3352601156069364	111335145	0.8958000155507136	0.9905869985940067
173	59	333	0.34104046242774566	114339016	1.0120715835694907	1.0349279635560427
173	60	329	0.3468208092485549	116871516	0.978247323649036	1.0736876431348594
173	61	334	0.35260115606936415	118682193	0.9779628381080749	1.1139952073369597
173	62	355	0.3583815028901734	119969752	1.0282957478890393	1.1547738449193892
173	63	386	0.36416184971098264	120574537	1.1124824019632311	1.2134909141619774
173	64	437	0.3699421965317919	120521712	1.2600204472973775	1.2633575848124448
173	65	432	0.37572254335260113	119782711	1.2532885059006629	1.2951289412825158
173	66	449	0.3815028901734104	118406866	1.3177435606695416	1.3319182074012907
173	67	430	0.3872832369942196	116598218	1.2815571870693165	1.371817254794237
173	68	439	0.3930635838150289	114318240	1.3344749891866043	1.4022952755396851
173	69	448	0.3988439306358382	111828121	1.392157701534557	1.444432917404419
173	70	400	0.4046242774566474	109202448	1.2728846967715046	1.509492423235097
173	71	467	0.41040462427745666	106467604	1.5242663001176833	1.5475624751478962
173	72	438	0.4161849710982659	103757895	1.46694694197062	1.5774136199822222
173	73	452	0.42196531791907516	101191932	1.552222573904214	1.607845258064991
173	74	449	0.4277456647398844	98657008	1.5815387915530672	1.6308216278589862
173	75	431	0.43352601156069365	96149245	1.5577323523408626	1.6549470895610128
173	76	456	0.4393063583815029	93690747	1.6913348166225215	1.6745123281440082
173	77	395	0.44508670520231214	91365879	1.5023617115074346	1.6802654450547738
173	78	426	0.4508670520231214	89121556	1.6610713465133295	1.7021575172071781
173	79	420	0.45664739884393063	87000151	1.6776089406401755	1.7222923340014846
173	80	410	0.4624277456647399	85034181	1.675528315277308	1.7417682551040363
173	81	439	0.4682080924855491	83188218	1.833851424583126	1.7527472552820855
173	82	416	0.47398843930635837	81500452	1.7737596094013497	1.7676580779596187
173	83	383	0.4797687861271676	79977989	1.6641395497021763	1.7859183598147026
173	84	370	0.48554913294797686	78603957	1.6357569065002293	1.8002995394005878
173	85	362	0.4913294797687861	77298728	1.627412588766187	1.817930902186084
173	86	404	0.49710982658959535	76040718	1.8462759144157195	1.8272335975859706
173	87	359	0.5028901734104047	74713263	1.6697759152346812	1.840930483204048
173	88	366	0.5086705202312138	73069255	1.7406355695279114	1.8588923638914854
173	89	389	0.5144508670520231	70954792	1.9051506270948322	1.8937595528152043
173	90	328	0.5202312138728323	67990065	1.6764470283346915	1.9403385111648985
173	91	360	0.5260115606936416	64097999	1.9517288272644424	1.9699631717226702
173	92	319	0.5317919075144508	59300206	1.8693728418932614	2.0139428078109645
173	93	298	0.5375722543352601	53881680	1.921925653716506	2.0680074249607863
173	94	294	0.5433526011560693	48282168	2.1160309497339	2.1206248131182246
173	95	241	0.5491329479768786	42822256	1.9557302225689503	2.1674546843395643
173	96	237	0.5549132947976878	37723653	2.18321271825644	2.226079844265435
173	97	208	0.5606936416184971	33202497	2.176977983094968	2.2800115773941445
173	98	210	0.5664739884393064	29244983	2.495337938043002	2.338335986980113
173	99	162	0.5722543352601156	25923258	2.1716352392211014	2.361593418282571
173	100	178	0.5780346820809249	23076902	2.680426756788575	2.4080879911226374
173	101	154	0.5838150289017341	20665657	2.5896015834404205	2.458745591021222
173	102	152	0.5895953757225434	18587970	2.8416662747729142	2.5209854720162372
173	103	128	0.5953757225433526	16824750	2.6437646901701077	2.550263537540782
173	104	129	0.6011560693641619	15306015	2.9287953319797793	2.5750400844929775
173	105	107	0.6069364161849711	13945660	2.6662824429397576	2.5764050749178065
173	106	110	0.6127167630057804	12730272	3.002731155314368	2.615219754271287
173	107	103	0.6184971098265896	11647890	3.0729211182553575	2.59880387713241
173	108	83	0.6242774566473989	10615863	2.7169661965924106	2.6266560490285267
173	109	63	0.630057803468208	9656760	2.2670993866676605	2.6654301364969157
173	110	58	0.6358381502890174	8786741	2.2938320489737856	2.6547856544503343
173	111	61	0.6416184971098265	7968460	2.660215907295872	2.637738757971863
173	112	61	0.6473988439306358	7194125	2.946546529098516	2.614340638636972
173	113	54	0.653179190751445	6456634	2.9063575328476277	2.5834118084678726
173	114	43	0.6589595375722543	5764856	2.5920384529531173	2.5618909133737455
173	115	32	0.6647398843930635	5115974	2.1736173781834855	2.535439169489845
173	116	40	0.6705202312138728	4527678	3.070053234995642	2.488051975006715
173	117	27	0.6763005780346821	4004462	2.343047188703515	2.462793807622764
173	118	23	0.6820809248554913	3540725	2.2573405679001324	2.3895602415334887
173	119	19	0.6878612716763006	3122327	2.1146410780121156	2.327332218622591
173	120	24	0.6936416184971098	2763947	3.0174701231793373	2.2953647781340782
173	121	19	0.6994219653179191	2466929	2.676445464456551	2.1741943661033196
173	122	17	0.7052023121387283	2201429	2.6835252504806673	2.2272386483838
173	123	10	0.7109826589595376	1964244	1.7691555238196732	2.165778801670738
173	124	9	0.7167630057803468	1767770	1.7692051626946295	2.106154423237524
173	125	5	0.7225433526011561	1591921	1.0914653185458483	1.9769140743476727
173	126	4	0.7283236994219653	1436713	0.967500989475184	1.8212476125168144
173	127	8	0.7341040462427746	1294237	2.1480165519790577	1.7415070722826027
173	128	1	0.7398843930635838	1177603	0.2950954712861338	1.7285173950365562
173	129	7	0.7456647398843931	1075950	2.2608273487715556	1.7272769757428383
173	130	3	0.7514450867052023	985800	1.0575329040564971	1.6415411033005856
173	131	7	0.7572254335260116	911368	2.669105329472568	1.5665820968021371
173	132	1	0.7630057803468208	847884	0.40985006471753804	1.5665820968021371
173	133	7	0.7687861271676301	788348	3.0856134421737034	1.5618015836308932
173	134	3	0.7745664739884393	724809	1.4383319423722596	1.5618015836308932
173	135	2	0.7803468208092486	680746	1.0209544008278124	1.5606609885563714
173	136	3	0.7861271676300579	637421	1.6355217930047725	1.4981624450227755
173	137	3	0.791907514450867	588502	1.771473906322995	1.39768900755863
173	138	1	0.7976878612716763	540853	0.6425134228209236	1.262788688647311
173	139	3	0.8034682080924855	485897	2.1455492353706545	1.2620092103759684
173	140	0	0.8092485549132948	423436	0.0	1.114742974558329
173	141	1	0.815028901734104	357352	0.9724454103320116	1.0128254278466986
173	142	1	0.8208092485549133	302358	1.1493174060979534	0.85643049918398
173	143	0	0.8265895953757225	253243	0.0	0.7225728167553975
173	144	0	0.8323699421965318	208723	0.0	0.0
173	145	0	0.838150289017341	171496	0.0	0.0
173	146	0	0.8439306358381503	137105	0.0	0.0
173	147	0	0.8497109826589595	108959	0.0	0.0
173	148	1	0.8554913294797688	83800	4.1468414352382466	0.0
173	149	0	0.861271676300578	66423	0.0	0.0
173	150	0	0.8670520231213873	50299	0.0	0.0
173	151	0	0.8728323699421965	37883	0.0	0.0
173	152	0	0.8786127167630058	28889	0.0	0.0
173	153	0	0.884393063583815	21999	0.0	0.0
173	154	0	0.8901734104046243	15152	0.0	0.0
173	155	0	0.8959537572254336	11243	0.0	0.0
173	156	0	0.9017341040462428	7544	0.0	0.0
173	157	0	0.9075144508670521	5828	0.0	0.0
173	158	0	0.9132947976878613	4389	0.0	0.0
173	159	0	0.9190751445086706	2775	0.0	0.0
173	160	0	0.9248554913294798	2044	0.0	0.0
173	161	0	0.930635838150289	1367	0.0	0.0
173	162	0	0.9364161849710982	984	0.0	0.0
173	163	0	0.9421965317919075	635	0.0	0.0
173	164	0	0.9479768786127167	372	0.0	0.0
173	165	0	0.953757225433526	217	0.0	0.0
173	166	0	0.9595375722543352	151	0.0	0.0
173	167	0	0.9653179190751445	229	0.0	0.0
173	168	0	0.9710982658959537	60	0.0	0.0
173	169	0	0.976878612716763	6	0.0	0.0
173	170	0	0.9826589595375722	15	0.0	0.0
173	171	0	0.9884393063583815	37	0.0	0.0
173	172	0	0.9942196531791907	10	0.0	0.0
173	173	0	1.0	3	0.0	0.0
174	0	0	0.0	79965	0.0	0.0
174	1	0	0.005747126436781609	65782	0.0	0.0
174	2	0	0.011494252873563218	75406	0.0	0.0
174	3	0	0.017241379310344827	83855	0.0	0.0
174	4	0	0.022988505747126436	84555	0.0	0.0
174	5	0	0.028735632183908046	93906	0.0	0.0
174	6	0	0.034482758620689655	98793	0.0	0.0
174	7	0	0.040229885057471264	103884	0.0	0.0
174	8	0	0.04597701149425287	109984	0.0	0.0
174	9	0	0.05172413793103448	111588	0.0	0.0
174	10	0	0.05747126436781609	115763	0.0	0.0
174	11	0	0.06321839080459771	114664	0.0	0.0
174	12	0	0.06896551724137931	114043	0.0	0.0
174	13	0	0.07471264367816093	118944	0.0	0.0
174	14	0	0.08045977011494253	123130	0.0	0.0
174	15	0	0.08620689655172414	129953	0.0	0.0
174	16	0	0.09195402298850575	135697	0.0	0.0
174	17	0	0.09770114942528736	142950	0.0	0.0
174	18	0	0.10344827586206896	149102	0.0	0.0
174	19	0	0.10919540229885058	160905	0.0	0.0
174	20	0	0.11494252873563218	176696	0.0	0.0
174	21	0	0.1206896551724138	193204	0.0	0.0
174	22	0	0.12643678160919541	211851	0.0	0.0
174	23	0	0.13218390804597702	233509	0.0	0.0
174	24	0	0.13793103448275862	267073	0.0	0.0
174	25	0	0.14367816091954022	309939	0.0	0.0
174	26	0	0.14942528735632185	370685	0.0	0.0
174	27	0	0.15517241379310345	446128	0.0	0.0
174	28	0	0.16091954022988506	563471	0.0	0.0
174	29	0	0.16666666666666666	718194	0.0	0.0
174	30	0	0.1724137931034483	930563	0.0	0.0
174	31	1	0.1781609195402299	1235122	0.280686367022506	0.0
174	32	0	0.1839080459770115	1660898	0.0	0.0
174	33	0	0.1896551724137931	2233990	0.0	0.0978539009122577
174	34	0	0.19540229885057472	2999559	0.0	0.17811775030064503
174	35	2	0.20114942528735633	4033136	0.17191679477685437	0.24295115273270762
174	36	6	0.20689655172413793	5355394	0.38841053376416934	0.26284760854833616
174	37	6	0.21264367816091953	7038573	0.2955274374589039	0.30800871430880317
174	38	8	0.21839080459770116	9143935	0.30331091112049385	0.3468197771522421
174	39	8	0.22413793103448276	11689701	0.23725630416693916	0.3811068801752887
174	40	15	0.22988505747126436	14792918	0.3515350118985026	0.41135953696585015
174	41	16	0.23563218390804597	18400371	0.3014564495549109	0.44602201018457593
174	42	34	0.2413793103448276	22555946	0.5225755035202441	0.46717577326818777
174	43	43	0.2471264367816092	27219722	0.5476662106031641	0.49330967529324554
174	44	36	0.25287356321839083	32337446	0.3859472591726811	0.5229312901231199
174	45	58	0.25862068965517243	37909975	0.5304026343081248	0.5576328622737868
174	46	74	0.26436781609195403	43857993	0.584943800750488	0.5874449326863288
174	47	60	0.27011494252873564	50086851	0.4152969093739652	0.6143961133268991
174	48	96	0.27586206896551724	56483357	0.5892260099363229	0.6476500365987371
174	49	114	0.28160919540229884	62844516	0.6288812439750696	0.6752440512314797
174	50	141	0.28735632183908044	69194556	0.7064450111992857	0.6997966955915171
174	51	144	0.29310344827586204	75429364	0.6618403226809431	0.7273881714617759
174	52	147	0.2988505747126437	81417849	0.6259344966287065	0.7583991997936727
174	53	172	0.3045977011494253	87056041	0.6849529029886199	0.7990003980307429
174	54	180	0.3103448275862069	92388317	0.675439766499079	0.84156984619367
174	55	200	0.3160919540229885	97350321	0.7122357758010301	0.8774662619672353
174	56	250	0.3218390804597701	101944049	0.8501769117723872	0.9052809638017367
174	57	253	0.3275862068965517	106086976	0.8267793633162058	0.9538146812918837
174	58	250	0.3333333333333333	109661732	0.7903438617255554	0.9861401834381033
174	59	289	0.3390804597701149	112789437	0.8883018994568277	1.0262011502347699
174	60	315	0.3448275862068966	115478756	0.9456700478139465	1.0488409520775446
174	61	314	0.3505747126436782	117529026	0.9262232701648144	1.097080604581879
174	62	307	0.3563218390804598	118995134	0.8944176276312146	1.1409372259148791
174	63	358	0.3620689655172414	119845248	1.035603203135986	1.187997891567552
174	64	376	0.367816091954023	120045834	1.0858552328904552	1.2391569878319089
174	65	360	0.3735632183908046	119578189	1.0437144730754015	1.2820451859135895
174	66	411	0.3793103448275862	118410853	1.2033209808980427	1.3190890288607828
174	67	383	0.3850574712643678	116805893	1.136750612271471	1.3539536863086474
174	68	400	0.39080459770114945	114696914	1.2090365639988243	1.3920325917651426
174	69	407	0.39655172413793105	112306261	1.2563817448512122	1.4178744647205916
174	70	397	0.40229885057471265	109760470	1.253937023801009	1.4694492525936447
174	71	379	0.40804597701149425	107101923	1.2267981664216023	1.5214219442445565
174	72	420	0.41379310344827586	104397032	1.3947369781932124	1.5581508762722194
174	73	403	0.41954022988505746	101800458	1.3724182707002888	1.5856677294835624
174	74	403	0.42528735632183906	99302077	1.4069474954170127	1.6105851183819653
174	75	391	0.43103448275862066	96804730	1.4002686195265717	1.6346549103149852
174	76	386	0.4367816091954023	94341794	1.4184510430837753	1.6645060133055647
174	77	392	0.4425287356321839	91985080	1.4774059830980424	1.6809151619867186
174	78	415	0.4482758620689655	89731239	1.603376850830871	1.6849617223442956
174	79	371	0.4540229885057471	87568532	1.4687809029452619	1.7072994111679283
174	80	388	0.45977011494252873	85578615	1.5718013188191207	1.7372596675017786
174	81	385	0.46551724137931033	83685122	1.5949374394015352	1.742511975597273
174	82	384	0.47126436781609193	81942906	1.624617172982314	1.7640698662064882
174	83	349	0.47701149425287354	80367388	1.5054861002368336	1.777594088065719
174	84	340	0.4827586206896552	78897957	1.493978461105835	1.796775284124422
174	85	382	0.4885057471264368	77542006	1.7078806096099237	1.8084139787635873
174	86	368	0.4942528735632184	76228060	1.6736480212079694	1.8279004243982913
174	87	304	0.5	74878477	1.407497907989098	1.8372246121560827
174	88	359	0.5057471264367817	73396760	1.6956988921096274	1.8516466592833714
174	89	346	0.5114942528735632	71533065	1.6768740417499484	1.8727687056420548
174	90	357	0.5172413793103449	69027712	1.7929819374922504	1.9146567416125926
174	91	338	0.5229885057471264	65692379	1.783745486964861	1.9593159535752431
174	92	312	0.5287356321839081	61434171	1.7606610983158923	1.9890121491679906
174	93	290	0.5344827586206896	56396699	1.7826886114872746	2.046127097213693
174	94	265	0.5402298850574713	50934077	1.8037178794373063	2.0922268832012976
174	95	292	0.5459770114942529	45454805	2.2270718540492016	2.1465273515785266
174	96	229	0.5517241379310345	40199134	1.974922064370638	2.212361640322071
174	97	206	0.5574712643678161	35396978	2.0175867229109716	2.2531810862940276
174	98	181	0.5632183908045977	31180045	2.012486677576394	2.3056934768429778
174	99	187	0.5689655172413793	27530988	2.3547835119753016	2.3484846516285707
174	100	154	0.5747126436781609	24471559	2.1816760296912032	2.3888065595854377
174	101	164	0.5804597701149425	21839657	2.603329930940296	2.4452933503021956
174	102	106	0.5862068965517241	19610495	1.8739089524774664	2.4924834523981967
174	103	101	0.5919540229885057	17689313	1.9794365449900022	2.521408835059654
174	104	105	0.5977011494252874	16063699	2.2660783320208515	2.548725797701271
174	105	103	0.603448275862069	14634493	2.4400050225167265	2.570209975478162
174	106	93	0.6091954022988506	13349979	2.4150912411090806	2.5845173165747983
174	107	72	0.6149425287356322	12207818	2.044681310344662	2.5890867461179625
174	108	90	0.6206896551724138	11166718	2.7941398386581846	2.5845173165747983
174	109	57	0.6264367816091954	10165825	1.9438529287633401	2.6273376564226836
174	110	67	0.632183908045977	9258018	2.5089266157876664	2.6659755941110386
174	111	57	0.6379310344827587	8418276	2.3473771470008327	2.6228959544949326
174	112	46	0.6436781609195402	7633022	2.089260023414094	2.6211330472929886
174	113	48	0.6494252873563219	6873312	2.421064479025459	2.5993613571915914
174	114	52	0.6551724137931034	6165681	2.9238390965244108	2.5890867461179625
174	115	35	0.6609195402298851	5495630	2.207911876406346	2.555615943492153
174	116	32	0.6666666666666666	4873354	2.2764242089341944	2.550402388297383
174	117	28	0.6724137931034483	4312226	2.2510632319057504	2.504222265066489
174	118	22	0.6781609195402298	3818419	1.9974240527848244	2.443665961688789
174	119	18	0.6839080459770115	3375036	1.8489504485795971	2.3969654597064265
174	120	16	0.6896551724137931	2979927	1.8614249651595982	2.3144999679607388
174	121	19	0.6954022988505747	2645739	2.4896470260981376	2.299563368564236
174	122	18	0.7011494252873564	2365556	2.6379736206508277	2.2517011303055328
174	123	12	0.7068965517241379	2110318	1.971353551509706	2.1928371502746367
174	124	13	0.7126436781609196	1892056	2.3819933401148967	2.165823080886891
174	125	11	0.7183908045977011	1702338	2.2401549968956154	2.067624888881758
174	126	9	0.7241379310344828	1535494	2.0320086975827616	1.8838758529777586
174	127	11	0.7298850574712644	1387333	2.748800019249371	1.7901815694348313
174	128	3	0.735632183908046	1252340	0.8304819146786934	1.7389677166348554
174	129	7	0.7413793103448276	1141581	2.125800402307853	1.7329412149568266
174	130	4	0.7471264367816092	1044747	1.3273334386586289	1.7083977706328455
174	131	9	0.7528735632183908	961314	3.2457003258936674	1.5801978407278998
174	132	7	0.7586206896551724	886865	2.7363503453930433	1.575222521441983
174	133	6	0.764367816091954	829958	2.506261090389429	1.5656360679998902
174	134	2	0.7701149425287356	767288	0.9036552298734546	1.5639869180180674
174	135	3	0.7758620689655172	707064	1.4709357583312328	1.5764733401611262
174	136	2	0.7816091954022989	666418	1.0404338028371731	1.5662741748849573
174	137	0	0.7873563218390804	622952	0.0	1.5052864067704732
174	138	1	0.7931034482758621	574859	0.6030729396418454	1.3920809946980897
174	139	2	0.7988505747126436	525985	1.3182197477478317	1.2680146319129375
174	140	3	0.8045977011494253	471535	2.205659645686354	1.2709223147993611
174	141	1	0.8103448275862069	408363	0.8489552359287488	1.0693209724114718
174	142	1	0.8160919540229885	342785	1.0113683708726215	1.0215365720167986
174	143	1	0.8218390804597702	291126	1.1908311418752417	0.7863359534010936
174	144	2	0.8275862068965517	242136	2.8635304705584597	0.5142831848684121
174	145	0	0.8333333333333334	199951	0.0	0.0
174	146	1	0.8390804597701149	163820	2.11623676602107	0.0
174	147	0	0.8448275862068966	130718	0.0	0.0
174	148	0	0.8505747126436781	103793	0.0	0.0
174	149	2	0.8563218390804598	79727	8.696725250155446	0.0
174	150	0	0.8620689655172413	63294	0.0	0.0
174	151	0	0.867816091954023	47728	0.0	0.0
174	152	0	0.8735632183908046	36127	0.0	0.0
174	153	0	0.8793103448275862	27528	0.0	0.0
174	154	0	0.8850574712643678	20909	0.0	0.0
174	155	0	0.8908045977011494	14287	0.0	0.0
174	156	0	0.896551724137931	10730	0.0	0.0
174	157	0	0.9022988505747126	7108	0.0	0.0
174	158	0	0.9080459770114943	5536	0.0	0.0
174	159	0	0.9137931034482759	4175	0.0	0.0
174	160	0	0.9195402298850575	2626	0.0	0.0
174	161	0	0.9252873563218391	1987	0.0	0.0
174	162	0	0.9310344827586207	1299	0.0	0.0
174	163	0	0.9367816091954023	941	0.0	0.0
174	164	0	0.9425287356321839	621	0.0	0.0
174	165	0	0.9482758620689655	336	0.0	0.0
174	166	0	0.9540229885057471	210	0.0	0.0
174	167	0	0.9597701149425287	149	0.0	0.0
174	168	0	0.9655172413793104	228	0.0	0.0
174	169	0	0.9712643678160919	51	0.0	0.0
174	170	0	0.9770114942528736	6	0.0	0.0
174	171	0	0.9827586206896551	17	0.0	0.0
174	172	0	0.9885057471264368	35	0.0	0.0
174	173	0	0.9942528735632183	10	0.0	0.0
174	174	0	1.0	2	0.0	0.0
175	0	0	0.0	79035	0.0	0.0
175	1	0	0.005714285714285714	65077	0.0	0.0
175	2	0	0.011428571428571429	74612	0.0	0.0
175	3	0	0.017142857142857144	83020	0.0	0.0
175	4	0	0.022857142857142857	83845	0.0	0.0
175	5	0	0.02857142857142857	92852	0.0	0.0
175	6	0	0.03428571428571429	97847	0.0	0.0
175	7	0	0.04	102574	0.0	0.0
175	8	0	0.045714285714285714	108938	0.0	0.0
175	9	0	0.05142857142857143	110547	0.0	0.0
175	10	0	0.05714285714285714	114681	0.0	0.0
175	11	0	0.06285714285714286	113698	0.0	0.0
175	12	0	0.06857142857142857	112873	0.0	0.0
175	13	0	0.07428571428571429	117566	0.0	0.0
175	14	0	0.08	121537	0.0	0.0
175	15	0	0.08571428571428572	127888	0.0	0.0
175	16	0	0.09142857142857143	133998	0.0	0.0
175	17	0	0.09714285714285714	140670	0.0	0.0
175	18	0	0.10285714285714286	146869	0.0	0.0
175	19	0	0.10857142857142857	157434	0.0	0.0
175	20	0	0.11428571428571428	173044	0.0	0.0
175	21	0	0.12	188370	0.0	0.0
175	22	0	0.12571428571428572	207055	0.0	0.0
175	23	0	0.13142857142857142	226903	0.0	0.0
175	24	0	0.13714285714285715	258681	0.0	0.0
175	25	0	0.14285714285714285	298734	0.0	0.0
175	26	0	0.14857142857142858	355047	0.0	0.0
175	27	0	0.15428571428571428	424301	0.0	0.0
175	28	0	0.16	532845	0.0	0.0
175	29	0	0.1657142857142857	677074	0.0	0.0
175	30	0	0.17142857142857143	871468	0.0	0.0
175	31	1	0.17714285714285713	1149308	0.33555818742061627	0.0
175	32	2	0.18285714285714286	1544598	0.49936580167527556	0.0
175	33	1	0.18857142857142858	2072996	0.18603977492866056	0.0
175	34	0	0.19428571428571428	2784403	0.0	0.16615709973404652
175	35	0	0.2	3738717	0.0	0.20983462983330536
175	36	3	0.2057142857142857	4975949	0.23251426568158978	0.25347250910620994
175	37	6	0.21142857142857144	6549486	0.35330379446693705	0.2847755675737332
175	38	8	0.21714285714285714	8528464	0.36176240811289223	0.3343082765218801
175	39	7	0.22285714285714286	10936349	0.24684819082457002	0.37711639658583523
175	40	18	0.22857142857142856	13861305	0.5008096111314372	0.4029213591708114
175	41	12	0.2342857142857143	17315220	0.2672744851764034	0.4456392246299792
175	42	22	0.24	21278999	0.3987271019607784	0.4661707816251911
175	43	24	0.24571428571428572	25777273	0.359069519201365	0.49198593212203806
175	44	43	0.25142857142857145	30724008	0.5397527398939809	0.5222329860450396
175	45	52	0.2571428571428571	36124616	0.5551423683489592	0.5578607585726729
175	46	62	0.26285714285714284	41922318	0.57036211534431	0.5886076627196977
175	47	78	0.26857142857142857	48013948	0.6265149727513568	0.6184501819136754
175	48	82	0.2742857142857143	54335545	0.5820148884119432	0.648598262251361
175	49	85	0.28	60652260	0.540475742994262	0.6780726799481067
175	50	111	0.2857142857142857	66937371	0.6395265766973357	0.7014010801820094
175	51	94	0.2914285714285714	73185123	0.49534674787925526	0.7204242237832008
175	52	105	0.29714285714285715	79169122	0.5114906980166009	0.7500941235600411
175	53	148	0.3028571428571429	84906828	0.6722384797093824	0.7984033814333352
175	54	169	0.30857142857142855	90256803	0.7221227508611656	0.8378399410603081
175	55	195	0.3142857142857143	95295946	0.7891588935720587	0.8675490719761699
175	56	182	0.32	99981171	0.7020328566343605	0.8957010053386575
175	57	225	0.32571428571428573	104243969	0.832407240607877	0.9428294304914608
175	58	243	0.3314285714285714	107979540	0.8678987644522964	0.9815444981059728
175	59	236	0.33714285714285713	111200872	0.8184800150420692	1.0214496569696792
175	60	262	0.34285714285714286	114051325	0.885941867209518	1.0464495577917519
175	61	296	0.3485714285714286	116300682	0.9815529193829838	1.0922042635851448
175	62	323	0.35428571428571426	117956540	1.0560506953965283	1.1282191390310221
175	63	366	0.36	119035375	1.1857941691038736	1.1673163060934706
175	64	326	0.3657142857142857	119477201	1.0522933594784536	1.2346005622768537
175	65	358	0.37142857142857144	119273810	1.1575565157007133	1.272323894760446
175	66	369	0.37714285714285717	118341860	1.20251982451431	1.3038165731019875
175	67	360	0.38285714285714284	116924396	1.1874125510683409	1.3420293028810348
175	68	370	0.38857142857142857	115017957	1.2406244742215777	1.380307100412418
175	69	363	0.3942857142857143	112747188	1.241667104498331	1.4102100789348273
175	70	354	0.4	110292878	1.237827315385467	1.4452668392278163
175	71	401	0.4057142857142857	107686979	1.4361025339607072	1.5142833162165952
175	72	387	0.4114285714285714	105046431	1.420803220689347	1.5483944742481104
175	73	349	0.41714285714285715	102411096	1.3142642134650795	1.5729347359320847
175	74	427	0.4228571428571429	99908387	1.6482769945774602	1.601282492630964
175	75	365	0.42857142857142855	97457640	1.4443792593666847	1.628082616289892
175	76	356	0.4342857142857143	94984132	1.4454504516545232	1.6583352026647862
175	77	374	0.44	92620855	1.557281362455973	1.6823189270117382
175	78	343	0.44571428571428573	90330178	1.4644195683853152	1.6898117072444856
175	79	324	0.4514285714285714	88177693	1.4170675320666013	1.702986420470888
175	80	349	0.45714285714285713	86103025	1.5631882681768352	1.7363142281607515
175	81	351	0.46285714285714286	84224294	1.6072151100853727	1.7503257888546644
175	82	315	0.4685714285714286	82411678	1.4740970135254896	1.7670283235600244
175	83	332	0.4742857142857143	80773833	1.5851547304555986	1.7833288738381128
175	84	317	0.48	79262219	1.5424010251083222	1.7989111116911936
175	85	303	0.4857142857142857	77828484	1.5014411935379357	1.8120479040907573
175	86	294	0.49142857142857144	76446603	1.4831784549641274	1.8306791625739807
175	87	302	0.49714285714285716	75081235	1.551242893100255	1.8420636271988227
175	88	298	0.5028571428571429	73635978	1.5607396884423543	1.8530597949014522
175	89	313	0.5085714285714286	71955234	1.677591500861331	1.8700448603477313
175	90	326	0.5142857142857142	69811317	1.80092670678842	1.894578435384931
175	91	294	0.52	66941424	1.6937786463101834	1.9572041242916656
175	92	268	0.5257142857142857	63252091	1.6340456173034288	1.9825873271645964
175	93	284	0.5314285714285715	58686144	1.8663239730338368	2.0264066133669933
175	94	254	0.5371428571428571	53494989	1.8311540573281633	2.0808058233726814
175	95	232	0.5428571428571428	48066388	1.8614473912659957	2.1435359387660395
175	96	244	0.5485714285714286	42748287	2.2012804644404893	2.218696021484522
175	97	195	0.5542857142857143	37732581	1.993069154406974	2.254739522369635
175	98	182	0.56	33244053	2.111357092553621	2.301241430439001
175	99	160	0.5657142857142857	29314120	2.1049771742382912	2.350568587528565
175	100	153	0.5714285714285714	25964642	2.2725495509626548	2.3710339434007217
175	101	123	0.5771428571428572	23132271	2.050647955834759	2.418883842867395
175	102	112	0.5828571428571429	20705684	2.0860884111830127	2.464943519862721
175	103	118	0.5885714285714285	18637183	2.441777048260223	2.5139980941377917
175	104	108	0.5942857142857143	16867130	2.469373782080619	2.5472063657399486
175	105	94	0.6	15351922	2.3613989617191438	2.568649928484212
175	106	81	0.6057142857142858	14003603	2.230742791745032	2.5833163828023653
175	107	96	0.6114285714285714	12793979	2.8938090401531307	2.6039492422012214
175	108	80	0.6171428571428571	11708357	2.635107277771005	2.5930130570530534
175	109	74	0.6228571428571429	10702225	2.666624789315587	2.6008249634925686
175	110	50	0.6285714285714286	9742785	1.9792067117770413	2.6628273475844915
175	111	56	0.6342857142857142	8873989	2.4337356874128155	2.6796426810982688
175	112	49	0.64	8069599	2.3417924179544323	2.66465198677693
175	113	41	0.6457142857142857	7304728	2.1646320136750554	2.6314047176064435
175	114	45	0.6514285714285715	6569341	2.641769839175743	2.603809813304793
175	115	37	0.6571428571428571	5883575	2.4252957161107838	2.5961912988518336
175	116	32	0.6628571428571428	5239388	2.3554488991035667	2.5619956161550763
175	117	28	0.6685714285714286	4641098	2.3267062793124347	2.5513639712428486
175	118	23	0.6742857142857143	4111892	2.1571999734342033	2.5019425990705075
175	119	17	0.68	3641361	1.8004847796074686	2.4370530481435306
175	120	14	0.6857142857142857	3218805	1.677403859429879	2.3602762119646554
175	121	15	0.6914285714285714	2846400	2.032355128941893	2.3175982892386
175	122	21	0.6971428571428572	2537161	3.1920930105059497	2.249581070755532
175	123	14	0.7028571428571428	2266793	2.3818830964063284	2.175743292774692
175	124	17	0.7085714285714285	2027993	3.2328588202997897	2.1738409974079658
175	125	7	0.7142857142857143	1820600	1.482817733096834	2.1461355270431146
175	126	12	0.72	1642148	2.8182091451051696	2.0239624230808904
175	127	11	0.7257142857142858	1482148	2.8622356215088844	1.8766804962872388
175	128	9	0.7314285714285714	1339651	2.590926579692862	1.7395668203212606
175	129	3	0.7371428571428571	1212368	0.9543134822133551	1.7395668203212606
175	130	5	0.7428571428571429	1108033	1.7402898165849467	1.711028480283002
175	131	2	0.7485714285714286	1015548	0.7595105485275213	1.711028480283002
175	132	4	0.7542857142857143	936871	1.646586175761716	1.5832636331668624
175	133	6	0.76	865619	2.6731833007455723	1.5703195424263243
175	134	5	0.7657142857142857	810200	2.3800278281165985	1.5714671963682438
175	135	2	0.7714285714285715	747175	1.0323142751511056	1.5714671963682438
175	136	2	0.7771428571428571	690877	1.1164352244119102	1.58651477791531
175	137	3	0.7828571428571428	652866	1.7721540527520823	1.57690490574647
175	138	2	0.7885714285714286	607444	1.2697786438519885	1.5302187384556838
175	139	2	0.7942857142857143	562079	1.3722615834002467	1.3383611473824857
175	140	1	0.8	511360	0.7541843501017162	1.2739369317719054
175	141	4	0.8057142857142857	457598	3.371166038907632	1.2739369317719054
175	142	3	0.8114285714285714	392576	2.9471468653306387	0.9922038668644719
175	143	2	0.8171428571428572	329817	2.338628447096503	0.9180859029647741
175	144	2	0.8228571428571428	279571	2.7589392981962626	0.5928261677125378
175	145	1	0.8285714285714286	231410	1.6665645791798696	0.0
175	146	1	0.8342857142857143	191565	2.0132054877875065	0.0
175	147	0	0.84	156716	0.0	0.0
175	148	0	0.8457142857142858	124584	0.0	0.0
175	149	0	0.8514285714285714	98808	0.0	0.0
175	150	0	0.8571428571428571	75830	0.0	0.0
175	151	0	0.8628571428571429	60363	0.0	0.0
175	152	0	0.8685714285714285	45302	0.0	0.0
175	153	0	0.8742857142857143	34458	0.0	0.0
175	154	0	0.88	26211	0.0	0.0
175	155	0	0.8857142857142857	19944	0.0	0.0
175	156	0	0.8914285714285715	13452	0.0	0.0
175	157	0	0.8971428571428571	10184	0.0	0.0
175	158	0	0.9028571428571428	6746	0.0	0.0
175	159	0	0.9085714285714286	5260	0.0	0.0
175	160	0	0.9142857142857143	3934	0.0	0.0
175	161	0	0.92	2520	0.0	0.0
175	162	0	0.9257142857142857	1932	0.0	0.0
175	163	0	0.9314285714285714	1224	0.0	0.0
175	164	0	0.9371428571428572	911	0.0	0.0
175	165	0	0.9428571428571428	599	0.0	0.0
175	166	0	0.9485714285714286	303	0.0	0.0
175	167	0	0.9542857142857143	206	0.0	0.0
175	168	0	0.96	149	0.0	0.0
175	169	0	0.9657142857142857	223	0.0	0.0
175	170	0	0.9714285714285714	44	0.0	0.0
175	171	0	0.9771428571428571	8	0.0	0.0
175	172	0	0.9828571428571429	15	0.0	0.0
175	173	0	0.9885714285714285	35	0.0	0.0
175	174	0	0.9942857142857143	10	0.0	0.0
175	175	0	1.0	1	0.0	0.0
176	0	0	0.0	78116	0.0	0.0
176	1	0	0.005681818181818182	64392	0.0	0.0
176	2	0	0.011363636363636364	73805	0.0	0.0
176	3	0	0.017045454545454544	82232	0.0	0.0
176	4	0	0.022727272727272728	83103	0.0	0.0
176	5	0	0.028409090909090908	91838	0.0	0.0
176	6	0	0.03409090909090909	96873	0.0	0.0
176	7	0	0.03977272727272727	101347	0.0	0.0
176	8	0	0.045454545454545456	107977	0.0	0.0
176	9	0	0.05113636363636364	109424	0.0	0.0
176	10	0	0.056818181818181816	113546	0.0	0.0
176	11	0	0.0625	112824	0.0	0.0
176	12	0	0.06818181818181818	111612	0.0	0.0
176	13	0	0.07386363636363637	116444	0.0	0.0
176	14	0	0.07954545454545454	119962	0.0	0.0
176	15	0	0.08522727272727272	125949	0.0	0.0
176	16	0	0.09090909090909091	131966	0.0	0.0
176	17	0	0.09659090909090909	138603	0.0	0.0
176	18	0	0.10227272727272728	144866	0.0	0.0
176	19	0	0.10795454545454546	154116	0.0	0.0
176	20	0	0.11363636363636363	169468	0.0	0.0
176	21	0	0.11931818181818182	183772	0.0	0.0
176	22	0	0.125	202511	0.0	0.0
176	23	0	0.13068181818181818	220533	0.0	0.0
176	24	0	0.13636363636363635	250817	0.0	0.0
176	25	0	0.14204545454545456	288154	0.0	0.0
176	26	0	0.14772727272727273	340486	0.0	0.0
176	27	0	0.1534090909090909	404631	0.0	0.0
176	28	0	0.1590909090909091	504303	0.0	0.0
176	29	0	0.16477272727272727	638741	0.0	0.0
176	30	0	0.17045454545454544	817869	0.0	0.0
176	31	0	0.17613636363636365	1071386	0.0	0.0
176	32	0	0.18181818181818182	1435682	0.0	0.0
176	33	4	0.1875	1925096	0.8889577693327506	0.0
176	34	1	0.19318181818181818	2585048	0.1655026372732151	0.14107887031947233
176	35	0	0.19886363636363635	3467884	0.0	0.18943380059986892
176	36	0	0.20454545454545456	4621623	0.0	0.24716433046983585
176	37	3	0.21022727272727273	6094030	0.21061543583368483	0.2698771431918164
176	38	9	0.2159090909090909	7948139	0.4844518136007248	0.3199466857903051
176	39	6	0.2215909090909091	10228765	0.2509583091279447	0.36303028718029157
176	40	14	0.22727272727272727	12988081	0.46116525302620937	0.39687625162558404
176	41	16	0.23295454545454544	16272697	0.42066267095402826	0.4275788175122574
176	42	17	0.23863636363636365	20067240	0.36243890266541157	0.46536064578192426
176	43	28	0.24431818181818182	24392764	0.4911006936884973	0.48605789850912273
176	44	33	0.25	29170803	0.48399300590967814	0.5122275656701261
176	45	38	0.2556818181818182	34401166	0.47258938653876753	0.5385290235269603
176	46	54	0.26136363636363635	40046373	0.5769047329156104	0.5788340117453397
176	47	69	0.26704545454545453	45998138	0.6417743701271487	0.6089122498662924
176	48	79	0.2727272727272727	52217501	0.6472685978739229	0.6401967838756393
176	49	86	0.2784090909090909	58493282	0.6290222266395501	0.6709795579115196
176	50	93	0.2840909090909091	64720663	0.6147712101997482	0.6902312413480243
176	51	116	0.2897727272727273	70953515	0.6994514976661921	0.716719951084123
176	52	128	0.29545454545454547	76947298	0.7116887908028274	0.743222721184571
176	53	131	0.30113636363636365	82723971	0.6775064781839156	0.7882724726207562
176	54	162	0.3068181818181818	88158673	0.7861827316685193	0.8211534824390324
176	55	160	0.3125	93216443	0.7343464268042927	0.8542136579447662
176	56	186	0.3181818181818182	98022117	0.8118249541058181	0.8825395569751597
176	57	195	0.32386363636363635	102362872	0.8150151452196533	0.9177420207248279
176	58	233	0.32954545454545453	106254466	0.938171548707789	0.962895148981654
176	59	247	0.3352272727272727	109612705	0.9640722632018706	0.9932137498765284
176	60	244	0.3409090909090909	112563728	0.9273952955839863	1.0338653319779878
176	61	259	0.3465909090909091	115017414	0.9634067735409457	1.0787995058695525
176	62	279	0.3522727272727273	116858798	1.0214481322349405	1.108859762057066
176	63	300	0.35795454545454547	118146058	1.0863644595180235	1.1570622289324553
176	64	291	0.36363636363636365	118815556	1.0478357572139325	1.2123838388322414
176	65	304	0.3693181818181818	118876352	1.0940864629599878	1.253283299427992
176	66	337	0.375	118193820	1.2198562675953406	1.2914487197173632
176	67	348	0.3806818181818182	116975348	1.2727949054213703	1.3277247190366297
176	68	368	0.38636363636363635	115254945	1.3660348562384794	1.3617819148975285
176	69	329	0.39204545454545453	113151742	1.243965064419536	1.398290826473675
176	70	335	0.3977272727272727	110781775	1.2937489726543903	1.423569150613307
176	71	342	0.4034090909090909	108262097	1.3515222546024097	1.4661008106754283
176	72	305	0.4090909090909091	105656900	1.2350243074588059	1.5231213440763949
176	73	365	0.4147727272727273	103045528	1.5154347643249042	1.5603476884552983
176	74	347	0.42045454545454547	100495449	1.4772588829650786	1.5915486576816689
176	75	334	0.42613636363636365	98079095	1.4569463078100584	1.6116664872966373
176	76	293	0.4318181818181818	95631952	1.3108051230932745	1.6376894958775516
176	77	319	0.4375	93255386	1.4634917860018746	1.6637343681478192
176	78	316	0.4431818181818182	90934106	1.4867358417423784	1.6811623168770227
176	79	308	0.44886363636363635	88773477	1.4843660627957362	1.6926263593655548
176	80	335	0.45454545454545453	86680557	1.6534712345593234	1.7032983861648778
176	81	323	0.4602272727272727	84736586	1.6308164746848026	1.729047361171015
176	82	304	0.4659090909090909	82915479	1.568597432685234	1.7473040773903656
176	83	316	0.4715909090909091	81220669	1.664539288970898	1.770820245702782
176	84	319	0.4772727272727273	79652389	1.713426215143832	1.78253904068719
176	85	313	0.48295454545454547	78173397	1.7130059966892204	1.8011281682647011
176	86	279	0.48863636363636365	76723457	1.5557849661586574	1.8188697854519869
176	87	318	0.4943181818181818	75292445	1.8069629582351372	1.8389707732283525
176	88	319	0.5	73881340	1.847266054073115	1.8478469948701377
176	89	260	0.5056818181818182	72259966	1.5393916457730004	1.864170747265473
176	90	287	0.5113636363636364	70387581	1.7444534575515958	1.8835965955987921
176	91	253	0.5170454545454546	67926686	1.593505712230626	1.925726817933629
176	92	236	0.5227272727272727	64716006	1.560176839540633	1.9770581259213715
176	93	265	0.5284090909090909	60695438	1.867941859017976	1.9935567416405442
176	94	254	0.5340909090909091	55888193	1.944407013040732	2.057957302929637
176	95	212	0.5397727272727273	50636538	1.791205382826611	2.1150848603693593
176	96	236	0.5454545454545454	45298320	2.2289659684679837	2.175269032764795
176	97	230	0.5511363636363636	40177365	2.449175552948919	2.2269329923559886
176	98	183	0.5568181818181818	35435444	2.2094630407466203	2.273027150460507
176	99	154	0.5625	31243777	2.1087773180428515	2.3190244317900617
176	100	153	0.5681818181818182	27605638	2.3711944641928246	2.359267121874734
176	101	136	0.5738636363636364	24528646	2.3721320598367974	2.371374235645646
176	102	93	0.5795454545454546	21897518	1.8170278621275737	2.4299995122401326
176	103	96	0.5852272727272727	19664358	2.0886467334389263	2.476352632967991
176	104	109	0.5909090909090909	17739803	2.628761801981999	2.506894381233268
176	105	88	0.5965909090909091	16103777	2.337913584499513	2.54213234974185
176	106	75	0.6022727272727273	14690538	2.1842235873756812	2.5705297951205193
176	107	76	0.6079545454545454	13409283	2.4248315045865327	2.586493417960927
176	108	59	0.6136363636363636	12268426	2.0574850781341603	2.599460362670584
176	109	70	0.6193181818181818	11235050	2.665609703868653	2.5982544172904087
176	110	59	0.625	10253153	2.4618869363592997	2.6064610849481133
176	111	57	0.6306818181818182	9341916	2.61043226081646	2.6869884116269236
176	112	49	0.6363636363636364	8510648	2.4632414373634837	2.678915562877153
176	113	44	0.6420454545454546	7733526	2.434157395349212	2.6552239839831038
176	114	44	0.6477272727272727	6987411	2.694076461943545	2.6284128368679545
176	115	34	0.6534090909090909	6275547	2.3179329053303093	2.5928905843667533
176	116	28	0.6590909090909091	5616363	2.1329289651291776	2.5650080091620624
176	117	33	0.6647727272727273	4991788	2.8283381883944303	2.5642202856925485
176	118	24	0.6704545454545454	4425587	2.3201383851381534	2.4918356600913865
176	119	22	0.6761363636363636	3919796	2.4012243883387563	2.4577946397495
176	120	24	0.6818181818181818	3473573	2.956026626032735	2.4108241269030803
176	121	18	0.6875	3071702	2.507072856221503	2.362219443047578
176	122	11	0.6931818181818182	2722464	1.7286380559141836	2.317609712377214
176	123	13	0.6988636363636364	2434119	2.284941450772149	2.1860292801452195
176	124	11	0.7045454545454546	2174722	2.1640259657355525	2.182158505276808
176	125	6	0.7102272727272727	1950279	1.3162186378805807	2.176594024478065
176	126	5	0.7159090909090909	1753918	1.21964727392572	2.121585887565789
176	127	3	0.7215909090909091	1582948	0.810826877720273	2.015334943998705
176	128	7	0.7272727272727273	1431861	2.09156184178838	1.8638004557849703
176	129	6	0.7329545454545454	1295812	1.9809922804134406	1.7436663408831974
176	130	9	0.7386363636363636	1173520	3.281145914258514	1.7114945485165158
176	131	4	0.7443181818181818	1076600	1.589568127355936	1.742960656610522
176	132	2	0.75	988349	0.8657513924288894	1.7114945485165158
176	133	3	0.7556818181818182	912860	1.4060171159143249	1.5855881228866002
176	134	1	0.7613636363636364	846087	0.5056598925144226	1.6148292647175553
176	135	3	0.7670454545454546	789627	1.6254469318216709	1.589334157603405
176	136	4	0.7727272727272727	728303	2.3497487253401412	1.6148292647175553
176	137	1	0.7784090909090909	675722	0.6331483383371419	1.5753299885348973
176	138	4	0.7840909090909091	639303	2.6768669096053057	1.5855881228866002
176	139	1	0.7897727272727273	592449	0.7221419252591365	1.513989604082976
176	140	2	0.7954545454545454	548555	1.5598518342840744	1.2715891533870147
176	141	3	0.8011363636363636	497615	2.579296814673092	1.2308859621614672
176	142	5	0.8068181818181818	443137	4.8273136916783095	1.114274747494254
176	143	1	0.8125	377463	1.1334415862689857	0.8456780126176927
176	144	0	0.8181818181818182	317334	0.0	0.7912174536876976
176	145	0	0.8238636363636364	268293	0.0	0.0
176	146	1	0.8295454545454546	221253	1.9336789172479025	0.0
176	147	1	0.8352272727272727	183656	2.329530543395534	0.0
176	148	1	0.8409090909090909	149646	2.8589622273756077	0.0
176	149	0	0.8465909090909091	118902	0.0	0.0
176	150	0	0.8522727272727273	93972	0.0	0.0
176	151	0	0.8579545454545454	72180	0.0	0.0
176	152	0	0.8636363636363636	57544	0.0	0.0
176	153	0	0.8693181818181818	43013	0.0	0.0
176	154	0	0.875	32815	0.0	0.0
176	155	0	0.8806818181818182	25047	0.0	0.0
176	156	0	0.8863636363636364	19025	0.0	0.0
176	157	0	0.8920454545454546	12644	0.0	0.0
176	158	0	0.8977272727272727	9636	0.0	0.0
176	159	0	0.9034090909090909	6433	0.0	0.0
176	160	0	0.9090909090909091	4985	0.0	0.0
176	161	0	0.9147727272727273	3719	0.0	0.0
176	162	0	0.9204545454545454	2419	0.0	0.0
176	163	0	0.9261363636363636	1868	0.0	0.0
176	164	0	0.9318181818181818	1157	0.0	0.0
176	165	0	0.9375	890	0.0	0.0
176	166	0	0.9431818181818182	567	0.0	0.0
176	167	0	0.9488636363636364	280	0.0	0.0
176	168	0	0.9545454545454546	198	0.0	0.0
176	169	0	0.9602272727272727	151	0.0	0.0
176	170	0	0.9659090909090909	218	0.0	0.0
176	171	0	0.9715909090909091	37	0.0	0.0
176	172	0	0.9772727272727273	10	0.0	0.0
176	173	0	0.9829545454545454	14	0.0	0.0
176	174	0	0.9886363636363636	34	0.0	0.0
176	175	0	0.9943181818181818	10	0.0	0.0
176	176	0	1.0	0		
177	0	0	0.0	77212	0.0	0.0
177	1	0	0.005649717514124294	63700	0.0	0.0
177	2	0	0.011299435028248588	73057	0.0	0.0
177	3	0	0.01694915254237288	81384	0.0	0.0
177	4	0	0.022598870056497175	82386	0.0	0.0
177	5	0	0.02824858757062147	90882	0.0	0.0
177	6	0	0.03389830508474576	95900	0.0	0.0
177	7	0	0.03954802259887006	100108	0.0	0.0
177	8	0	0.04519774011299435	107068	0.0	0.0
177	9	0	0.05084745762711865	108389	0.0	0.0
177	10	0	0.05649717514124294	112240	0.0	0.0
177	11	0	0.062146892655367235	112068	0.0	0.0
177	12	0	0.06779661016949153	110467	0.0	0.0
177	13	0	0.07344632768361582	115150	0.0	0.0
177	14	0	0.07909604519774012	118616	0.0	0.0
177	15	0	0.0847457627118644	123944	0.0	0.0
177	16	0	0.0903954802259887	130143	0.0	0.0
177	17	0	0.096045197740113	136582	0.0	0.0
177	18	0	0.1016949152542373	142466	0.0	0.0
177	19	0	0.10734463276836158	151516	0.0	0.0
177	20	0	0.11299435028248588	165760	0.0	0.0
177	21	0	0.11864406779661017	179664	0.0	0.0
177	22	0	0.12429378531073447	197701	0.0	0.0
177	23	0	0.12994350282485875	214996	0.0	0.0
177	24	0	0.13559322033898305	242944	0.0	0.0
177	25	0	0.14124293785310735	278384	0.0	0.0
177	26	0	0.14689265536723164	326826	0.0	0.0
177	27	0	0.15254237288135594	386811	0.0	0.0
177	28	0	0.15819209039548024	478149	0.0	0.0
177	29	0	0.1638418079096045	602402	0.0	0.0
177	30	1	0.1694915254237288	769456	0.6302923765465425	0.0
177	31	0	0.1751412429378531	1000359	0.0	0.0
177	32	0	0.1807909604519774	1334668	0.0	0.0
177	33	0	0.1864406779661017	1789418	0.0	0.0
177	34	0	0.192090395480226	2398536	0.0	0.09251179039768573
177	35	0	0.1977401129943503	3219221	0.0	0.1795363982102072
177	36	3	0.2033898305084746	4292221	0.338972935611654	0.2190939326020231
177	37	2	0.20903954802259886	5667611	0.1711416859371599	0.2608692466035772
177	38	8	0.21468926553672316	7407406	0.5237809304774128	0.3027832098564119
177	39	3	0.22033898305084745	9560056	0.15219019142398213	0.35656627867077173
177	40	16	0.22598870056497175	12163708	0.6379400109085109	0.386060199393059
177	41	17	0.23163841807909605	15287449	0.5393115793940465	0.41930476215534396
177	42	22	0.23728813559322035	18909981	0.5642316361680068	0.45689164225496853
177	43	20	0.24293785310734464	23065529	0.4205255824724387	0.48000244119654806
177	44	28	0.24858757062146894	27678915	0.4906082129615231	0.49552507061282425
177	45	35	0.2542372881355932	32739270	0.518471510851643	0.5311738755511038
177	46	34	0.2598870056497175	38222974	0.4314001451114682	0.5666335088429386
177	47	59	0.2655367231638418	44042000	0.6496969438806545	0.5947340653592128
177	48	57	0.2711864406779661	50147472	0.5512538757809325	0.6318252622588036
177	49	67	0.2768361581920904	56352557	0.5766164401288082	0.6594145407794957
177	50	76	0.2824858757062147	62548508	0.5892810595496174	0.6869354692229035
177	51	95	0.288135593220339	68738301	0.6702713503838225	0.7112277720928324
177	52	102	0.2937853107344633	74748336	0.6617965327091111	0.735750904541338
177	53	91	0.2994350282485876	80544318	0.5479391461332836	0.7731500696153689
177	54	124	0.3050847457627119	86042021	0.6989352227106747	0.8074915391034901
177	55	169	0.3107344632768362	91162755	0.8990733156328085	0.8430732782747004
177	56	159	0.3163841807909605	96025395	0.8030394240106111	0.870540037360546
177	57	151	0.3220338983050847	100477923	0.7288399053002662	0.9012925788649527
177	58	169	0.327683615819209	104497903	0.7843411020417451	0.951213668725799
177	59	192	0.3333333333333333	107993368	0.862243616390363	0.9795088902143497
177	60	220	0.3389830508474576	111034487	0.9609275287178046	1.0162690513941957
177	61	239	0.3446327683615819	113691178	1.0195228864831634	1.0500573011516996
177	62	247	0.3502824858757062	115697509	1.0353776585573256	1.0959697510377564
177	63	263	0.3559322033898305	117193869	1.088370347970533	1.1296188350865817
177	64	249	0.3615819209039548	118068527	1.0228007712090037	1.1680865181668316
177	65	283	0.3672316384180791	118383955	1.159362998147029	1.2370956770887445
177	66	298	0.3728813559322034	117965789	1.2251408818587473	1.2759840911278522
177	67	329	0.3785310734463277	116939068	1.3644641031528557	1.3083116159343668
177	68	286	0.384180790960452	115428350	1.2016538723283055	1.3441823718008894
177	69	285	0.3898305084745763	113471082	1.2181071958323175	1.3710827326632389
177	70	271	0.3954802259887006	111244272	1.1814557965793242	1.4109001415768343
177	71	291	0.4011299435028249	108809147	1.2970401744662785	1.4313262101932644
177	72	303	0.4067796610169492	106247846	1.3830833052282576	1.4908049571847537
177	73	295	0.4124293785310734	103673402	1.380004526252152	1.5313105903083792
177	74	320	0.4180790960451977	101093637	1.5351541886277058	1.5672178836457518
177	75	305	0.423728813559322	98674281	1.4990693118994085	1.5972897898537872
177	76	298	0.4293785310734463	96262881	1.5013545123859622	1.6182775166674193
177	77	284	0.4350282485875706	93892277	1.4669466291907158	1.6389684251225465
177	78	272	0.4406779661016949	91555817	1.440816941664504	1.6652879185030476
177	79	283	0.4463276836158192	89349609	1.536100476962389	1.6792333757795441
177	80	269	0.4519774011299435	87275855	1.4948031788273057	1.6923793527028546
177	81	266	0.4576271186440678	85268685	1.5129267999876745	1.7006305420660495
177	82	286	0.4632768361581921	83426213	1.6626060175351236	1.7306816873920645
177	83	240	0.4689265536723164	81694330	1.4247713423088129	1.7517589753771894
177	84	280	0.4745762711864407	80074354	1.6958617018457491	1.77604349422025
177	85	257	0.480225988700565	78541718	1.5869329275203155	1.7876045319521434
177	86	246	0.4858757062146893	77060744	1.5482024637401255	1.8062947972497898
177	87	264	0.4915254237288136	75549268	1.6947260724542166	1.8266935475984656
177	88	257	0.4971751412429379	74121433	1.6815708147225792	1.8364011944161673
177	89	262	0.5028248587570622	72534237	1.751798254011482	1.8508274190204674
177	90	236	0.5084745762711864	70813236	1.6163053360471642	1.8687599856132944
177	91	250	0.5141242937853108	68685383	1.7652309330793	1.8930695666503592
177	92	232	0.519774011299435	65891699	1.7075881167674116	1.9536567608998372
177	93	230	0.5254237288135594	62382714	1.788090170367374	1.9894225025553607
177	94	221	0.5310734463276836	58059931	1.8460421085627399	2.0278801438916014
177	95	189	0.536723163841808	53078807	1.7268972420165982	2.0837064495030813
177	96	196	0.5423728813559322	47848632	1.986608962489195	2.143521295254518
177	97	163	0.5480225988700564	42648725	1.8535631931492302	2.2036746061100123
177	98	163	0.5536723163841808	37754173	2.093864084766031	2.251097213027911
177	99	154	0.559322033898305	33291983	2.243400960427963	2.293536641700909
177	100	151	0.5649717514124294	29405360	2.4904411945334948	2.3401191637361003
177	101	109	0.5706214689265536	26037496	2.030266863864006	2.3686962391095427
177	102	124	0.576271186440678	23198817	2.5922786972332057	2.407592272947049
177	103	86	0.5819209039548022	20769964	2.0081148708956684	2.4272231957369255
177	104	104	0.5875706214689266	18695576	2.6978657460113356	2.482412808871426
177	105	60	0.5932203389830508	16912045	1.7206041642675254	2.5141488267957453
177	106	76	0.5988700564971752	15398925	2.3935859852221975	2.5377569269986
177	107	70	0.6045197740112994	14064664	2.413762430596262	2.552943875846037
177	108	67	0.6101694915254238	12850658	2.528571751695186	2.599909045312789
177	109	71	0.615819209039548	11769679	2.9256311759265263	2.5922226339038197
177	110	61	0.6214689265536724	10779055	2.744574297484128	2.5922226339038197
177	111	48	0.6271186440677966	9829223	2.3683609622677015	2.632998596563751
177	112	50	0.632768361581921	8959265	2.7065961933707525	2.6765721819899526
177	113	38	0.6384180790960452	8166168	2.256789908527949	2.654699284418703
177	114	43	0.6440677966101694	7406848	2.8155345955774767	2.646107519685111
177	115	33	0.6497175141242938	6682345	2.3950296309609698	2.6204845730716255
177	116	40	0.655367231638418	5991771	3.2376554503701582	2.60182093998572
177	117	33	0.6610169491525424	5362218	2.9846631150214105	2.5681332156062937
177	118	21	0.6666666666666666	4756489	2.1412069424838203	2.5676687107490612
177	119	24	0.672316384180791	4220836	2.757646594492634	2.5236618346127124
177	120	14	0.6779661016949152	3738767	1.8160402914736191	2.4551173301205917
177	121	22	0.6836158192090396	3314515	3.2190560367160566	2.397059612296362
177	122	15	0.6892655367231638	2933400	2.4799665109838225	2.3303186508188825
177	123	9	0.6949152542372882	2607691	1.673833386698028	2.301269767308853
177	124	19	0.7005649717514124	2335331	3.9457630489519175	2.183244393385812
177	125	10	0.7062146892655368	2089313	2.3212522531951714	2.1866952404040534
177	126	6	0.711864406779661	1875897	1.5512011082314103	2.181335539658555
177	127	6	0.7175141242937854	1691286	1.7205212514784476	2.1086265515859246
177	128	4	0.7231638418079096	1528225	1.2694001233797283	1.9993138009958724
177	129	5	0.7288135593220338	1382559	1.7539296727589793	1.877905380657171
177	130	6	0.7344632768361582	1253754	2.3209445436090155	1.7484241408266998
177	131	2	0.7401129943502824	1137991	0.8523481308516435	1.7563058530555542
177	132	3	0.7457627118644068	1046805	1.3898928192585907	1.7455641573151648
177	133	3	0.751412429378531	962253	1.512021009717807	1.702990590766055
177	134	5	0.7570621468926554	890136	2.724203104289661	1.6412324500885926
177	135	2	0.7627118644067796	826748	1.1732287248060989	1.6412324500885926
177	136	4	0.768361581920904	769284	2.521733200680094	1.6206274831224337
177	137	3	0.7740112994350282	710702	2.047196648755722	1.6206274831224337
177	138	3	0.7796610169491526	661743	2.19865832001848	1.5919844521225992
177	139	2	0.7853107344632768	625220	1.5513971110584956	1.6066224367530038
177	140	1	0.7909604519774012	578320	0.838605358431312	1.4913596911425318
177	141	2	0.7966101694915254	534422	1.814978615730626	1.3029920865513756
177	142	0	0.8022598870056498	483523	0.0	1.2591280816322024
177	143	0	0.807909604519774	428482	0.0	1.0177954499927588
177	144	0	0.8135593220338984	363445	0.0	0.783237125452455
177	145	0	0.8192090395480226	304848	0.0	0.5535694266396185
177	146	2	0.8248587570621468	257599	3.765404763900452	0.0
177	147	1	0.8305084745762712	211729	2.290580179795854	0.0
177	148	0	0.8361581920903954	176258	0.0	0.0
177	149	1	0.8418079096045198	142729	3.397923693769285	0.0
177	150	0	0.847457627118644	113429	0.0	0.0
177	151	0	0.8531073446327684	89377	0.0	0.0
177	152	0	0.8587570621468926	68914	0.0	0.0
177	153	0	0.864406779661017	54678	0.0	0.0
177	154	0	0.8700564971751412	40735	0.0	0.0
177	155	0	0.8757062146892656	31478	0.0	0.0
177	156	0	0.8813559322033898	23903	0.0	0.0
177	157	0	0.8870056497175142	18101	0.0	0.0
177	158	0	0.8926553672316384	11897	0.0	0.0
177	159	0	0.8983050847457628	9091	0.0	0.0
177	160	0	0.903954802259887	6135	0.0	0.0
177	161	0	0.9096045197740112	4762	0.0	0.0
177	162	0	0.9152542372881356	3483	0.0	0.0
177	163	0	0.9209039548022598	2349	0.0	0.0
177	164	0	0.9265536723163842	1798	0.0	0.0
177	165	0	0.9322033898305084	1096	0.0	0.0
177	166	0	0.9378531073446328	859	0.0	0.0
177	167	0	0.943502824858757	545	0.0	0.0
177	168	0	0.9491525423728814	253	0.0	0.0
177	169	0	0.9548022598870056	194	0.0	0.0
177	170	0	0.96045197740113	155	0.0	0.0
177	171	0	0.9661016949152542	209	0.0	0.0
177	172	0	0.9717514124293786	32	0.0	0.0
177	173	0	0.9774011299435028	12	0.0	0.0
177	174	0	0.9830508474576272	14	0.0	0.0
177	175	0	0.9887005649717514	34	0.0	0.0
177	176	0	0.9943502824858758	7	0.0	0.0
177	177	0	1.0	0		
178	0	0	0.0	76324	0.0	0.0
178	1	0	0.0056179775280898875	63001	0.0	0.0
178	2	0	0.011235955056179775	72340	0.0	0.0
178	3	0	0.016853932584269662	80536	0.0	0.0
178	4	0	0.02247191011235955	81686	0.0	0.0
178	5	0	0.028089887640449437	89874	0.0	0.0
178	6	0	0.033707865168539325	95070	0.0	0.0
178	7	0	0.03932584269662921	98849	0.0	0.0
178	8	0	0.0449438202247191	106092	0.0	0.0
178	9	0	0.05056179775280899	107422	0.0	0.0
178	10	0	0.056179775280898875	111036	0.0	0.0
178	11	0	0.06179775280898876	111118	0.0	0.0
178	12	0	0.06741573033707865	109612	0.0	0.0
178	13	0	0.07303370786516854	113642	0.0	0.0
178	14	0	0.07865168539325842	117414	0.0	0.0
178	15	0	0.08426966292134831	122024	0.0	0.0
178	16	0	0.0898876404494382	128355	0.0	0.0
178	17	0	0.09550561797752809	134594	0.0	0.0
178	18	0	0.10112359550561797	140186	0.0	0.0
178	19	0	0.10674157303370786	148974	0.0	0.0
178	20	0	0.11235955056179775	162116	0.0	0.0
178	21	0	0.11797752808988764	176037	0.0	0.0
178	22	0	0.12359550561797752	192794	0.0	0.0
178	23	0	0.12921348314606743	209663	0.0	0.0
178	24	0	0.1348314606741573	235933	0.0	0.0
178	25	0	0.1404494382022472	268804	0.0	0.0
178	26	0	0.14606741573033707	314419	0.0	0.0
178	27	0	0.15168539325842698	369729	0.0	0.0
178	28	0	0.15730337078651685	454636	0.0	0.0
178	29	0	0.16292134831460675	568693	0.0	0.0
178	30	0	0.16853932584269662	724985	0.0	0.0
178	31	0	0.17415730337078653	934981	0.0	0.0
178	32	0	0.1797752808988764	1242641	0.0	0.0
178	33	0	0.1853932584269663	1663276	0.0	0.0
178	34	0	0.19101123595505617	2226781	0.0	0.0
178	35	0	0.19662921348314608	2988180	0.0	0.14142322949368272
178	36	2	0.20224719101123595	3987519	0.26314320745256053	0.20091784217404676
178	37	3	0.20786516853932585	5268493	0.29874440549831616	0.2505818499202143
178	38	1	0.21348314606741572	6902648	0.07600623263985262	0.2839074424966364
178	39	6	0.21910112359550563	8929237	0.3525346699067435	0.34368120066430297
178	40	5	0.2247191011235955	11388748	0.23033448001440254	0.37930180855567236
178	41	7	0.2303370786516854	14353305	0.2558651047987271	0.41249814175892946
178	42	15	0.23595505617977527	17810023	0.44186714670639116	0.4478323754253787
178	43	23	0.24157303370786518	21790683	0.553760439887878	0.4691262086299814
178	44	23	0.24719101123595505	26247798	0.4597268770331633	0.4950407243638681
178	45	27	0.25280898876404495	31135914	0.4549535716990149	0.5272385528155553
178	46	38	0.25842696629213485	36466608	0.54670514596045	0.5622259536972937
178	47	31	0.2640449438202247	42133134	0.38601382848210186	0.5945091438176248
178	48	70	0.2696629213483146	48123675	0.7631399488989762	0.6325844633344434
178	49	66	0.2752808988764045	54253406	0.6382368288813955	0.6585195592067902
178	50	74	0.2808988764044944	60393006	0.6428505307254783	0.6841509050291925
178	51	83	0.28651685393258425	66563180	0.6541976267762164	0.7109922855049328
178	52	97	0.29213483146067415	72561322	0.7013446387146075	0.7308800262601082
178	53	95	0.29775280898876405	78368665	0.6359838543033274	0.7584290760231198
178	54	116	0.30337078651685395	83924630	0.7251594113361662	0.8012812468676511
178	55	132	0.3089887640449438	89116293	0.7771086663457799	0.8361398892655153
178	56	135	0.3146067415730337	94018023	0.7533340326893154	0.8658766477488896
178	57	149	0.3202247191011236	98573218	0.7930348402355394	0.8923085540230827
178	58	169	0.3258426966292135	102716675	0.8631985174998438	0.926717357576826
178	59	174	0.33146067415730335	106330696	0.8585300986942503	0.9652320184055723
178	60	172	0.33707865168539325	109505778	0.8240552785412867	0.9959496243709253
178	61	201	0.34269662921348315	112287778	0.9391360314701542	1.0382972359240668
178	62	212	0.34831460674157305	114504756	0.9713534098132207	1.0821351510234127
178	63	237	0.3539325842696629	116158189	1.0704427556408114	1.1118085173361663
178	64	232	0.3595505617977528	117264747	1.037971544634903	1.164358737047294
178	65	237	0.3651685393258427	117790786	1.055606267228798	1.220398902768328
178	66	270	0.3707865168539326	117652036	1.2040076622569764	1.2645151228097362
178	67	232	0.37640449438202245	116821932	1.0419059888070599	1.3018189524814991
178	68	273	0.38202247191011235	115530692	1.2397388360946602	1.33136293845996
178	69	250	0.38764044943820225	113732478	1.1532419739395228	1.3651058860535692
178	70	280	0.39325842696629215	111645305	1.3157776363396898	1.4056797097704048
178	71	264	0.398876404494382	109319602	1.2669830906063813	1.4295531649624722
178	72	293	0.4044943820224719	106810304	1.4391942094619534	1.4665551280113176
178	73	248	0.4101123595505618	104291016	1.2475837697306096	1.5158367839796343
178	74	264	0.4157303370786517	101702191	1.361879088778132	1.5433512201476975
178	75	259	0.42134831460674155	99261012	1.3689449978328294	1.5799452754490395
178	76	280	0.42696629213483145	96876614	1.5163659159404945	1.6086501265334947
178	77	263	0.43258426966292135	94512121	1.4599338315145898	1.6308807232125144
178	78	239	0.43820224719101125	92179878	1.360274966547951	1.6491351017448252
178	79	261	0.4438202247191011	89943961	1.522416323166627	1.6718745919522502
178	80	272	0.449438202247191	87854510	1.6243132124187096	1.6852658631121349
178	81	228	0.4550561797752809	85825722	1.3937417677177835	1.6979915469793716
178	82	221	0.4606741573033708	83943260	1.3812470900927836	1.7213620369802203
178	83	256	0.46629213483146065	82186822	1.6341906132842978	1.747166455193704
178	84	240	0.47191011235955055	80527865	1.5636155848980127	1.7698684115255439
178	85	227	0.47752808988764045	78946134	1.5085507445648454	1.7868487693401882
178	86	273	0.48314606741573035	77412106	1.8502000918731065	1.7970166629882147
178	87	245	0.4887640449438202	75874721	1.6940799832550064	1.815539313535433
178	88	211	0.4943820224719101	74378683	1.4883288658218354	1.8390582914380165
178	89	214	0.5	72816693	1.5418699901665252	1.8470981355014764
178	90	229	0.5056179775280899	71139334	1.6888482223583097	1.8651419005562098
178	91	230	0.5112359550561798	69253120	1.742422320256085	1.8871378814485948
178	92	220	0.5168539325842697	66839562	1.7268476316194732	1.9304273212427123
178	93	194	0.5224719101123596	63743011	1.5967395755040281	1.9849355211013875
178	94	185	0.5280898876404494	59963790	1.6186300081768927	2.005395176894052
178	95	164	0.5337078651685393	55356997	1.5543050544074526	2.0633513927132023
178	96	184	0.5393258426966292	50316694	1.9185391160297307	2.1230519818636564
178	97	169	0.5449438202247191	45142546	1.9641090155285716	2.16422621554911
178	98	169	0.550561797752809	40142945	2.208728870851734	2.2319849372159526
178	99	126	0.5561797752808989	35478175	1.8632632029295668	2.2785753785595686
178	100	124	0.5617977528089888	31311551	2.077696165391413	2.3330809023954107
178	101	119	0.5674157303370787	27703138	2.2536316317870777	2.3712591498973885
178	102	117	0.5730337078651685	24602349	2.4950210875036594	2.3890101129579455
178	103	94	0.5786516853932584	21972558	2.244461539415996	2.439776102640138
178	104	85	0.5842696629213483	19721022	2.2612805221816665	2.4762992499717633
178	105	75	0.5898876404494382	17799252	2.2106726860727632	2.513013455457489
178	106	71	0.5955056179775281	16149414	2.3065693374415908	2.5235678772585923
178	107	63	0.601123595505618	14740531	2.2422929670781766	2.5768041969180837
178	108	68	0.6067415730337079	13470514	2.6484371970433283	2.5846423921531363
178	109	71	0.6123595505617978	12325511	3.0221662331119536	2.604596492070994
178	110	40	0.6179775280898876	11296432	1.857734441172269	2.6031862471557696
178	111	46	0.6235955056179775	10337998	2.334459380537181	2.6128231913698032
178	112	35	0.6292134831460674	9427246	1.9478169382835102	2.6617051156819715
178	113	39	0.6348314606741573	8600065	2.3791827758326853	2.690928410589675
178	114	30	0.6404494382022472	7830613	2.009973943492087	2.690928410589675
178	115	21	0.6460674157303371	7092094	1.5534945904692297	2.6445001348228607
178	116	31	0.651685393258427	6385152	2.5471550812399477	2.606375786036637
178	117	21	0.6573033707865169	5726941	1.923807083764139	2.5992195665766937
178	118	26	0.6629213483146067	5113904	2.667385037477111	2.5549738860104836
178	119	27	0.6685393258426966	4535960	3.122910096741012	2.5287756355361166
178	120	14	0.6741573033707865	4026355	1.8242355122849792	2.49086678197195
178	121	13	0.6797752808988764	3567169	1.911985528677552	2.4363586894678244
178	122	11	0.6853932584269663	3165046	1.8233817034283695	2.3855132452045402
178	123	11	0.6910112359550562	2802369	2.0593601224211184	2.3240917503040035
178	124	7	0.6966292134831461	2501246	1.4682721683645246	2.2500615839081313
178	125	6	0.702247191011236	2241479	1.4043698907346802	2.1815349454621433
178	126	6	0.7078651685393258	2009439	1.5665395258647217	2.1815349454621433
178	127	7	0.7134831460674157	1804914	2.0347284624270703	2.128239316286121
178	128	6	0.7191011235955056	1632528	1.928215392516441	2.0701039646909747
178	129	6	0.7247191011235955	1476196	2.132417116910004	1.899392897629649
178	130	10	0.7303370786516854	1336068	3.926778200802754	1.8471265595346313
178	131	6	0.7359550561797753	1213259	2.594553692421882	1.8049268761937682
178	132	0	0.7415730337078652	1105066	0.0	1.8022899304731161
178	133	2	0.7471910112359551	1018543	1.0301858040730993	1.7677509389660238
178	134	3	0.7528089887640449	937558	1.6787578039513715	1.7472150463078056
178	135	3	0.7584269662921348	867962	1.8133660334865354	1.7472150463078056
178	136	2	0.7640449438202247	807804	1.2989395192868898	1.7472150463078056
178	137	3	0.7696629213483146	749242	2.1007001865312414	1.7156721326441606
178	138	2	0.7752808988764045	694506	1.51084157579348	1.6765376469677677
178	139	3	0.7808988764044944	648555	2.4268301210491634	1.6220175132967547
178	140	3	0.7865168539325843	610216	2.5793043924725674	1.5791752088200632
178	141	3	0.7921348314606742	564976	2.7858401226902383	1.4435034575460015
178	142	1	0.797752808988764	520764	1.007451109752236	1.2338904296094786
178	143	2	0.8033707865168539	468829	2.238105022168054	1.2003251529029315
178	144	1	0.8089887640449438	414610	1.2653922233400385	0.8477422266379314
178	145	0	0.8146067415730337	349294	0.0	0.6741797601691846
178	146	0	0.8202247191011236	293178	0.0	0.0
178	147	0	0.8258426966292135	246895	0.0	0.0
178	148	1	0.8314606741573034	202856	2.5862891396804306	0.0
178	149	1	0.8370786516853933	168965	3.105047019909528	0.0
178	150	1	0.8426966292134831	136566	3.841690242952224	0.0
178	151	1	0.848314606741573	107838	4.8651149846901225	0.0
178	152	0	0.8539325842696629	85094	0.0	0.0
178	153	0	0.8595505617977528	65943	0.0	0.0
178	154	0	0.8651685393258427	51886	0.0	0.0
178	155	0	0.8707865168539326	38545	0.0	0.0
178	156	0	0.8764044943820225	30263	0.0	0.0
178	157	0	0.8820224719101124	22801	0.0	0.0
178	158	0	0.8876404494382022	17225	0.0	0.0
178	159	0	0.8932584269662921	11160	0.0	0.0
178	160	0	0.898876404494382	8585	0.0	0.0
178	161	0	0.9044943820224719	5849	0.0	0.0
178	162	0	0.9101123595505618	4543	0.0	0.0
178	163	0	0.9157303370786517	3316	0.0	0.0
178	164	0	0.9213483146067416	2241	0.0	0.0
178	165	0	0.9269662921348315	1736	0.0	0.0
178	166	0	0.9325842696629213	1040	0.0	0.0
178	167	0	0.9382022471910112	839	0.0	0.0
178	168	0	0.9438202247191011	513	0.0	0.0
178	169	0	0.949438202247191	232	0.0	0.0
178	170	0	0.9550561797752809	189	0.0	0.0
178	171	0	0.9606741573033708	160	0.0	0.0
178	172	0	0.9662921348314607	196	0.0	0.0
178	173	0	0.9719101123595506	32	0.0	0.0
178	174	0	0.9775280898876404	10	0.0	0.0
178	175	0	0.9831460674157303	16	0.0	0.0
178	176	0	0.9887640449438202	34	0.0	0.0
178	177	0	0.9943820224719101	4	0.0	0.0
178	178	0	1.0	0		
179	0	0	0.0	75457	0.0	0.0
179	1	0	0.00558659217877095	62295	0.0	0.0
179	2	0	0.0111731843575419	71648	0.0	0.0
179	3	0	0.01675977653631285	79675	0.0	0.0
179	4	0	0.0223463687150838	81026	0.0	0.0
179	5	0	0.027932960893854747	88826	0.0	0.0
179	6	0	0.0335195530726257	94297	0.0	0.0
179	7	0	0.03910614525139665	97698	0.0	0.0
179	8	0	0.0446927374301676	105019	0.0	0.0
179	9	0	0.05027932960893855	106444	0.0	0.0
179	10	0	0.055865921787709494	109853	0.0	0.0
179	11	0	0.061452513966480445	110243	0.0	0.0
179	12	0	0.0670391061452514	108782	0.0	0.0
179	13	0	0.07262569832402235	112179	0.0	0.0
179	14	0	0.0782122905027933	116109	0.0	0.0
179	15	0	0.08379888268156424	120235	0.0	0.0
179	16	0	0.0893854748603352	126690	0.0	0.0
179	17	0	0.09497206703910614	132744	0.0	0.0
179	18	0	0.1005586592178771	137795	0.0	0.0
179	19	0	0.10614525139664804	146543	0.0	0.0
179	20	0	0.11173184357541899	158750	0.0	0.0
179	21	0	0.11731843575418995	172342	0.0	0.0
179	22	0	0.12290502793296089	188364	0.0	0.0
179	23	0	0.12849162011173185	204451	0.0	0.0
179	24	0	0.1340782122905028	229363	0.0	0.0
179	25	0	0.13966480446927373	259509	0.0	0.0
179	26	0	0.1452513966480447	302916	0.0	0.0
179	27	0	0.15083798882681565	354282	0.0	0.0
179	28	0	0.1564245810055866	432511	0.0	0.0
179	29	0	0.16201117318435754	537887	0.0	0.0
179	30	0	0.16759776536312848	683575	0.0	0.0
179	31	0	0.17318435754189945	875696	0.0	0.0
179	32	0	0.1787709497206704	1157870	0.0	0.0
179	33	0	0.18435754189944134	1547414	0.0	0.0
179	34	0	0.18994413407821228	2067171	0.0	0.0
179	35	1	0.19553072625698323	2774359	0.2334065285332326	0.09184991112833676
179	36	1	0.2011173184357542	3704521	0.17480087252709073	0.191642667043438
179	37	2	0.20670391061452514	4898873	0.26436835700575645	0.250428109099896
179	38	3	0.2122905027932961	6427898	0.3022232943467354	0.2786045656647376
179	39	3	0.21787709497206703	8338102	0.23298593724144798	0.32751856555411013
179	40	1	0.22346368715083798	10656471	0.06076622393050482	0.3761962270417791
179	41	10	0.22905027932960895	13471551	0.4806822192150931	0.4051471030365905
179	42	10	0.2346368715083799	16762090	0.386320263818492	0.43609407510645537
179	43	20	0.24022346368715083	20571964	0.6295495200117311	0.4635470698123972
179	44	15	0.24581005586592178	24871243	0.3905435102871199	0.48665758229948664
179	45	31	0.25139664804469275	29596727	0.6782560313491033	0.5197661456689481
179	46	28	0.2569832402234637	34764157	0.52155724894057	0.5468173125053938
179	47	38	0.26256983240223464	40288588	0.6107693105950341	0.5913761922924899
179	48	32	0.2681564245810056	46140073	0.4491044498138913	0.622636978828898
179	49	52	0.2737430167597765	52195294	0.6451306158163683	0.6476569684395703
179	50	58	0.27932960893854747	58275616	0.644490882421663	0.68327062493506
179	51	61	0.2849162011173184	64398155	0.6133834686535782	0.7064100250107107
179	52	72	0.2905027932960894	70401170	0.6622596218618954	0.7266683216624378
179	53	75	0.29608938547486036	76211696	0.6372579968843601	0.7534916453096665
179	54	105	0.3016759776536313	81806255	0.8311481539518919	0.7913953677968366
179	55	114	0.30726256983240224	87060856	0.8479252645163756	0.8158339391549502
179	56	108	0.3128491620111732	92012888	0.7600650284365872	0.8563280244316516
179	57	139	0.31843575418994413	96651984	0.9312787301934264	0.8800626073131061
179	58	142	0.3240223463687151	100902703	0.9112996451589622	0.9156768424070959
179	59	148	0.329608938547486	104658362	0.9157215594301938	0.9672479345462088
179	60	164	0.33519553072625696	107937113	0.9838948954246036	0.9949473402603806
179	61	161	0.3407821229050279	110841580	0.9405866823468578	1.032307336153716
179	62	198	0.3463687150837989	113260518	1.1320413845608253	1.0586079038167113
179	63	206	0.35195530726256985	115064589	1.1593142842369664	1.1029712904875073
179	64	198	0.3575418994413408	116399396	1.1015142519536465	1.1398556324779197
179	65	215	0.36312849162011174	117099705	1.1889355585089654	1.1853702504877217
179	66	221	0.3687150837988827	117258357	1.2204616186459074	1.2518933285548108
179	67	210	0.3743016759776536	116642236	1.1658404392207935	1.2975594946571523
179	68	224	0.37988826815642457	115537119	1.2554578645263301	1.319324537062467
179	69	218	0.3854748603351955	113954669	1.2387966628615705	1.3533151582369976
179	70	217	0.39106145251396646	111963700	1.2550416802195707	1.382024710182708
179	71	243	0.39664804469273746	109779972	1.433371665025276	1.4229144581851239
179	72	240	0.4022346368715084	107358161	1.447610869031031	1.4418665886219764
179	73	253	0.40782122905027934	104866755	1.5622781145751812	1.485190027435538
179	74	222	0.4134078212290503	102335205	1.4047646426962705	1.5316595411068936
179	75	227	0.41899441340782123	99835672	1.4723659615628095	1.5615545745662045
179	76	238	0.4245810055865922	97466645	1.5812356497609363	1.6000301864780333
179	77	233	0.4301675977653631	95131153	1.5860205775191103	1.6184759259417885
179	78	206	0.43575418994413406	92792894	1.437567208945501	1.636383664435169
179	79	221	0.441340782122905	90549210	1.5804591137126394	1.6586987355751375
179	80	216	0.44692737430167595	88430082	1.5817191786444913	1.6761075588997068
179	81	219	0.45251396648044695	86396947	1.6414262552331833	1.693789317328042
179	82	233	0.4581005586592179	84468169	1.786234601831121	1.70458869051683
179	83	211	0.46368715083798884	82692421	1.6523133257040614	1.7313445279196598
179	84	215	0.4692737430167598	80988958	1.7190491963782284	1.754903761765235
179	85	195	0.4748603351955307	79391522	1.5905090357571363	1.7801321997365633
179	86	205	0.48044692737430167	77795137	1.7063851707653754	1.7919616951973334
179	87	198	0.4860335195530726	76238451	1.6817707066581962	1.8074378888378166
179	88	201	0.49162011173184356	74663388	1.7432674515397166	1.8310000608068862
179	89	193	0.4972067039106145	73107606	1.709505110826931	1.8441690792100949
179	90	193	0.5027932960893855	71457877	1.748972000628029	1.8578097929017092
179	91	190	0.5083798882681564	69680109	1.765714310062816	1.8814874044970626
179	92	201	0.5139664804469274	67569783	1.9262790014003903	1.9107851878526534
179	93	166	0.5195530726256983	64882442	1.656748392943633	1.9696083458157903
179	94	179	0.5251396648044693	61519027	1.8841662930395924	2.0034214764929597
179	95	164	0.5307262569832403	57439376	1.8488845440724953	2.046220454027504
179	96	164	0.5363128491620112	52660404	2.0166722326621085	2.103407231685045
179	97	156	0.5418994413407822	47596330	2.1223978084614754	2.1644068712907094
179	98	111	0.547486033519553	42564587	1.688691090636855	2.2181452545926863
179	99	125	0.553072625698324	37762780	2.143491233613265	2.2540161865015573
179	100	124	0.5586592178770949	33352511	2.4075139165315442	2.304867953311463
179	101	97	0.5642458100558659	29481938	2.1305481953122714	2.3584926914269797
179	102	106	0.5698324022346368	26135589	2.626329612394144	2.3858032771616347
179	103	63	0.5754189944134078	23281288	1.752302995220051	2.424193001752357
179	104	79	0.5810055865921788	20837067	2.455082893600118	2.450057299369469
179	105	69	0.5865921787709497	18751511	2.382804869087628	2.489723595927061
179	106	74	0.5921787709497207	16969358	2.8238522181584518	2.5016381511913472
179	107	52	0.5977653631284916	15440207	2.180850435550274	2.538202505494026
179	108	47	0.6033519553072626	14120503	2.155377513496633	2.58462132309828
179	109	54	0.6089385474860335	12913333	2.7078902996713747	2.6131775000942463
179	110	48	0.6145251396648045	11825170	2.628509201014165	2.618360589662729
179	111	37	0.6201117318435754	10845391	2.20918541475475	2.6182825967717362
179	112	45	0.6256983240223464	9916270	2.938595625096118	2.628430792392408
179	113	38	0.6312849162011173	9044425	2.72068518646651	2.706533592939645
179	114	28	0.6368715083798883	8257634	2.1957255657804717	2.659836071173314
179	115	31	0.6424581005586593	7505710	2.674518279542222	2.6771408268397283
179	116	24	0.6480446927374302	6788905	2.2892180807182214	2.634007968333163
179	117	22	0.6536312849162011	6099822	2.335507014481484	2.605830160952283
179	118	24	0.659217877094972	5474106	2.8390542810603843	2.5697906433919506
179	119	22	0.664804469273743	4876686	2.9212824176271495	2.5434404645071904
179	120	16	0.6703910614525139	4325746	2.3951605224899684	2.521906991076439
179	121	11	0.6759776536312849	3843582	1.853242244875805	2.4850780376300854
179	122	14	0.6815642458100558	3404435	2.662923229061218	2.450487575791763
179	123	6	0.6871508379888268	3022554	1.285443045374734	2.4191839338701016
179	124	9	0.6927374301675978	2682009	2.1729910406170805	2.337569580267383
179	125	9	0.6983240223463687	2400869	2.427446698613867	2.2172841201576157
179	126	9	0.7039106145251397	2152942	2.7069849201020633	2.196325913900753
179	127	3	0.7094972067039106	1932779	1.0051125913954944	2.196325913900753
179	128	9	0.7150837988826816	1739214	3.3509283664082603	2.1390979561464816
179	129	5	0.7206703910614525	1576784	2.0533995242687983	2.0821088733779805
179	130	2	0.7262569832402235	1425432	0.9085715812398356	1.932369438527082
179	131	2	0.7318435754189944	1292944	1.00167293107038	1.8166360551473382
179	132	2	0.7374301675977654	1175022	1.1021980917717806	1.8166360551473382
179	133	1	0.7430167597765364	1073568	0.6031788420434762	1.812741736958144
179	134	1	0.7486033519553073	991858	0.6528691638268086	1.8153939748057275
179	135	4	0.7541899441340782	913829	2.8344624786253476	1.7754374567842437
179	136	3	0.7597765363128491	847291	2.2927902093670203	1.7739336048117924
179	137	2	0.7653631284916201	787677	1.6442107693761039	1.7660550014457297
179	138	0	0.770949720670391	730650	0.0	1.7573474635415547
179	139	0	0.776536312849162	679351	0.0	1.6862601931323413
179	140	5	0.7821229050279329	635119	5.0978911282368395	1.6843457208788453
179	141	2	0.7877094972067039	595832	2.1736110282594105	1.6281584450234676
179	142	2	0.7932960893854749	552078	2.3458768619467927	1.4188575465128468
179	143	1	0.7988826815642458	506628	1.278163668598914	1.2410459842047488
179	144	0	0.8044692737430168	454973	0.0	1.0920870497250543
179	145	2	0.8100558659217877	400194	3.2361979594643127	0.5928758947533262
179	146	1	0.8156424581005587	335851	1.9280975882011089	0.0
179	147	1	0.8212290502793296	281667	2.2990037991491037	0.0
179	148	1	0.8268156424581006	236706	2.735686898916507	0.0
179	149	0	0.8324022346368715	194518	0.0	0.0
179	150	0	0.8379888268156425	162029	0.0	0.0
179	151	0	0.8435754189944135	130407	0.0	0.0
179	152	0	0.8491620111731844	102696	0.0	0.0
179	153	0	0.8547486033519553	80946	0.0	0.0
179	154	0	0.8603351955307262	63221	0.0	0.0
179	155	0	0.8659217877094972	48982	0.0	0.0
179	156	0	0.8715083798882681	36619	0.0	0.0
179	157	0	0.8770949720670391	29161	0.0	0.0
179	158	0	0.88268156424581	21744	0.0	0.0
179	159	0	0.888268156424581	16285	0.0	0.0
179	160	0	0.8938547486033519	10522	0.0	0.0
179	161	0	0.8994413407821229	8143	0.0	0.0
179	162	0	0.9050279329608939	5528	0.0	0.0
179	163	0	0.9106145251396648	4376	0.0	0.0
179	164	0	0.9162011173184358	3134	0.0	0.0
179	165	0	0.9217877094972067	2171	0.0	0.0
179	166	0	0.9273743016759777	1635	0.0	0.0
179	167	0	0.9329608938547486	1013	0.0	0.0
179	168	0	0.9385474860335196	808	0.0	0.0
179	169	0	0.9441340782122905	489	0.0	0.0
179	170	0	0.9497206703910615	211	0.0	0.0
179	171	0	0.9553072625698324	181	0.0	0.0
179	172	0	0.9608938547486033	167	0.0	0.0
179	173	0	0.9664804469273743	185	0.0	0.0
179	174	0	0.9720670391061452	28	0.0	0.0
179	175	0	0.9776536312849162	12	0.0	0.0
179	176	0	0.9832402234636871	14	0.0	0.0
179	177	0	0.9888268156424581	36	0.0	0.0
179	178	0	0.994413407821229	1	0.0	0.0
179	179	0	1.0	0		
180	0	0	0.0	74599	0.0	0.0
180	1	0	0.005555555555555556	61592	0.0	0.0
180	2	0	0.011111111111111112	70982	0.0	0.0
180	3	0	0.016666666666666666	78836	0.0	0.0
180	4	0	0.022222222222222223	80324	0.0	0.0
180	5	0	0.027777777777777776	87870	0.0	0.0
180	6	0	0.03333333333333333	93443	0.0	0.0
180	7	0	0.03888888888888889	96612	0.0	0.0
180	8	0	0.044444444444444446	104013	0.0	0.0
180	9	0	0.05	105356	0.0	0.0
180	10	0	0.05555555555555555	108758	0.0	0.0
180	11	0	0.06111111111111111	109446	0.0	0.0
180	12	0	0.06666666666666667	107849	0.0	0.0
180	13	0	0.07222222222222222	110864	0.0	0.0
180	14	0	0.07777777777777778	114704	0.0	0.0
180	15	0	0.08333333333333333	118616	0.0	0.0
180	16	0	0.08888888888888889	124995	0.0	0.0
180	17	0	0.09444444444444444	130901	0.0	0.0
180	18	0	0.1	135755	0.0	0.0
180	19	0	0.10555555555555556	143970	0.0	0.0
180	20	0	0.1111111111111111	155555	0.0	0.0
180	21	0	0.11666666666666667	168795	0.0	0.0
180	22	0	0.12222222222222222	184141	0.0	0.0
180	23	0	0.12777777777777777	199417	0.0	0.0
180	24	0	0.13333333333333333	223239	0.0	0.0
180	25	0	0.1388888888888889	250788	0.0	0.0
180	26	0	0.14444444444444443	291759	0.0	0.0
180	27	0	0.15	340308	0.0	0.0
180	28	0	0.15555555555555556	411898	0.0	0.0
180	29	0	0.16111111111111112	509777	0.0	0.0
180	30	0	0.16666666666666666	644899	0.0	0.0
180	31	0	0.17222222222222222	821627	0.0	0.0
180	32	0	0.17777777777777778	1080556	0.0	0.0
180	33	0	0.18333333333333332	1439687	0.0	0.0
180	34	0	0.18888888888888888	1920727	0.0	0.0
180	35	0	0.19444444444444445	2576176	0.0	0.0
180	36	3	0.2	3439907	0.6731971947661521	0.18099163761665987
180	37	1	0.20555555555555555	4557381	0.1693762084448978	0.2472549601343608
180	38	2	0.2111111111111111	5983529	0.2580122580566809	0.27448150119092934
180	39	2	0.21666666666666667	7780239	0.19842884369460032	0.324389960858992
180	40	7	0.2222222222222222	9972528	0.5418268466663335	0.3667022635465151
180	41	8	0.22777777777777777	12633408	0.488806766452135	0.39976793722296167
180	42	8	0.23333333333333334	15770951	0.3915613784958519	0.4312786247536688
180	43	10	0.2388888888888889	19404272	0.39780514013554163	0.4634145169478225
180	44	19	0.24444444444444444	23549608	0.6227843100470087	0.4868773763820094
180	45	18	0.25	28114978	0.49419972713258753	0.5004038013737693
180	46	24	0.25555555555555554	33120474	0.5593484544107552	0.5379650039404639
180	47	23	0.2611111111111111	38502707	0.4611097611145311	0.5797424302525459
180	48	30	0.26666666666666666	44211173	0.5237897086911606	0.6068288471224311
180	49	42	0.2722222222222222	50164671	0.6462775445530243	0.6453343540717837
180	50	56	0.2777777777777778	56209126	0.7690400166736935	0.6818920648573401
180	51	70	0.2833333333333333	62244895	0.868084587423871	0.6991216006747697
180	52	72	0.28888888888888886	68266746	0.8141249009254785	0.7239842550416087
180	53	52	0.29444444444444445	74068412	0.5419235873367783	0.7465005556054496
180	54	75	0.3	79691472	0.7264691203898362	0.7810973733993838
180	55	105	0.3055555555555556	85005090	0.9534811502814214	0.8061796469674484
180	56	108	0.3111111111111111	90014223	0.9261479348172812	0.8439383778768387
180	57	102	0.31666666666666665	94707975	0.8313451454359501	0.8739854011872623
180	58	129	0.32222222222222224	99068947	1.0051246121978803	0.8996756613072057
180	59	111	0.3277777777777778	102957080	0.8322130200107527	0.939381099872254
180	60	133	0.3333333333333333	106348960	0.9653529718682968	0.9782066882287602
180	61	145	0.3388888888888889	109370391	1.0233777765476622	1.0068390184585811
180	62	134	0.34444444444444444	111940891	0.9240251313107866	1.0484479931822435
180	63	161	0.35	113938200	1.0907475999202156	1.091599922857598
180	64	163	0.35555555555555557	115439828	1.0899326878559377	1.1272132225415878
180	65	173	0.3611111111111111	116351566	1.1477349704073196	1.176346535296984
180	66	191	0.36666666666666664	116758120	1.262740232677556	1.2308976032549481
180	67	187	0.37222222222222223	116399067	1.2401089774965184	1.2759194243698802
180	68	173	0.37777777777777777	115467028	1.1565272222980858	1.305293371846517
180	69	193	0.38333333333333336	114105185	1.3056286569644633	1.330529080877266
180	70	195	0.3888888888888889	112253833	1.3409147754684623	1.3600373970546442
180	71	174	0.39444444444444443	110164312	1.2192031215524144	1.4048625138427904
180	72	172	0.4	107869754	1.230825549538534	1.4333513438740688
180	73	208	0.40555555555555556	105426404	1.5229361152972067	1.4726918759609982
180	74	177	0.4111111111111111	102932955	1.3273534099621502	1.5160335452370266
180	75	216	0.4166666666666667	100448009	1.6598932635017627	1.5475713074295168
180	76	190	0.4222222222222222	98037876	1.495985732101899	1.5800209440825284
180	77	196	0.42777777777777776	95724162	1.580528176228778	1.60671463826371
180	78	191	0.43333333333333335	93425833	1.578098593092491	1.6230303022697579
180	79	194	0.4388888888888889	91139303	1.6430991507412611	1.6386583574892084
180	80	181	0.4444444444444444	89005021	1.5697547723021812	1.6567478493446275
180	81	202	0.45	86966226	1.792951285159839	1.6812710497328538
180	82	205	0.45555555555555555	85011212	1.8614243779380235	1.6917975254908106
180	83	194	0.46111111111111114	83201030	1.7998684794941897	1.704686843901332
180	84	174	0.4666666666666667	81472797	1.6485585130221334	1.7216350971434353
180	85	193	0.4722222222222222	79837745	1.866022135823496	1.757933471801331
180	86	186	0.4777777777777778	78225162	1.8354147485779566	1.7687579347632694
180	87	174	0.48333333333333334	76618143	1.7530139444135853	1.7921438962877612
180	88	159	0.4888888888888889	75012103	1.6361892208353612	1.8096851276001078
180	89	170	0.49444444444444446	73398275	1.7878489026778743	1.8329279509626066
180	90	170	0.5	71782339	1.828096259404404	1.8451467567772681
180	91	159	0.5055555555555555	70046753	1.7521725005696107	1.865829374175812
180	92	166	0.5111111111111111	68124952	1.8809169621187196	1.8882717103573414
180	93	166	0.5166666666666667	65780983	1.947939539917237	1.9371421662610302
180	94	161	0.5222222222222223	62844837	1.9775342593255434	1.9777348823378433
180	95	136	0.5277777777777778	59210972	1.7729825535334751	2.0087726692502392
180	96	145	0.5333333333333333	54841125	2.040936023134617	2.0754655027048905
180	97	149	0.5388888888888889	49980490	2.3011954308291833	2.1361801492718255
180	98	137	0.5444444444444444	44979407	2.3511188630827857	2.1803919365915156
180	99	92	0.55	40102822	1.7708453561729682	2.24536546898696
180	100	106	0.5555555555555556	35510073	2.30420993240973	2.2866244419618917
180	101	99	0.5611111111111111	31388701	2.434611088482536	2.340649142793017
180	102	80	0.5666666666666667	27788833	2.222221895302525	2.380447565067938
180	103	77	0.5722222222222222	24698648	2.4064968007499394	2.3924661248518952
180	104	63	0.5777777777777777	22049292	2.2055334291815565	2.431729467813758
180	105	60	0.5833333333333334	19786127	2.340767086612201	2.463280163912001
180	106	68	0.5888888888888889	17856736	2.9395075430851163	2.502534104489281
180	107	51	0.5944444444444444	16200067	2.430083012938135	2.503071627532878
180	108	45	0.6	14777531	2.3505980897517156	2.5501107761434127
180	109	39	0.6055555555555555	13536882	2.223892079027789	2.5562886552010298
180	110	43	0.6111111111111112	12384111	2.6802256788080405	2.615789209057937
180	111	41	0.6166666666666667	11350065	2.788388302883859	2.605735600741715
180	112	34	0.6222222222222222	10417096	2.519416647733665	2.609947621759619
180	113	41	0.6277777777777778	9510867	3.3276028865687524	2.6463225653291063
180	114	29	0.6333333333333333	8685273	2.5774026345914156	2.6817097565329155
180	115	33	0.6388888888888888	7923873	3.214727592077883	2.6817097565329155
180	116	30	0.6444444444444445	7193548	3.21918438947853	2.6521436383475385
180	117	28	0.65	6492818	3.3288371240541275	2.6208193648726854
180	118	16	0.6555555555555556	5833026	2.1173556619670597	2.5949436446569143
180	119	11	0.6611111111111111	5228653	1.6239423531083406	2.5612772984251597
180	120	20	0.6666666666666666	4649848	3.3201597739057997	2.5723337055697124
180	121	17	0.6722222222222223	4130484	3.176989074820259	2.5286135500644424
180	122	9	0.6777777777777778	3665455	1.8953191971990793	2.4881941224789887
180	123	7	0.6833333333333333	3253356	1.6608644733412874	2.4568589275272297
180	124	6	0.6888888888888889	2887148	1.6041683645289055	2.3690072906173287
180	125	4	0.6944444444444444	2572032	1.200470156232608	2.306195985943864
180	126	9	0.7	2304633	3.0144527254314903	2.200940767529689
180	127	8	0.7055555555555556	2068995	2.9846835365723625	2.1990164415127302
180	128	1	0.7111111111111111	1860647	0.41486209593696	2.1620836762619526
180	129	6	0.7166666666666667	1678065	2.760007201933716	2.091606883696408
180	130	6	0.7222222222222222	1522872	3.0412743062535137	1.9689487798620366
180	131	3	0.7277777777777777	1376477	1.682364284079175	1.912374290938957
180	132	4	0.7333333333333333	1252629	2.4649338765710094	1.8159606332425275
180	133	3	0.7388888888888889	1139425	2.0323722427158	1.7972453626813831
180	134	2	0.7444444444444445	1043590	1.4793394229895205	1.8159606332425275
180	135	2	0.75	966051	1.5980769425606243	1.7972453626813831
180	136	1	0.7555555555555555	891399	0.8659555532582118	1.770541659903798
180	137	3	0.7611111111111111	826441	2.8020581537659073	1.7765372170973883
180	138	2	0.7666666666666667	768363	2.0092375979031183	1.76659824799908
180	139	0	0.7722222222222223	713456	0.0	1.7077208689232084
180	140	2	0.7777777777777778	664506	2.323265445966829	1.619644978725337
180	141	1	0.7833333333333333	620971	1.2430724046997634	1.6314916713660221
180	142	0	0.7888888888888889	582833	0.0	1.5951671803840748
180	143	1	0.7944444444444444	539194	1.4316033083061324	1.2826294765643884
180	144	1	0.8	492622	1.5669456788751148	1.165720864001859
180	145	2	0.8055555555555556	441314	3.4982434920207237	0.9316074324092796
180	146	0	0.8111111111111111	385507	0.0	0.21881176038483377
180	147	0	0.8166666666666667	322948	0.0	0.0
180	148	0	0.8222222222222222	270922	0.0	0.0
180	149	0	0.8277777777777777	226478	0.0	0.0
180	150	0	0.8333333333333334	186864	0.0	0.0
180	151	0	0.8388888888888889	155170	0.0	0.0
180	152	0	0.8444444444444444	124550	0.0	0.0
180	153	0	0.85	97697	0.0	0.0
180	154	0	0.8555555555555555	77253	0.0	0.0
180	155	0	0.8611111111111112	60272	0.0	0.0
180	156	0	0.8666666666666667	46539	0.0	0.0
180	157	0	0.8722222222222222	34694	0.0	0.0
180	158	0	0.8777777777777778	28160	0.0	0.0
180	159	0	0.8833333333333333	20605	0.0	0.0
180	160	0	0.8888888888888888	15482	0.0	0.0
180	161	0	0.8944444444444445	9904	0.0	0.0
180	162	0	0.9	7692	0.0	0.0
180	163	0	0.9055555555555556	5268	0.0	0.0
180	164	0	0.9111111111111111	4214	0.0	0.0
180	165	0	0.9166666666666666	2948	0.0	0.0
180	166	0	0.9222222222222223	2103	0.0	0.0
180	167	0	0.9277777777777778	1561	0.0	0.0
180	168	0	0.9333333333333333	967	0.0	0.0
180	169	0	0.9388888888888889	784	0.0	0.0
180	170	0	0.9444444444444444	463	0.0	0.0
180	171	0	0.95	193	0.0	0.0
180	172	0	0.9555555555555556	175	0.0	0.0
180	173	0	0.9611111111111111	174	0.0	0.0
180	174	0	0.9666666666666667	174	0.0	0.0
180	175	0	0.9722222222222222	26	0.0	0.0
180	176	0	0.9777777777777777	12	0.0	0.0
180	177	0	0.9833333333333333	14	0.0	0.0
180	178	0	0.9888888888888889	34	0.0	0.0
180	179	0	0.9944444444444445	0		
180	180	0	1.0	0		
181	0	0	0.0	73753	0.0	0.0
181	1	0	0.0055248618784530384	60900	0.0	0.0
181	2	0	0.011049723756906077	70314	0.0	0.0
181	3	0	0.016574585635359115	78033	0.0	0.0
181	4	0	0.022099447513812154	79592	0.0	0.0
181	5	0	0.027624309392265192	86973	0.0	0.0
181	6	0	0.03314917127071823	92561	0.0	0.0
181	7	0	0.03867403314917127	95576	0.0	0.0
181	8	0	0.04419889502762431	103012	0.0	0.0
181	9	0	0.049723756906077346	104273	0.0	0.0
181	10	0	0.055248618784530384	107648	0.0	0.0
181	11	0	0.06077348066298342	108736	0.0	0.0
181	12	0	0.06629834254143646	106847	0.0	0.0
181	13	0	0.0718232044198895	109685	0.0	0.0
181	14	0	0.07734806629834254	113358	0.0	0.0
181	15	0	0.08287292817679558	116880	0.0	0.0
181	16	0	0.08839779005524862	123412	0.0	0.0
181	17	0	0.09392265193370165	129151	0.0	0.0
181	18	0	0.09944751381215469	133650	0.0	0.0
181	19	0	0.10497237569060773	141762	0.0	0.0
181	20	0	0.11049723756906077	152408	0.0	0.0
181	21	0	0.11602209944751381	165252	0.0	0.0
181	22	0	0.12154696132596685	179947	0.0	0.0
181	23	0	0.1270718232044199	195124	0.0	0.0
181	24	0	0.13259668508287292	216895	0.0	0.0
181	25	0	0.13812154696132597	242977	0.0	0.0
181	26	0	0.143646408839779	281095	0.0	0.0
181	27	0	0.14917127071823205	327180	0.0	0.0
181	28	0	0.15469613259668508	393117	0.0	0.0
181	29	0	0.16022099447513813	483551	0.0	0.0
181	30	0	0.16574585635359115	609226	0.0	0.0
181	31	0	0.1712707182320442	771917	0.0	0.0
181	32	0	0.17679558011049723	1009944	0.0	0.0
181	33	0	0.18232044198895028	1340323	0.0	0.0
181	34	1	0.1878453038674033	1785591	0.463807805036174	0.0
181	35	0	0.19337016574585636	2393096	0.0	0.0
181	36	0	0.19889502762430938	3193658	0.0	0.08565187112034063
181	37	0	0.20441988950276244	4240631	0.0	0.20222038253731017
181	38	2	0.20994475138121546	5566431	0.29755907956187616	0.25489089181152114
181	39	2	0.2154696132596685	7259474	0.22816282347793987	0.2873615080697902
181	40	7	0.22099447513812154	9328387	0.6214576321518853	0.3402001837277505
181	41	3	0.2265193370165746	11838964	0.20985899840619845	0.3889846055999761
181	42	6	0.23204419889502761	14833287	0.3349915803836387	0.42561700462511814
181	43	12	0.23756906077348067	18290332	0.543350033713339	0.4598784842714407
181	44	6	0.2430939226519337	22284001	0.2229862695848058	0.4893064861759636
181	45	15	0.24861878453038674	26685906	0.4655103572663115	0.5012746006365367
181	46	26	0.2541436464088398	31536177	0.6827855862954163	0.5338136437764895
181	47	18	0.2596685082872928	36767238	0.40544461792975167	0.5765338280468015
181	48	40	0.26519337016574585	42343696	0.7823323144983347	0.6019231534283285
181	49	28	0.27071823204419887	48174584	0.48134902809468405	0.642430429772069
181	50	39	0.27624309392265195	54169274	0.5962544495924301	0.6687025946103972
181	51	54	0.281767955801105	60138292	0.7436399472357269	0.6951487069477652
181	52	53	0.287292817679558	66136392	0.6636749287340076	0.7193555682252377
181	53	55	0.292817679558011	71949813	0.6330719349073094	0.7407050824691315
181	54	64	0.2983425414364641	77590377	0.6831123750532906	0.7630914027755599
181	55	67	0.30386740331491713	82941817	0.6689925763376663	0.7929261799213443
181	56	79	0.30939226519337015	88011141	0.7433776179516343	0.8320416669726555
181	57	109	0.3149171270718232	92765575	0.9731049866489355	0.8672438682838597
181	58	100	0.32044198895027626	97201780	0.8520122187086976	0.8896664264640125
181	59	104	0.3259668508287293	101233975	0.8507992342476336	0.9241201264026864
181	60	124	0.3314917127071823	104750109	0.9803637460452764	0.965819377918602
181	61	121	0.3370165745856354	107856666	0.9290913565850811	0.9973010506280833
181	62	143	0.3425414364640884	110588275	1.0708952559711744	1.0259962495808526
181	63	133	0.34806629834254144	112744200	0.9769615522529066	1.0630200950593693
181	64	164	0.35359116022099446	114441563	1.1868070252936418	1.1102874754701135
181	65	146	0.35911602209944754	115524189	1.0466463624405333	1.1474164772003494
181	66	181	0.36464088397790057	116150552	1.290557436824104	1.1892434462119799
181	67	188	0.3701657458563536	116079463	1.3412894231914325	1.2571149228578327
181	68	187	0.3756906077348066	115332710	1.3427932537893101	1.2900282788714257
181	69	176	0.3812154696132597	114180351	1.2765603029440074	1.3240507477883074
181	70	181	0.3867403314917127	112476134	1.3327179139605279	1.3485264420387515
181	71	176	0.39226519337016574	110517671	1.318866948099305	1.3821298599723524
181	72	171	0.39779005524861877	108328026	1.307300183341302	1.421001198629418
181	73	166	0.40331491712707185	105958295	1.2974575802563604	1.4448403296251628
181	74	197	0.4088397790055249	103498166	1.576353491647981	1.4880075039891099
181	75	177	0.4143646408839779	101060751	1.4504767979135185	1.5290797345473963
181	76	201	0.4198895027624309	98627842	1.6877828425250525	1.5580376106706322
181	77	186	0.425414364640884	96292010	1.5997154269272866	1.5912618213343062
181	78	171	0.430939226519337	94039740	1.5059298148931648	1.6108682590501076
181	79	158	0.43646408839779005	91752683	1.426127502991611	1.6249028074317053
181	80	156	0.4419889502762431	89573063	1.4423385590237785	1.644511967195051
181	81	158	0.44751381215469616	87532405	1.4948866616834169	1.654826831358267
181	82	158	0.4530386740331492	85563324	1.5292887020094126	1.6740031055661604
181	83	145	0.4585635359116022	83711548	1.4345069947618256	1.6955858212510522
181	84	151	0.46408839779005523	81970256	1.5256000591574876	1.7125159441049473
181	85	144	0.4696132596685083	80297803	1.4851792409057316	1.7249546973880665
181	86	155	0.47513812154696133	78679408	1.6315134396075246	1.7514432227313594
181	87	160	0.48066298342541436	77017012	1.7204947756785933	1.7734125511531638
181	88	149	0.4861878453038674	75405777	1.6364460420313645	1.8004541958789044
181	89	155	0.49171270718232046	73723876	1.7411796359209843	1.8278236121666573
181	90	157	0.4972375690607735	72108577	1.8031537865068183	1.8414207520622583
181	91	134	0.5027624309392266	70391775	1.5765324809882193	1.854796169907686
181	92	148	0.5082872928176796	68579129	1.7872684599938178	1.8875566899505765
181	93	144	0.5138121546961326	66482361	1.7938085879040604	1.9109548423398441
181	94	129	0.5193370165745856	63923414	1.6712822076415186	1.9599811310287387
181	95	147	0.5248618784530387	60705408	2.0054414794995696	2.0000898937241964
181	96	129	0.5303867403314917	56809593	1.8805638067131154	2.0286454760019863
181	97	117	0.5359116022099447	52225363	1.8553439630678028	2.093815027921563
181	98	126	0.5414364640883977	47361113	2.203274896489357	2.1555952891796903
181	99	110	0.5469613259668509	42465767	2.145229465989821	2.193064139459998
181	100	101	0.5524861878453039	37753259	2.215577608349972	2.2584015354935096
181	101	76	0.5580110497237569	33411083	1.883835948166612	2.3033766164851075
181	102	81	0.56353591160221	29564920	2.2689678996117735	2.3676381153648745
181	103	75	0.569060773480663	26230835	2.367931794019368	2.3885300689628144
181	104	70	0.574585635359116	23363376	2.4813183235232907	2.4029435448083176
181	105	66	0.580110497237569	20910581	2.6139536150886915	2.463168036708749
181	106	51	0.585635359116022	18813557	2.245015292032214	2.493486842831097
181	107	59	0.5911602209944752	17021990	2.8705275647405784	2.5147843190012136
181	108	39	0.5966850828729282	15487879	2.085415998775012	2.5412510823449286
181	109	35	0.6022099447513812	14162331	2.0466960194675683	2.566779074771322
181	110	37	0.6077348066298343	12977330	2.3612198016762185	2.5801172641100014
181	111	33	0.6132596685082873	11883646	2.299769313161756	2.6236967995501863
181	112	39	0.6187845303867403	10904610	2.9619280885507626	2.6251411819158648
181	113	23	0.6243093922651933	10000069	1.9047802545416417	2.6429664013282563
181	114	19	0.6298342541436464	9129610	1.7235401956539864	2.676006881996546
181	115	33	0.6353591160220995	8342348	3.2760134675846	2.676006881996546
181	116	28	0.6408839779005525	7600716	3.050869048029911	2.694898730134736
181	117	26	0.6464088397790055	6888748	3.125741731655886	2.6454072087113896
181	118	18	0.6519337016574586	6211136	2.4000567308850176	2.6034770106656797
181	119	12	0.6574585635359116	5577916	1.7816784097910698	2.602535241238824
181	120	17	0.6629834254143646	4993422	2.819490866351752	2.5515377279287366
181	121	13	0.6685082872928176	4434687	2.4277301985981223	2.529069033946878
181	122	8	0.6740331491712708	3942740	1.6803969673929238	2.5058197765747967
181	123	7	0.6795580110497238	3500146	1.6562729945597783	2.4667420518209138
181	124	11	0.6850828729281768	3108028	2.931080886795684	2.446847014549503
181	125	12	0.6906077348066298	2762114	3.597987812533503	2.3692000266309035
181	126	8	0.6961325966850829	2468500	2.6839652984479545	2.3045882937853057
181	127	7	0.7016574585635359	2213055	2.619545061833723	2.2116967631751665
181	128	3	0.7071823204419889	1990114	1.248427540938379	2.209117011584706
181	129	4	0.712707182320442	1793139	1.8474218505143147	2.209117011584706
181	130	2	0.7182320441988951	1619864	1.0225192268021845	2.0080993618813334
181	131	2	0.7237569060773481	1470484	1.126392456364499	1.956367723870025
181	132	5	0.7292817679558011	1331563	3.1097704066662524	1.923025906325662
181	133	2	0.7348066298342542	1213621	1.3647935268133082	1.8286860926597883
181	134	3	0.7403314917127072	1106530	2.24531926581931	1.891649635517687
181	135	2	0.7458563535911602	1014221	1.633117520545023	1.906475803385953
181	136	2	0.7513812154696132	942086	1.7581644189646104	1.8247659428351752
181	137	1	0.7569060773480663	868962	0.9530578349828266	1.789796222183476
181	138	1	0.7624309392265194	806737	1.026568810408283	1.787214217404314
181	139	3	0.7679558011049724	749257	3.3159691897533703	1.7857003901411985
181	140	1	0.7734806629834254	697511	1.1873232714643167	1.643527396799062
181	141	6	0.7790055248618785	649943	7.645326212320283	1.5634293027589656
181	142	1	0.7845303867403315	607201	1.3639158077841556	1.6184196950394398
181	143	0	0.7900552486187845	569838	0.0	1.5366118587705428
181	144	2	0.7955801104972375	526668	3.1449453636915363	1.213535966947268
181	145	0	0.8011049723756906	479014	0.0	1.0993310377978223
181	146	1	0.8066298342541437	427524	1.9371334530981819	0.9115421497625813
181	147	1	0.8121546961325967	370901	2.2328627919642896	0.0
181	148	0	0.8176795580110497	310464	0.0	0.0
181	149	0	0.8232044198895028	260694	0.0	0.0
181	150	0	0.8287292817679558	216489	0.0	0.0
181	151	0	0.8342541436464088	179787	0.0	0.0
181	152	0	0.8397790055248618	148634	0.0	0.0
181	153	0	0.8453038674033149	118743	0.0	0.0
181	154	0	0.850828729281768	92921	0.0	0.0
181	155	0	0.856353591160221	73785	0.0	0.0
181	156	0	0.861878453038674	57583	0.0	0.0
181	157	0	0.8674033149171271	43938	0.0	0.0
181	158	0	0.8729281767955801	33257	0.0	0.0
181	159	0	0.8784530386740331	27002	0.0	0.0
181	160	0	0.8839779005524862	19597	0.0	0.0
181	161	0	0.8895027624309392	14613	0.0	0.0
181	162	0	0.8950276243093923	9385	0.0	0.0
181	163	0	0.9005524861878453	7241	0.0	0.0
181	164	0	0.9060773480662984	5050	0.0	0.0
181	165	0	0.9116022099447514	4054	0.0	0.0
181	166	0	0.9171270718232044	2776	0.0	0.0
181	167	0	0.9226519337016574	2044	0.0	0.0
181	168	0	0.9281767955801105	1468	0.0	0.0
181	169	0	0.9337016574585635	941	0.0	0.0
181	170	0	0.9392265193370166	763	0.0	0.0
181	171	0	0.9447513812154696	427	0.0	0.0
181	172	0	0.9502762430939227	179	0.0	0.0
181	173	0	0.9558011049723757	173	0.0	0.0
181	174	0	0.9613259668508287	179	0.0	0.0
181	175	0	0.9668508287292817	161	0.0	0.0
181	176	0	0.9723756906077348	28	0.0	0.0
181	177	0	0.9779005524861878	10	0.0	0.0
181	178	0	0.9834254143646409	16	0.0	0.0
181	179	0	0.988950276243094	29	0.0	0.0
181	180	0	0.994475138121547	0		
181	181	0	1.0	0		
182	0	0	0.0	72921	0.0	0.0
182	1	0	0.005494505494505495	60200	0.0	0.0
182	2	0	0.01098901098901099	69669	0.0	0.0
182	3	0	0.016483516483516484	77243	0.0	0.0
182	4	0	0.02197802197802198	78880	0.0	0.0
182	5	0	0.027472527472527472	86069	0.0	0.0
182	6	0	0.03296703296703297	91721	0.0	0.0
182	7	0	0.038461538461538464	94505	0.0	0.0
182	8	0	0.04395604395604396	102052	0.0	0.0
182	9	0	0.04945054945054945	103244	0.0	0.0
182	10	0	0.054945054945054944	106445	0.0	0.0
182	11	0	0.06043956043956044	108090	0.0	0.0
182	12	0	0.06593406593406594	105974	0.0	0.0
182	13	0	0.07142857142857142	108420	0.0	0.0
182	14	0	0.07692307692307693	112055	0.0	0.0
182	15	0	0.08241758241758242	115274	0.0	0.0
182	16	0	0.08791208791208792	121618	0.0	0.0
182	17	0	0.09340659340659341	127744	0.0	0.0
182	18	0	0.0989010989010989	131452	0.0	0.0
182	19	0	0.1043956043956044	139733	0.0	0.0
182	20	0	0.10989010989010989	149267	0.0	0.0
182	21	0	0.11538461538461539	162012	0.0	0.0
182	22	0	0.12087912087912088	175771	0.0	0.0
182	23	0	0.12637362637362637	190850	0.0	0.0
182	24	0	0.13186813186813187	211360	0.0	0.0
182	25	0	0.13736263736263737	235254	0.0	0.0
182	26	0	0.14285714285714285	271257	0.0	0.0
182	27	0	0.14835164835164835	314859	0.0	0.0
182	28	0	0.15384615384615385	375602	0.0	0.0
182	29	0	0.15934065934065933	459665	0.0	0.0
182	30	0	0.16483516483516483	575482	0.0	0.0
182	31	0	0.17032967032967034	727776	0.0	0.0
182	32	0	0.17582417582417584	943561	0.0	0.0
182	33	0	0.1813186813186813	1249713	0.0	0.0
182	34	0	0.18681318681318682	1659836	0.0	0.0
182	35	0	0.19230769230769232	2224864	0.0	0.0
182	36	2	0.1978021978021978	2965514	0.6340814025633097	0.0
182	37	1	0.2032967032967033	3944175	0.2383739662212162	0.18703897050505228
182	38	1	0.2087912087912088	5180266	0.18149427813563346	0.25234984051218257
182	39	4	0.21428571428571427	6769081	0.5555783056639833	0.2841392567793407
182	40	6	0.21978021978021978	8720808	0.6468588494693831	0.33924475857120295
182	41	4	0.22527472527472528	11095420	0.3389465701057068	0.3838659466298201
182	42	3	0.23076923076923078	13937436	0.2023733715915679	0.42104810280195215
182	43	8	0.23626373626373626	17236978	0.4363589200940282	0.4558011508776436
182	44	9	0.24175824175824176	21061800	0.4017556782414175	0.4758177326060093
182	45	18	0.24725274725274726	25321707	0.6683354912830394	0.49989159458667043
182	46	16	0.25274725274725274	29999172	0.5014477803430389	0.527021691751429
182	47	25	0.25824175824175827	35095184	0.6697419211568781	0.5660661527492731
182	48	18	0.26373626373626374	40523483	0.41761946987553306	0.5987300627205389
182	49	36	0.2692307692307692	46239335	0.7319913008251601	0.6362377382089014
182	50	32	0.27472527472527475	52154489	0.5768637944675882	0.658556392233055
182	51	38	0.2802197802197802	58074397	0.6151965426757936	0.690149078245218
182	52	41	0.2857142857142857	64015898	0.6021587663589938	0.7103828380410644
182	53	62	0.29120879120879123	69857788	0.8344337437319809	0.7334151126397206
182	54	68	0.2967032967032967	75493870	0.8468611742781028	0.7551405562111588
182	55	75	0.3021978021978022	80880653	0.871829606352738	0.7936814550150069
182	56	71	0.3076923076923077	86013648	0.7760790858871622	0.8096740966734984
182	57	87	0.3131868131868132	90813367	0.9007089399646331	0.8611609561316719
182	58	94	0.31868131868131866	95328706	0.9270841460150854	0.8851920403884794
182	59	96	0.3241758241758242	99476117	0.9073344637002092	0.9133297586218749
182	60	76	0.32967032967032966	103116483	0.6929477657297812	0.9641851328507228
182	61	111	0.33516483516483514	106336284	0.9814236017734337	0.9894215196166695
182	62	107	0.34065934065934067	109180875	0.9214084819305625	1.013189224539894
182	63	127	0.34615384615384615	111515174	1.070741790296734	1.0512695643162595
182	64	117	0.3516483516483517	113361948	0.970361506771268	1.0732158970036636
182	65	123	0.35714285714285715	114650258	1.00866063904653	1.1287850089143374
182	66	149	0.3626373626373626	115455017	1.2133566018604824	1.1676422850579802
182	67	148	0.36813186813186816	115648860	1.2031931698820348	1.237927753619044
182	68	127	0.37362637362637363	115157259	1.0368773804698823	1.2759618608408136
182	69	141	0.3791208791208791	114162913	1.1612054607357443	1.3108187664870738
182	70	139	0.38461538461538464	112669810	1.1599045095812142	1.3377980672764211
182	71	157	0.3901098901098901	110806185	1.3321423907936976	1.363212086625634
182	72	136	0.3956043956043956	108744160	1.1758392799944097	1.3943211355810592
182	73	150	0.4010989010989011	106460752	1.3246975348538286	1.4358852494100451
182	74	146	0.4065934065934066	104055606	1.3191748763656475	1.4529089235853097
182	75	143	0.41208791208791207	101629408	1.32291408472576	1.4968650200823945
182	76	165	0.4175824175824176	99220567	1.5634976698570293	1.5328559158763457
182	77	149	0.4230769230769231	96870600	1.4461364654999993	1.5702113518039544
182	78	155	0.42857142857142855	94625799	1.5400582131326324	1.5980795458137564
182	79	155	0.4340659340659341	92347904	1.5780459827673796	1.6158629920941217
182	80	149	0.43956043956043955	90176861	1.5534817417836735	1.6342876075407502
182	81	140	0.44505494505494503	88083843	1.4943309109580873	1.640542359943234
182	82	159	0.45054945054945056	86120959	1.735814315271035	1.6603763870978614
182	83	139	0.45604395604395603	84224676	1.5516381530830534	1.675916878985448
182	84	146	0.46153846153846156	82473926	1.6643750072017007	1.6994957380833449
182	85	134	0.46703296703296704	80767176	1.5598574044678217	1.7110615201273691
182	86	148	0.4725274725274725	79141590	1.758214845780122	1.736548012025974
182	87	117	0.47802197802197804	77462141	1.420075268405067	1.7416425026914333
182	88	140	0.4835164835164835	75798769	1.7365243669178736	1.7640722253440553
182	89	127	0.489010989010989	74119528	1.6109648870674378	1.791017871946501
182	90	130	0.4945054945054945	72433366	1.6874063669590267	1.827211159024878
182	91	110	0.5	70745312	1.4618742540037448	1.8427816069349785
182	92	128	0.5054945054945055	68973308	1.7447930102501732	1.8631934288253973
182	93	124	0.510989010989011	67042878	1.7389377457714463	1.8983210389102472
182	94	132	0.5164835164835165	64794671	1.9153565922900453	1.9444561194354744
182	95	105	0.521978021978022	61948796	1.5935710358787174	1.9887463404101338
182	96	141	0.5274725274725275	58497830	2.2661797538318895	2.0219054585892406
182	97	114	0.532967032967033	54318628	1.9731997788520073	2.0664872123864435
182	98	98	0.5384615384615384	49644226	1.8559758902397916	2.126138829714065
182	99	105	0.5439560439560439	44813103	2.2029228150784235	2.187381923114831
182	100	81	0.5494505494505495	40042475	1.9018624522052094	2.232708152424735
182	101	87	0.554945054945055	35538386	2.3016355195531157	2.2965759008449265
182	102	68	0.5604395604395604	31458033	2.032321200724738	2.370908127773998
182	103	74	0.5659340659340659	27879051	2.495564114729796	2.396433312444345
182	104	61	0.5714285714285714	24789240	2.3135645518561474	2.408843136363097
182	105	61	0.5769230769230769	22123130	2.5923776125464384	2.4477083991996307
182	106	56	0.5824175824175825	19857172	2.6514633473664655	2.4725532993440207
182	107	48	0.5879120879120879	17913245	2.5193120863688923	2.5146574128393344
182	108	34	0.5934065934065934	16247421	1.9674761735723607	2.5182268577297413
182	109	50	0.5989010989010989	14829975	3.169892863004035	2.5546034983769568
182	110	33	0.6043956043956044	13576506	2.2852879129047383	2.5616124981973356
182	111	34	0.6098901098901099	12453028	2.566959112233524	2.601198745334795
182	112	36	0.6153846153846154	11407325	2.9671102538009877	2.5992239432775257
182	113	33	0.6208791208791209	10483365	2.959567377581402	2.5992239432775257
182	114	35	0.6263736263736264	9596533	3.429009449320894	2.647715942014706
182	115	27	0.6318681318681318	8771385	2.894080379775288	2.672715761598358
182	116	26	0.6373626373626373	8007647	3.0526950793079037	2.654024785609332
182	117	21	0.6428571428571429	7291761	2.7077082480668073	2.6714939410802154
182	118	18	0.6483516483516484	6592614	2.5670235642448014	2.6415030623534475
182	119	19	0.6538461538461539	5944165	3.005230192329914	2.6025481145767126
182	120	9	0.6593406593406593	5333117	1.5866326847854804	2.554222169896064
182	121	11	0.6648351648351648	4766684	2.169658198535128	2.542432675480085
182	122	8	0.6703296703296703	4231755	1.7773971096541556	2.5012438445523393
182	123	6	0.6758241758241759	3765430	1.4981374847821873	2.4784112285015705
182	124	6	0.6813186813186813	3341507	1.688199913788417	2.460239233318187
182	125	13	0.6868131868131868	2971718	4.11292467753244	2.4018113724884893
182	126	6	0.6923076923076923	2646180	2.131802004898908	2.338148257575773
182	127	5	0.6978021978021978	2369353	1.9840619743460879	2.242166197921937
182	128	5	0.7032967032967034	2128262	2.208817895119504	2.1993392880614078
182	129	4	0.7087912087912088	1914616	1.9642343701725364	2.181050120611041
182	130	4	0.7142857142857143	1729412	2.174585670090332	2.162536870455551
182	131	7	0.7197802197802198	1563342	4.209776534849033	2.077249516684309
182	132	3	0.7252747252747253	1422828	1.9823660447093367	1.9620522713207311
182	133	2	0.7307692307692307	1288000	1.4599202456841076	1.9148293954594604
182	134	3	0.7362637362637363	1177953	2.394463883246357	1.8868693697232497
182	135	3	0.7417582417582418	1073551	2.6273236340534316	1.8694096746646964
182	136	3	0.7472527472527473	986689	2.858616965083928	1.9174341230658294
182	137	2	0.7527472527472527	919600	2.044777377600185	1.8325179245782852
182	138	0	0.7582417582417582	847580	0.0	1.9174341230658294
182	139	3	0.7637362637362637	786465	3.586384536707541	1.8640995136510485
182	140	2	0.7692307692307693	731693	2.5698992288311224	1.782095375943638
182	141	0	0.7747252747252747	682152	0.0	1.6962845474935722
182	142	1	0.7802197802197802	635042	1.4805141049262336	1.5647178684689989
182	143	0	0.7857142857142857	593921	0.0	1.6189669056653333
182	144	3	0.7912087912087912	557943	5.055294025844389	1.4623275658936536
182	145	0	0.7967032967032966	514216	0.0	1.1300833193697992
182	146	1	0.8021978021978022	464869	2.0224808241043504	1.0794597062644935
182	147	0	0.8076923076923077	413786	0.0	0.6281518991359641
182	148	0	0.8131868131868132	356953	0.0	0.0
182	149	0	0.8186813186813187	298185	0.0	0.0
182	150	0	0.8241758241758241	250697	0.0	0.0
182	151	0	0.8296703296703297	207305	0.0	0.0
182	152	0	0.8351648351648352	173017	0.0	0.0
182	153	0	0.8406593406593407	141966	0.0	0.0
182	154	0	0.8461538461538461	113373	0.0	0.0
182	155	0	0.8516483516483516	88259	0.0	0.0
182	156	0	0.8571428571428571	70634	0.0	0.0
182	157	0	0.8626373626373627	54873	0.0	0.0
182	158	0	0.8681318681318682	41575	0.0	0.0
182	159	0	0.8736263736263736	31889	0.0	0.0
182	160	0	0.8791208791208791	25950	0.0	0.0
182	161	0	0.8846153846153846	18511	0.0	0.0
182	162	0	0.8901098901098901	13855	0.0	0.0
182	163	0	0.8956043956043956	8863	0.0	0.0
182	164	0	0.9010989010989011	6824	0.0	0.0
182	165	0	0.9065934065934066	4889	0.0	0.0
182	166	0	0.9120879120879121	3866	0.0	0.0
182	167	0	0.9175824175824175	2626	0.0	0.0
182	168	0	0.9230769230769231	1962	0.0	0.0
182	169	0	0.9285714285714286	1409	0.0	0.0
182	170	0	0.9340659340659341	906	0.0	0.0
182	171	0	0.9395604395604396	735	0.0	0.0
182	172	0	0.945054945054945	398	0.0	0.0
182	173	0	0.9505494505494505	169	0.0	0.0
182	174	0	0.9560439560439561	169	0.0	0.0
182	175	0	0.9615384615384616	182	0.0	0.0
182	176	0	0.967032967032967	151	0.0	0.0
182	177	0	0.9725274725274725	29	0.0	0.0
182	178	0	0.978021978021978	8	0.0	0.0
182	179	0	0.9835164835164835	18	0.0	0.0
182	180	0	0.989010989010989	24	0.0	0.0
182	181	0	0.9945054945054945	0		
182	182	0	1.0	0		
183	0	0	0.0	72101	0.0	0.0
183	1	0	0.00546448087431694	59506	0.0	0.0
183	2	0	0.01092896174863388	69003	0.0	0.0
183	3	0	0.01639344262295082	76527	0.0	0.0
183	4	0	0.02185792349726776	78136	0.0	0.0
183	5	0	0.0273224043715847	85165	0.0	0.0
183	6	0	0.03278688524590164	90942	0.0	0.0
183	7	0	0.03825136612021858	93397	0.0	0.0
183	8	0	0.04371584699453552	101146	0.0	0.0
183	9	0	0.04918032786885246	102254	0.0	0.0
183	10	0	0.0546448087431694	105275	0.0	0.0
183	11	0	0.060109289617486336	107274	0.0	0.0
183	12	0	0.06557377049180328	105238	0.0	0.0
183	13	0	0.07103825136612021	107183	0.0	0.0
183	14	0	0.07650273224043716	110888	0.0	0.0
183	15	0	0.08196721311475409	113588	0.0	0.0
183	16	0	0.08743169398907104	119988	0.0	0.0
183	17	0	0.09289617486338798	126113	0.0	0.0
183	18	0	0.09836065573770492	129599	0.0	0.0
183	19	0	0.10382513661202186	137523	0.0	0.0
183	20	0	0.1092896174863388	146664	0.0	0.0
183	21	0	0.11475409836065574	158423	0.0	0.0
183	22	0	0.12021857923497267	172121	0.0	0.0
183	23	0	0.12568306010928962	186530	0.0	0.0
183	24	0	0.13114754098360656	206042	0.0	0.0
183	25	0	0.1366120218579235	228235	0.0	0.0
183	26	0	0.14207650273224043	262123	0.0	0.0
183	27	0	0.14754098360655737	302820	0.0	0.0
183	28	0	0.15300546448087432	359707	0.0	0.0
183	29	0	0.15846994535519127	437689	0.0	0.0
183	30	0	0.16393442622950818	544158	0.0	0.0
183	31	0	0.16939890710382513	686028	0.0	0.0
183	32	0	0.17486338797814208	884231	0.0	0.0
183	33	1	0.18032786885245902	1165713	0.9602646288930881	0.0
183	34	0	0.18579234972677597	1544356	0.0	0.0
183	35	0	0.1912568306010929	2068153	0.0	0.0
183	36	0	0.19672131147540983	2755145	0.0	0.0
183	37	0	0.20218579234972678	3668534	0.0	0.15000385887050338
183	38	0	0.20765027322404372	4821072	0.0	0.21675092964107276
183	39	1	0.21311475409836064	6307224	0.1774779144265129	0.27413074526782594
183	40	1	0.2185792349726776	8151477	0.13732394280703342	0.32871235990040076
183	41	3	0.22404371584699453	10393946	0.32308989136777744	0.370272272664505
183	42	6	0.22950819672131148	13088090	0.513165616071183	0.41333244595078933
183	43	7	0.23497267759562843	16234968	0.4826465151878303	0.44288167092027786
183	44	9	0.24043715846994534	19894394	0.5064007806454238	0.4712338224583875
183	45	9	0.2459016393442623	24007177	0.4196468686038194	0.498287101618194
183	46	10	0.25136612021857924	28523705	0.3924430438965935	0.5250663962803738
183	47	9	0.2568306010928962	33471336	0.3009899769781414	0.5569123459937181
183	48	19	0.26229508196721313	38761468	0.5487012583082798	0.5986916811623776
183	49	24	0.2677595628415301	44351731	0.6057357957952162	0.6302756738772429
183	50	30	0.273224043715847	50176234	0.6692767902873192	0.6616668948470061
183	51	38	0.2786885245901639	56043933	0.7589926376321989	0.6910608429373065
183	52	35	0.28415300546448086	61928491	0.632645055842386	0.7046992670749547
183	53	60	0.2896174863387978	67765505	0.9911174967330488	0.7310749978729897
183	54	55	0.29508196721311475	73427018	0.8384735557931369	0.7486135485680084
183	55	59	0.3005464480874317	78813034	0.8379855636456028	0.788800532472113
183	56	40	0.30601092896174864	84022537	0.5329012911575609	0.8101748141969106
183	57	54	0.3114754098360656	88866473	0.6802027566954955	0.8567638648588165
183	58	64	0.31693989071038253	93436388	0.766737146622302	0.8824415486147882
183	59	71	0.3224043715846995	97687057	0.8135868015268413	0.9078928833340592
183	60	99	0.32786885245901637	101461795	1.0922328268758108	0.9429026428277187
183	61	91	0.3333333333333333	104796533	0.9720241363520795	0.9838766201441712
183	62	87	0.33879781420765026	107754404	0.9037884673062069	1.0093457306619251
183	63	91	0.3442622950819672	110224890	0.9241538774229414	1.0329892478377045
183	64	101	0.34972677595628415	112238290	1.0073094404362868	1.0690464503168755
183	65	123	0.3551912568306011	113710910	1.2108366228440555	1.116997132863109
183	66	118	0.36065573770491804	114691610	1.151682929886677	1.1494577082408766
183	67	138	0.366120218579235	115110413	1.3419830981323737	1.1991190459832748
183	68	126	0.37158469945355194	114886928	1.2276724217828063	1.266413707608921
183	69	125	0.3770491803278688	114091888	1.226416028522607	1.29871687397813
183	70	136	0.3825136612021858	112784562	1.349807456293135	1.3338298453864077
183	71	131	0.3879781420765027	111067978	1.320276830245808	1.3577117239121685
183	72	159	0.39344262295081966	109099418	1.631387995609609	1.3868764786278207
183	73	138	0.3989071038251366	106927509	1.44468182331861	1.426005022591924
183	74	138	0.40437158469945356	104592418	1.4769352465399268	1.4513996396098234
183	75	134	0.4098360655737705	102191250	1.4678228989240634	1.4785248222843226
183	76	145	0.41530054644808745	99792126	1.6265008663551572	1.5207036960766487
183	77	129	0.4207650273224044	97452278	1.4817682559762166	1.5578101263135322
183	78	139	0.4262295081967213	95201656	1.6343793602327457	1.5914746101176427
183	79	114	0.43169398907103823	92938688	1.3730643324000518	1.6152674222626384
183	80	128	0.4371584699453552	90765505	1.5785985992324794	1.6328270255906652
183	81	121	0.4426229508196721	88655551	1.5277841803977132	1.6438171527329872
183	82	125	0.44808743169398907	86668949	1.6144665625010182	1.6593648062703306
183	83	122	0.453551912568306	84755026	1.6113019808829214	1.6785689538052353
183	84	159	0.45901639344262296	82969905	2.1451571006763825	1.6969237205770555
183	85	112	0.4644808743169399	81255517	1.5429353759471496	1.7134351308845355
183	86	125	0.46994535519125685	79611321	1.757590734709779	1.7300723928341213
183	87	122	0.47540983606557374	77920697	1.7526273062416717	1.7402746884645657
183	88	138	0.4808743169398907	76233671	2.026351697861134	1.7594597849704454
183	89	119	0.48633879781420764	74534773	1.7871894826802646	1.7868878506563453
183	90	110	0.4918032786885246	72812545	1.6910990509601516	1.8260454885618378
183	91	119	0.4972677595628415	71093785	1.8736906805505005	1.8432143831042591
183	92	114	0.5027322404371585	69351687	1.8400532577218591	1.8522373454257817
183	93	103	0.5081967213114754	67509820	1.7078622786745303	1.8862974884744086
183	94	110	0.5136612021857924	65457800	1.8811085271349377	1.9104647287860401
183	95	135	0.5191256830601093	62999658	2.3987122244538934	1.9594413381995908
183	96	130	0.5245901639344263	59891168	2.429758674506236	1.9969424704010947
183	97	97	0.5300546448087432	56184886	1.932568079786836	2.033190215426185
183	98	94	0.5355191256830601	51805430	2.0311179420002836	2.0922125747604796
183	99	89	0.5409836065573771	47109287	2.114784151993969	2.145466591981229
183	100	76	0.546448087431694	42345271	2.0090523227943087	2.194559775460068
183	101	83	0.5519125683060109	37743070	2.4616337725386517	2.27090364450432
183	102	63	0.5573770491803278	33465469	2.1072992153336756	2.3224932507597287
183	103	55	0.5628415300546448	29645230	2.0767797339992526	2.3858482233199427
183	104	55	0.5683060109289617	26324834	2.338727487274817	2.406331454668305
183	105	65	0.5737704918032787	23449764	3.102826215528444	2.4241842375508655
183	106	43	0.5792349726775956	20982782	2.293971187312363	2.482387230884025
183	107	39	0.5846994535519126	18880458	2.3122492840106466	2.511040025646461
183	108	45	0.5901639344262295	17070309	2.9508946358462627	2.5537867047226652
183	109	48	0.5956284153005464	15538517	3.457914429308841	2.5569036872345916
183	110	29	0.6010928961748634	14205980	2.285121890843476	2.584792175445564
183	111	24	0.6065573770491803	13030369	2.0617552021880856	2.587045465462838
183	112	37	0.6120218579234973	11946004	3.467062255262211	2.63809062196662
183	113	21	0.6174863387978142	10965033	2.1438377967633855	2.6291470694513617
183	114	23	0.6229508196721312	10075285	2.5553657401095364	2.636639114672582
183	115	24	0.6284153005464481	9213232	2.915961637803147	2.6653048373016293
183	116	16	0.6338797814207651	8426205	2.125546124436039	2.6793712316185263
183	117	21	0.639344262295082	7691058	3.056439333594652	2.6754502697791405
183	118	16	0.644808743169399	6985223	2.564025140135622	2.658917264803833
183	119	18	0.6502732240437158	6313796	3.1912772132858382	2.6216678882194064
183	120	15	0.6557377049180327	5687140	2.9524320519826706	2.598866519836479
183	121	13	0.6612021857923497	5098053	2.854444333440831	2.558023693366164
183	122	11	0.6666666666666666	4549595	2.7064656468871036	2.542639687068219
183	123	11	0.6721311475409836	4039877	3.0479449188055314	2.5120821897515127
183	124	6	0.6775956284153005	3596891	1.8672675285531561	2.4657739142093043
183	125	5	0.6830601092896175	3192229	1.753309304158393	2.4657739142093043
183	126	7	0.6885245901639344	2844567	2.7546374296636142	2.3886837400905048
183	127	3	0.6939890710382514	2535319	1.3245587178664875	2.3444169064404132
183	128	2	0.6994535519125683	2277295	0.9830899917145985	2.2196358454705565
183	129	7	0.7049180327868853	2047109	3.827715441330158	2.167261923205569
183	130	2	0.7103825136612022	1845680	1.2129870414598938	2.1654093985497416
183	131	4	0.7158469945355191	1665810	2.6879247005141007	2.145603521346478
183	132	2	0.7213114754098361	1512453	1.4802350371758306	2.0555382739291868
183	133	2	0.726775956284153	1375077	1.6281167692294298	1.93256613605052
183	134	3	0.73224043715847	1249109	2.6884594411076574	1.8793869569644805
183	135	1	0.7377049180327869	1141778	0.980394578754231	1.8974084037278411
183	136	0	0.7431693989071039	1042321	0.0	1.9009808683370557
183	137	0	0.7486338797814208	962465	0.0	1.9205059364199981
183	138	3	0.7540983606557377	896875	3.7443109508265313	1.9009808683370557
183	139	1	0.7595628415300546	826490	1.3543938357885132	1.9009808683370557
183	140	2	0.7650273224043715	767468	2.9171065408351837	1.7865390055269739
183	141	2	0.7704918032786885	714210	3.134632562806033	1.7839127326471944
183	142	0	0.7759562841530054	667515	0.0	1.6516346786638383
183	143	0	0.7814207650273224	620267	0.0	1.6067557877386704
183	144	1	0.7868852459016393	581821	1.9239473331846881	1.6172185586253776
183	145	0	0.7923497267759563	546031	0.0	1.4399386222061534
183	146	0	0.7978142076502732	501063	0.0	1.115225041784561
183	147	0	0.8032786885245902	451442	0.0	0.9160386547518758
183	148	1	0.8087431693989071	399993	2.79853137765123	0.0
183	149	0	0.8142076502732241	343220	0.0	0.0
183	150	1	0.819672131147541	287019	3.9000657146072153	0.0
183	151	0	0.825136612021858	240200	0.0	0.0
183	152	0	0.8306010928961749	199074	0.0	0.0
183	153	0	0.8360655737704918	166396	0.0	0.0
183	154	0	0.8415300546448088	135385	0.0	0.0
183	155	0	0.8469945355191257	108132	0.0	0.0
183	156	0	0.8524590163934426	84185	0.0	0.0
183	157	0	0.8579234972677595	67336	0.0	0.0
183	158	0	0.8633879781420765	52281	0.0	0.0
183	159	0	0.8688524590163934	39485	0.0	0.0
183	160	0	0.8743169398907104	30558	0.0	0.0
183	161	0	0.8797814207650273	24969	0.0	0.0
183	162	0	0.8852459016393442	17446	0.0	0.0
183	163	0	0.8907103825136612	13100	0.0	0.0
183	164	0	0.8961748633879781	8380	0.0	0.0
183	165	0	0.9016393442622951	6443	0.0	0.0
183	166	0	0.907103825136612	4742	0.0	0.0
183	167	0	0.912568306010929	3699	0.0	0.0
183	168	0	0.9180327868852459	2479	0.0	0.0
183	169	0	0.9234972677595629	1870	0.0	0.0
183	170	0	0.9289617486338798	1362	0.0	0.0
183	171	0	0.9344262295081968	880	0.0	0.0
183	172	0	0.9398907103825137	690	0.0	0.0
183	173	0	0.9453551912568307	379	0.0	0.0
183	174	0	0.9508196721311475	161	0.0	0.0
183	175	0	0.9562841530054644	168	0.0	0.0
183	176	0	0.9617486338797814	179	0.0	0.0
183	177	0	0.9672131147540983	147	0.0	0.0
183	178	0	0.9726775956284153	27	0.0	0.0
183	179	0	0.9781420765027322	4	0.0	0.0
183	180	0	0.9836065573770492	22	0.0	0.0
183	181	0	0.9890710382513661	19	0.0	0.0
183	182	0	0.994535519125683	0		
183	183	0	1.0	0		
184	0	0	0.0	71300	0.0	0.0
184	1	0	0.005434782608695652	58813	0.0	0.0
184	2	0	0.010869565217391304	68354	0.0	0.0
184	3	0	0.016304347826086956	75804	0.0	0.0
184	4	0	0.021739130434782608	77380	0.0	0.0
184	5	0	0.02717391304347826	84322	0.0	0.0
184	6	0	0.03260869565217391	90131	0.0	0.0
184	7	0	0.03804347826086957	92415	0.0	0.0
184	8	0	0.043478260869565216	100075	0.0	0.0
184	9	0	0.04891304347826087	101440	0.0	0.0
184	10	0	0.05434782608695652	104050	0.0	0.0
184	11	0	0.059782608695652176	106398	0.0	0.0
184	12	0	0.06521739130434782	104610	0.0	0.0
184	13	0	0.07065217391304347	105893	0.0	0.0
184	14	0	0.07608695652173914	109829	0.0	0.0
184	15	0	0.08152173913043478	112067	0.0	0.0
184	16	0	0.08695652173913043	118194	0.0	0.0
184	17	0	0.09239130434782608	124605	0.0	0.0
184	18	0	0.09782608695652174	127831	0.0	0.0
184	19	0	0.10326086956521739	135289	0.0	0.0
184	20	0	0.10869565217391304	144250	0.0	0.0
184	21	0	0.11413043478260869	154831	0.0	0.0
184	22	0	0.11956521739130435	168922	0.0	0.0
184	23	0	0.125	181915	0.0	0.0
184	24	0	0.13043478260869565	201502	0.0	0.0
184	25	0	0.1358695652173913	221219	0.0	0.0
184	26	0	0.14130434782608695	253746	0.0	0.0
184	27	0	0.14673913043478262	291401	0.0	0.0
184	28	0	0.15217391304347827	345244	0.0	0.0
184	29	0	0.15760869565217392	416843	0.0	0.0
184	30	0	0.16304347826086957	515725	0.0	0.0
184	31	0	0.16847826086956522	647147	0.0	0.0
184	32	0	0.17391304347826086	829734	0.0	0.0
184	33	0	0.1793478260869565	1088666	0.0	0.0
184	34	0	0.18478260869565216	1437858	0.0	0.0
184	35	0	0.19021739130434784	1922734	0.0	0.0
184	36	1	0.1956521739130435	2561253	0.45098295053874426	0.0
184	37	1	0.20108695652173914	3410116	0.33872203614663265	0.0
184	38	1	0.20652173913043478	4488962	0.25731593072434344	0.197936628817979
184	39	0	0.21195652173913043	5876416	0.0	0.2564055870762911
184	40	1	0.21739130434782608	7613101	0.15172285708756658	0.31974979157676486
184	41	4	0.22282608695652173	9734229	0.4746473233848147	0.3662962499364906
184	42	2	0.22826086956521738	12282031	0.18809290336691226	0.397218879434785
184	43	4	0.23369565217391305	15288541	0.302208414790191	0.43822315453198196
184	44	6	0.2391304347826087	18777101	0.369092577714593	0.4766644285152247
184	45	9	0.24456521739130435	22740219	0.4571518381219588	0.5050718524030596
184	46	11	0.25	27110121	0.4686772067589928	0.527666780424566
184	47	25	0.2554347826086957	31893844	0.9054109587858163	0.5640189201462187
184	48	14	0.2608695652173913	37058781	0.4363645984531154	0.6015782778916154
184	49	20	0.266304347826087	42510146	0.5434379994913262	0.632833211916918
184	50	21	0.2717391304347826	48239258	0.5028416924518286	0.6570329605006245
184	51	27	0.27717391304347827	54050783	0.5769980935417286	0.6791923892299507
184	52	31	0.2826086956521739	59868605	0.5981018680074893	0.6995991554765885
184	53	45	0.28804347826086957	65687412	0.7913032800824832	0.7246005512869226
184	54	52	0.29347826086956524	71370923	0.8415785041878039	0.7471057809840375
184	55	54	0.29891304347826086	76771125	0.8124721044647366	0.769741821548789
184	56	49	0.30434782608695654	82011521	0.6901346253021486	0.7993535723681404
184	57	68	0.30978260869565216	86925271	0.9035984205456465	0.8367421464995709
184	58	55	0.31521739130434784	91544899	0.6939707140415499	0.8819822901561969
184	59	77	0.32065217391304346	95874380	0.9276854827770274	0.8996164646670525
184	60	89	0.32608695652173914	99778772	1.030301793215522	0.9330533318693935
184	61	63	0.33152173913043476	103230364	0.7049295147890909	0.9757712193478255
184	62	82	0.33695652173913043	106294255	0.8910799334482304	1.0014580605044876
184	63	108	0.3423913043478261	108904515	1.1454878154661514	1.0227115907028204
184	64	89	0.34782608695652173	111063600	0.9256160228593592	1.0599976135909674
184	65	101	0.3532608695652174	112719277	1.0349891166941858	1.0990026131746453
184	66	95	0.358695652173913	113861734	0.963736739917732	1.1459606015188333
184	67	116	0.3641304347826087	114512924	1.170081435191371	1.1888131700940359
184	68	116	0.3695652173913043	114498336	1.1702305128860595	1.248264057360761
184	69	107	0.375	113958359	1.08455153822226	1.2836432021147424
184	70	125	0.3804347826086957	112811844	1.2798760684829005	1.3187099477227127
184	71	115	0.3858695652173913	111285294	1.1936380832750837	1.3455692209145345
184	72	121	0.391304347826087	109402820	1.2775251463989818	1.364473210460166
184	73	121	0.3967391304347826	107356003	1.3018820534605917	1.3954942938588513
184	74	124	0.40217391304347827	105087415	1.3629614729985515	1.4425578370236463
184	75	122	0.4076086956521739	102753952	1.3714308046465955	1.459951486570009
184	76	130	0.41304347826086957	100344412	1.4964519055840133	1.5020782700124713
184	77	113	0.41847826086956524	98022855	1.3315690729150031	1.538539288198755
184	78	116	0.42391304347826086	95772489	1.3990389918954742	1.5761858728425928
184	79	123	0.42934782608695654	93525924	1.5190977050063024	1.6059369818374896
184	80	119	0.43478260869565216	91340256	1.5048643039376748	1.6206110783500158
184	81	100	0.44021739130434784	89240964	1.2943399345352322	1.6398220089231135
184	82	115	0.44565217391304346	87220520	1.522971486834339	1.6449974100185993
184	83	120	0.45108695652173914	85288099	1.6251947672317708	1.670371919146184
184	84	123	0.45652173913043476	83475090	1.7020049515010272	1.6922834157666689
184	85	120	0.46195652173913043	81742478	1.6956884057508659	1.7097267701842602
184	86	104	0.4673913043478261	80082645	1.5000562136988091	1.7169125108231642
184	87	99	0.47282608695652173	78409823	1.4584022472108478	1.739865816613836
184	88	138	0.4782608695652174	76675792	2.078899139799391	1.7427559294406323
184	89	112	0.483695652173913	74979485	1.7253935622766088	1.758861468451945
184	90	105	0.4891304347826087	73221555	1.6563913546591857	1.7935874092113953
184	91	96	0.4945652173913043	71483806	1.5512299073940774	1.839898691299868
184	92	135	0.5	69707024	2.2370198120520595	1.856579525503116
184	93	103	0.5054347826086957	67940538	1.7511399130614722	1.8733484165949759
184	94	106	0.5108695652173914	66007322	1.8549250053155966	1.8919575300046583
184	95	100	0.5163043478260869	63809988	1.8101890804558847	1.9352469352027952
184	96	102	0.5217391304347826	61088387	1.9286530903435615	1.9783415192547091
184	97	104	0.5271739130434783	57771897	2.0793582257076633	2.0100694720352954
184	98	99	0.532608695652174	53783555	2.126171504776968	2.0506109441406197
184	99	102	0.5380434782608695	49327368	2.388497727501971	2.117850276742436
184	100	77	0.5434782608695652	44623165	1.993163651575324	2.1828230059480727
184	101	66	0.5489130434782609	39971978	1.9072204710777605	2.2179243566081146
184	102	56	0.5543478260869565	35578665	1.8180715988333955	2.2959695369385855
184	103	53	0.5597826086956522	31520442	1.942209949208807	2.377283167353603
184	104	65	0.5652173913043478	27972810	2.6840454454183784	2.4167657411115284
184	105	53	0.5706521739130435	24873900	2.461186868800596	2.427764429422183
184	106	42	0.5760869565217391	22211365	2.184171043548239	2.481097917332093
184	107	40	0.5815217391304348	19934695	2.3177308406598853	2.490987582875196
184	108	43	0.5869565217391305	17965223	2.7647027652090395	2.5297957507221813
184	109	31	0.592391304347826	16295313	2.1974125004841896	2.5651018555219998
184	110	27	0.5978260869565217	14879857	2.0959340365594694	2.5770335075661026
184	111	28	0.6032608695652174	13625433	2.3736698995513676	2.58255535487914
184	112	23	0.6086956521739131	12501450	2.1251033284437275	2.600967655184986
184	113	21	0.6141304347826086	11472410	2.1143517478315728	2.614871375045216
184	114	19	0.6195652173913043	10546932	2.080846568965079	2.6330318685179686
184	115	21	0.625	9677571	2.506487437327033	2.654311956336243
184	116	19	0.6304347826086957	8852030	2.479267158528382	2.6773059324076085
184	117	11	0.6358695652173914	8093048	1.5699765755965258	2.65972581727953
184	118	9	0.6413043478260869	7383735	1.4079233497878636	2.6773059324076085
184	119	19	0.6467391304347826	6690098	3.2804522841530863	2.65972581727953
184	120	14	0.6521739130434783	6048612	2.673529082412121	2.6273826582672437
184	121	6	0.657608695652174	5439915	1.274006783212102	2.57946411364915
184	122	18	0.6630434782608695	4872387	4.267203288714912	2.5668768270913143
184	123	9	0.6684782608695652	4341878	2.394294108481605	2.5220695403799667
184	124	12	0.6739130434782609	3859773	3.5911379296643933	2.4816460338701547
184	125	6	0.6793478260869565	3435004	2.017607144008351	2.4495704293203993
184	126	7	0.6847826086956522	3053381	2.6480711202150897	2.4322608001074237
184	127	5	0.6902173913043478	2724008	2.1201873030773224	2.360404972218292
184	128	5	0.6956521739130435	2431988	2.3747679573587743	2.262027457634282
184	129	5	0.7010869565217391	2190695	2.636335580754533	2.1755554286344587
184	130	3	0.7065217391304348	1970454	1.7586019795684806	2.1755554286344587
184	131	2	0.7119565217391305	1777937	1.2993502413372469	2.1755554286344587
184	132	5	0.717391304347826	1608810	3.589862802370107	2.120016829737376
184	133	0	0.7228260869565217	1462981	0.0	2.131148312223873
184	134	1	0.7282608695652174	1329709	0.8686723448635831	1.9738639042196726
184	135	1	0.7336956521739131	1211823	0.9531766891833298	1.8964345641770923
184	136	1	0.7391304347826086	1106728	1.0436904415684887	1.907277470925215
184	137	1	0.7445652173913043	1013880	1.1392683897662546	1.9263567447629755
184	138	2	0.75	939488	2.4589594226136153	1.9289771529333835
184	139	0	0.7554347826086957	874235	0.0	1.9188753879848746
184	140	2	0.7608695652173914	805819	2.8668508313063112	1.9188753879848746
184	141	0	0.7663043478260869	748977	0.0	1.8239257368055197
184	142	3	0.7717391304347826	698895	4.95817584193424	1.8049769525965618
184	143	2	0.7771739130434783	651968	3.543368493595423	1.6796144962040167
184	144	1	0.782608695652174	606035	1.905964894793552	1.706496248099109
184	145	0	0.7880434782608695	570464	0.0	1.7150245186131399
184	146	0	0.7934782608695652	534384	0.0	1.3905218287432821
184	147	4	0.7989130434782609	487639	9.474889703376558	0.9256140775961784
184	148	0	0.8043478260869565	438094	0.0	0.33078089439596225
184	149	0	0.8097826086956522	386120	0.0	0.0
184	150	0	0.8152173913043478	330210	0.0	0.0
184	151	0	0.8206521739130435	276070	0.0	0.0
184	152	1	0.8260869565217391	230568	5.009721362097994	0.0
184	153	0	0.8315217391304348	190767	0.0	0.0
184	154	0	0.8369565217391305	160153	0.0	0.0
184	155	0	0.842391304347826	128973	0.0	0.0
184	156	0	0.8478260869565217	103124	0.0	0.0
184	157	0	0.8532608695652174	80247	0.0	0.0
184	158	0	0.8586956521739131	64470	0.0	0.0
184	159	0	0.8641304347826086	49530	0.0	0.0
184	160	0	0.8695652173913043	37778	0.0	0.0
184	161	0	0.875	29143	0.0	0.0
184	162	0	0.8804347826086957	24045	0.0	0.0
184	163	0	0.8858695652173914	16455	0.0	0.0
184	164	0	0.8913043478260869	12303	0.0	0.0
184	165	0	0.8967391304347826	7996	0.0	0.0
184	166	0	0.9021739130434783	6107	0.0	0.0
184	167	0	0.907608695652174	4570	0.0	0.0
184	168	0	0.9130434782608695	3530	0.0	0.0
184	169	0	0.9184782608695652	2353	0.0	0.0
184	170	0	0.9239130434782609	1783	0.0	0.0
184	171	0	0.9293478260869565	1314	0.0	0.0
184	172	0	0.9347826086956522	855	0.0	0.0
184	173	0	0.9402173913043478	647	0.0	0.0
184	174	0	0.9456521739130435	362	0.0	0.0
184	175	0	0.9510869565217391	152	0.0	0.0
184	176	0	0.9565217391304348	171	0.0	0.0
184	177	0	0.9619565217391305	175	0.0	0.0
184	178	0	0.967391304347826	144	0.0	0.0
184	179	0	0.9728260869565217	19	0.0	0.0
184	180	0	0.9782608695652174	6	0.0	0.0
184	181	0	0.9836956521739131	22	0.0	0.0
184	182	0	0.9891304347826086	16	0.0	0.0
184	183	0	0.9945652173913043	0		
184	184	0	1.0	0		
185	0	0	0.0	70511	0.0	0.0
185	1	0	0.005405405405405406	58143	0.0	0.0
185	2	0	0.010810810810810811	67699	0.0	0.0
185	3	0	0.016216216216216217	75051	0.0	0.0
185	4	0	0.021621621621621623	76676	0.0	0.0
185	5	0	0.02702702702702703	83505	0.0	0.0
185	6	0	0.032432432432432434	89247	0.0	0.0
185	7	0	0.03783783783783784	91598	0.0	0.0
185	8	0	0.043243243243243246	98891	0.0	0.0
185	9	0	0.04864864864864865	100687	0.0	0.0
185	10	0	0.05405405405405406	102898	0.0	0.0
185	11	0	0.05945945945945946	105417	0.0	0.0
185	12	0	0.06486486486486487	103985	0.0	0.0
185	13	0	0.07027027027027027	104810	0.0	0.0
185	14	0	0.07567567567567568	108593	0.0	0.0
185	15	0	0.08108108108108109	110776	0.0	0.0
185	16	0	0.08648648648648649	116324	0.0	0.0
185	17	0	0.0918918918918919	123071	0.0	0.0
185	18	0	0.0972972972972973	126112	0.0	0.0
185	19	0	0.10270270270270271	133358	0.0	0.0
185	20	0	0.10810810810810811	141654	0.0	0.0
185	21	0	0.11351351351351352	151769	0.0	0.0
185	22	0	0.11891891891891893	165431	0.0	0.0
185	23	0	0.12432432432432433	177836	0.0	0.0
185	24	0	0.12972972972972974	196782	0.0	0.0
185	25	0	0.13513513513513514	214961	0.0	0.0
185	26	0	0.14054054054054055	245514	0.0	0.0
185	27	0	0.14594594594594595	281165	0.0	0.0
185	28	0	0.15135135135135136	331174	0.0	0.0
185	29	0	0.15675675675675677	398219	0.0	0.0
185	30	0	0.16216216216216217	488917	0.0	0.0
185	31	0	0.16756756756756758	611156	0.0	0.0
185	32	0	0.17297297297297298	779844	0.0	0.0
185	33	0	0.1783783783783784	1017922	0.0	0.0
185	34	0	0.1837837837837838	1340302	0.0	0.0
185	35	0	0.1891891891891892	1786877	0.0	0.0
185	36	0	0.1945945945945946	2382470	0.0	0.0
185	37	0	0.2	3170565	0.0	0.0
185	38	2	0.20540540540540542	4179995	0.6366811253308508	0.168395262589714
185	39	1	0.21081081081081082	5471603	0.24319417184299827	0.23220459093172147
185	40	1	0.21621621621621623	7110266	0.18714657935985302	0.2831093850857511
185	41	2	0.22162162162162163	9109565	0.2921461036259503	0.34451172800369995
185	42	3	0.22702702702702704	11525287	0.34636758986704574	0.39730291031323345
185	43	5	0.23243243243243245	14382816	0.46258742385311225	0.4401630644253625
185	44	6	0.23783783783783785	17715091	0.45068759519395013	0.48282829828800794
185	45	7	0.24324324324324326	21527473	0.4326858856899114	0.5047387924657459
185	46	11	0.24864864864864866	25744446	0.5685607514189784	0.5206781689004576
185	47	15	0.25405405405405407	30379784	0.6570135391212779	0.5433926424422216
185	48	11	0.2594594594594595	35396200	0.4135269199130221	0.5980251014425599
185	49	22	0.2648648648648649	40731348	0.718723159499917	0.6263339481132745
185	50	25	0.2702702702702703	46331121	0.7180173561085781	0.6613870524472711
185	51	24	0.2756756756756757	52100474	0.612967303248104	0.678235496148458
185	52	32	0.2810810810810811	57843004	0.7361509566072549	0.7051126404314835
185	53	32	0.2864864864864865	63627676	0.6692242339267157	0.7228133856967197
185	54	36	0.2918918918918919	69317928	0.6910741845687011	0.7438178127932444
185	55	43	0.2972972972972973	74749836	0.7654660846381334	0.7678640753860244
185	56	40	0.3027027027027027	80009750	0.6652499027874301	0.8171298553705978
185	57	42	0.3081081081081081	84968937	0.657743927407541	0.8469722070790858
185	58	60	0.31351351351351353	89660556	0.8904664567808377	0.8906853294932322
185	59	57	0.31891891891891894	94042287	0.8065279370928515	0.9017972059152715
185	60	71	0.32432432432432434	98073831	0.9633252643811293	0.9422082655940759
185	61	62	0.32972972972972975	101632991	0.8117545368196162	0.9859442656335817
185	62	60	0.33513513513513515	104804235	0.7617985820355435	1.0119173202981488
185	63	88	0.34054054054054056	107544885	1.0888314446661271	1.0304404301473615
185	64	97	0.34594594594594597	109851553	1.1749875774915124	1.0681428656374388
185	65	88	0.35135135135135137	111671587	1.0485948632663606	1.1152907465777344
185	66	93	0.3567567567567568	112988594	1.0952571221675333	1.1472831272754829
185	67	108	0.3621621621621622	113814859	1.2626777642959237	1.1844225126257808
185	68	103	0.3675675675675676	114051194	1.2017250946498856	1.253227968665421
185	69	81	0.372972972972973	113723979	0.9477651039569398	1.2899780535354304
185	70	96	0.3783783783783784	112785197	1.1326269012316557	1.3215975419647696
185	71	101	0.3837837837837838	111433179	1.2060757773419095	1.3510999247798432
185	72	123	0.3891891891891892	109676337	1.492312978225702	1.37529101961204
185	73	108	0.3945945945945946	107715266	1.3341794254658	1.406823592816823
185	74	117	0.4	105554797	1.474944330080269	1.4483397574051358
185	75	111	0.40540540540540543	103288121	1.4300141793313463	1.4707672120700601
185	76	95	0.41081081081081083	100907616	1.2527586245093052	1.5006710167528734
185	77	131	0.41621621621621624	98561342	1.768611437852227	1.5269461349570626
185	78	98	0.42162162162162165	96343266	1.3535442332149	1.572486742459278
185	79	106	0.42702702702702705	94115871	1.4986863138662176	1.604922229084239
185	80	116	0.43243243243243246	91901076	1.6795971723735323	1.6345560458418074
185	81	99	0.43783783783783786	89817263	1.4667061727724635	1.6486452993210372
185	82	121	0.44324324324324327	87791351	1.8340086506799336	1.6615431432678083
185	83	102	0.4486486486486487	85816145	1.5816082153811943	1.674913277725722
185	84	115	0.4540540540540541	83986480	1.822032848947193	1.6996630384782132
185	85	89	0.4594594594594595	82226514	1.44027648382663	1.7168551520164903
185	86	104	0.4648648648648649	80561313	1.717807700885177	1.7280332203753843
185	87	118	0.4702702702702703	78891272	1.9903103008424359	1.7388074374748108
185	88	104	0.4756756756756757	77173248	1.7932230073408486	1.7597707969885905
185	89	107	0.4810810810810811	75421430	1.8878033702826522	1.7698188504494201
185	90	89	0.4864864864864865	73666041	1.6076459770824547	1.8100240064072015
185	91	95	0.4918918918918919	71905158	1.7580503226579818	1.8528153864518315
185	92	93	0.4972972972972973	70101541	1.765318715350292	1.868675222872375
185	93	115	0.5027027027027027	68323788	2.239719575083373	1.8762196293142657
185	94	93	0.5081081081081081	66485792	1.8613234283528701	1.901248451276599
185	95	72	0.5135135135135135	64451843	1.4864999459702628	1.9297521238645765
185	96	103	0.518918918918919	62069368	2.2081452787562212	1.9848116713005741
185	97	97	0.5243243243243243	59108991	2.1836645823162586	2.035980430893288
185	98	89	0.5297297297297298	55542773	2.132211052214501	2.0557814520980355
185	99	65	0.5351351351351351	51389475	1.6830883642129681	2.11029954715602
185	100	91	0.5405405405405406	46853811	2.584426662363036	2.1787872795655483
185	101	77	0.5459459459459459	42213774	2.4271928621775722	2.222974360488982
185	102	75	0.5513513513513514	37728005	2.6452405055051247	2.2979133239508602
185	103	64	0.5567567567567567	33530710	2.5398318572817145	2.357407001415438
185	104	65	0.5621621621621622	29711214	2.9111239754630427	2.437488003918411
185	105	46	0.5675675675675675	26420983	2.31673629141575	2.4514902679016672
185	106	52	0.572972972972973	23536072	2.9399307553278464	2.482333136547227
185	107	43	0.5783783783783784	21066070	2.7161432716336074	2.5105655081168896
185	108	30	0.5837837837837838	18953777	2.1061690663111605	2.5382311228227494
185	109	28	0.5891891891891892	17118477	2.1765099130420666	2.563420234207019
185	110	37	0.5945945945945946	15586145	3.158862728970544	2.586852465919277
185	111	26	0.6	14260582	2.426072860575065	2.600887605587474
185	112	20	0.6054054054054054	13072528	2.0358142820404206	2.600887605587474
185	113	16	0.6108108108108108	12005305	1.7734319422804032	2.632515962668908
185	114	22	0.6162162162162163	11027006	2.6548061300819663	2.620541852380186
185	115	24	0.6216216216216216	10142046	3.1488604021050537	2.620541852380186
185	116	16	0.6270270270270271	9296888	2.2900772133447918	2.69334422894965
185	117	19	0.6324324324324324	8507422	2.971825923826822	2.7100912989419634
185	118	9	0.6378378378378379	7776991	1.5399217566470094	2.6928776179412717
185	119	16	0.6432432432432432	7079844	3.007211933457663	2.724026385902047
185	120	21	0.6486486486486487	6413141	4.357287819652173	2.6862326702185073
185	121	13	0.654054054054054	5789877	2.9877328107492858	2.656904545738103
185	122	10	0.6594594594594595	5204101	2.556948760676752	2.6492363360759312
185	123	12	0.6648648648648648	4654624	3.430554975625094	2.648058664875059
185	124	15	0.6702702702702703	4146320	4.81389024570703	2.544607971814273
185	125	6	0.6756756756756757	3688097	2.1647944079106347	2.5282399082669493
185	126	7	0.6810810810810811	3280476	2.839415292680286	2.4952428278255896
185	127	4	0.6864864864864865	2924960	1.8197335488193545	2.444010786643216
185	128	2	0.6918918918918919	2607959	1.0204623310708985	2.3747718023408035
185	129	3	0.6972972972972973	2337871	1.7075304329092555	2.2720436110598756
185	130	5	0.7027027027027027	2106806	3.1580078095436046	2.1934465521354087
185	131	5	0.7081081081081081	1898512	3.504486566949971	2.173384233622978
185	132	2	0.7135135135135136	1713572	1.5530855548977982	2.143201058257434
185	133	1	0.7189189189189189	1555561	0.8554225518887815	1.990421605493345
185	134	2	0.7243243243243244	1414257	1.881782392081022	1.990421605493345
185	135	3	0.7297297297297297	1288578	3.097977678274807	1.9458562957925247
185	136	1	0.7351351351351352	1175800	1.1317077396144453	1.8240474455247815
185	137	1	0.7405405405405405	1073049	1.2400756724424185	1.8615008808276332
185	138	2	0.745945945945946	987324	2.695491976774928	1.8615008808276332
185	139	0	0.7513513513513513	917455	0.0	1.8240474455247815
185	140	0	0.7567567567567568	851893	0.0	1.8240474455247815
185	141	0	0.7621621621621621	786088	0.0	1.819284815081022
185	142	1	0.7675675675675676	731378	1.8193901925388307	1.819284815081022
185	143	0	0.772972972972973	683653	0.0	1.725943418413507
185	144	1	0.7783783783783784	636641	2.090129225479768	1.638157880833981
185	145	2	0.7837837837837838	592588	4.491018921202133	1.725943418413507
185	146	0	0.7891891891891892	559959	0.0	1.638157880833981
185	147	1	0.7945945945945946	521572	2.5512526750643527	1.2353122170370334
185	148	1	0.8	475252	2.7999081755335378	0.0
185	149	0	0.8054054054054054	424437	0.0	0.0
185	150	0	0.8108108108108109	372157	0.0	0.0
185	151	0	0.8162162162162162	318503	0.0	0.0
185	152	0	0.8216216216216217	264799	0.0	0.0
185	153	0	0.827027027027027	221216	0.0	0.0
185	154	0	0.8324324324324325	183453	0.0	0.0
185	155	0	0.8378378378378378	153431	0.0	0.0
185	156	0	0.8432432432432433	123060	0.0	0.0
185	157	0	0.8486486486486486	98532	0.0	0.0
185	158	0	0.8540540540540541	76360	0.0	0.0
185	159	0	0.8594594594594595	61595	0.0	0.0
185	160	0	0.8648648648648649	47151	0.0	0.0
185	161	0	0.8702702702702703	35986	0.0	0.0
185	162	0	0.8756756756756757	27978	0.0	0.0
185	163	0	0.8810810810810811	23048	0.0	0.0
185	164	0	0.8864864864864865	15465	0.0	0.0
185	165	0	0.8918918918918919	11585	0.0	0.0
185	166	0	0.8972972972972973	7652	0.0	0.0
185	167	0	0.9027027027027027	5801	0.0	0.0
185	168	0	0.9081081081081082	4409	0.0	0.0
185	169	0	0.9135135135135135	3334	0.0	0.0
185	170	0	0.918918918918919	2259	0.0	0.0
185	171	0	0.9243243243243243	1699	0.0	0.0
185	172	0	0.9297297297297298	1269	0.0	0.0
185	173	0	0.9351351351351351	817	0.0	0.0
185	174	0	0.9405405405405406	622	0.0	0.0
185	175	0	0.9459459459459459	336	0.0	0.0
185	176	0	0.9513513513513514	148	0.0	0.0
185	177	0	0.9567567567567568	170	0.0	0.0
185	178	0	0.9621621621621622	176	0.0	0.0
185	179	0	0.9675675675675676	137	0.0	0.0
185	180	0	0.972972972972973	13	0.0	0.0
185	181	0	0.9783783783783784	8	0.0	0.0
185	182	0	0.9837837837837838	22	0.0	0.0
185	183	0	0.9891891891891892	13	0.0	0.0
185	184	0	0.9945945945945946	0		
185	185	0	1.0	0		
186	0	0	0.0	69726	0.0	0.0
186	1	0	0.005376344086021506	57497	0.0	0.0
186	2	0	0.010752688172043012	67068	0.0	0.0
186	3	0	0.016129032258064516	74255	0.0	0.0
186	4	0	0.021505376344086023	76028	0.0	0.0
186	5	0	0.026881720430107527	82683	0.0	0.0
186	6	0	0.03225806451612903	88371	0.0	0.0
186	7	0	0.03763440860215054	90765	0.0	0.0
186	8	0	0.043010752688172046	97764	0.0	0.0
186	9	0	0.04838709677419355	99838	0.0	0.0
186	10	0	0.053763440860215055	102011	0.0	0.0
186	11	0	0.05913978494623656	104203	0.0	0.0
186	12	0	0.06451612903225806	103504	0.0	0.0
186	13	0	0.06989247311827956	103721	0.0	0.0
186	14	0	0.07526881720430108	107347	0.0	0.0
186	15	0	0.08064516129032258	109542	0.0	0.0
186	16	0	0.08602150537634409	114659	0.0	0.0
186	17	0	0.0913978494623656	121290	0.0	0.0
186	18	0	0.0967741935483871	124619	0.0	0.0
186	19	0	0.10215053763440861	131402	0.0	0.0
186	20	0	0.10752688172043011	139060	0.0	0.0
186	21	0	0.11290322580645161	149289	0.0	0.0
186	22	0	0.11827956989247312	161623	0.0	0.0
186	23	0	0.12365591397849462	174149	0.0	0.0
186	24	0	0.12903225806451613	191976	0.0	0.0
186	25	0	0.13440860215053763	209304	0.0	0.0
186	26	0	0.13978494623655913	237831	0.0	0.0
186	27	0	0.14516129032258066	271465	0.0	0.0
186	28	0	0.15053763440860216	317833	0.0	0.0
186	29	0	0.15591397849462366	381045	0.0	0.0
186	30	0	0.16129032258064516	464512	0.0	0.0
186	31	0	0.16666666666666666	577569	0.0	0.0
186	32	1	0.17204301075268819	733636	1.7506923281205893	0.0
186	33	0	0.1774193548387097	952888	0.0	0.0
186	34	0	0.1827956989247312	1251105	0.0	0.0
186	35	0	0.1881720430107527	1660998	0.0	0.0
186	36	1	0.1935483870967742	2216601	0.5794326163495715	0.0
186	37	1	0.1989247311827957	2948616	0.43558432730239427	0.0
186	38	0	0.20430107526881722	3891345	0.0	0.0
186	39	1	0.20967741935483872	5096854	0.25199287969266465	0.2191489758542988
186	40	1	0.21505376344086022	6633839	0.19360899726886296	0.2695990043729197
186	41	0	0.22043010752688172	8524566	0.0	0.34119991874224265
186	42	0	0.22580645161290322	10809590	0.0	0.38140541224852476
186	43	6	0.23118279569892472	13523128	0.5698552510187332	0.44161342728533176
186	44	5	0.23655913978494625	16703441	0.3844629728787849	0.4751591748808242
186	45	6	0.24193548387096775	20365655	0.378393206651024	0.500939425517933
186	46	8	0.24731182795698925	24430859	0.42057331404780374	0.5160955905312489
186	47	12	0.25268817204301075	28921155	0.5329127070477275	0.5375278387908016
186	48	12	0.25806451612903225	33786891	0.45616659437522444	0.5789943313050747
186	49	13	0.26344086021505375	38998046	0.42814509011118135	0.6213947160994565
186	50	13	0.26881720430107525	44476177	0.37541045667729034	0.6630670343952437
186	51	18	0.27419354838709675	50169063	0.4608153934028104	0.6782610646824981
186	52	26	0.27956989247311825	55863502	0.5977721167151318	0.7070697344464155
186	53	27	0.2849462365591398	61597005	0.5629821572411364	0.7228515903558183
186	54	45	0.2903225806451613	67272448	0.8591435717857101	0.7443121733199525
186	55	42	0.2956989247311828	72730602	0.7416902517456025	0.7660182956056002
186	56	46	0.3010752688172043	78024043	0.757216108044049	0.8200197932521442
186	57	44	0.3064516129032258	83010620	0.6807842218339698	0.843728020973619
186	58	41	0.3118279569892473	87767549	0.5999849396518541	0.8898803533109524
186	59	58	0.3172043010752688	92212262	0.8078482358053255	0.9142945403346074
186	60	58	0.3225806451612903	96331567	0.7733032431240161	0.9473079674586723
186	61	54	0.3279569892473118	100019083	0.6934279682306839	0.9983046656313493
186	62	61	0.3333333333333333	103288264	0.7585239880381538	1.0153098633440987
186	63	77	0.3387096774193548	106155474	0.93161998029557	1.0359186603485775
186	64	72	0.34408602150537637	108597357	0.8515373538232751	1.0716438395287387
186	65	70	0.34946236559139787	110564345	0.8131551286114468	1.0971818714098258
186	66	71	0.3548387096774194	112068613	0.8137009342227555	1.141655932898467
186	67	89	0.3602150537634409	113057857	1.0110664984402085	1.1786722001925203
186	68	91	0.3655913978494624	113508201	1.0296855416800235	1.2174477662034162
186	69	89	0.3709677419354839	113405881	1.0079637016191765	1.2893675059324146
186	70	82	0.3763440860215054	112705976	0.9344528029313395	1.312729592416128
186	71	109	0.3817204301075269	111493150	1.2556505035045233	1.3453952890489786
186	72	105	0.3870967741935484	109915675	1.2269309747447126	1.375639636813007
186	73	111	0.3924731182795699	108039414	1.3195663183481492	1.3903876409758598
186	74	113	0.3978494623655914	105967075	1.3696132841463982	1.440683171564592
186	75	104	0.4032258064516129	103794700	1.286911329293692	1.4716276320030481
186	76	105	0.40860215053763443	101456302	1.3292318329074626	1.4830498015574607
186	77	96	0.41397849462365593	99111421	1.244050451218688	1.5261554542905802
186	78	82	0.41935483870967744	96877115	1.087134099527141	1.5591360328250699
186	79	112	0.42473118279569894	94694095	1.5190972856892986	1.593041430006957
186	80	107	0.43010752688172044	92476664	1.4860796460081995	1.6319634024538374
186	81	100	0.43548387096774194	90374660	1.4211626542584799	1.6479470153386455
186	82	111	0.44086021505376344	88348200	1.6136737564372732	1.6623747795868316
186	83	101	0.44623655913978494	86386011	1.5016489486954172	1.6677504145565727
186	84	103	0.45161290322580644	84476992	1.5659909438277217	1.690810885087063
186	85	93	0.45698924731182794	82735615	1.4437131489924397	1.7128054939861626
186	86	94	0.46236559139784944	81027846	1.48999229452933	1.7310968773840696
186	87	95	0.46774193548387094	79374322	1.5372129679311437	1.7430784472920506
186	88	86	0.4731182795698925	77667899	1.4221563898315903	1.768849692508403
186	89	94	0.478494623655914	75911123	1.5904239248615675	1.7896718508572087
186	90	88	0.4838709677419355	74130138	1.524678676320699	1.8198434076045478
186	91	80	0.489247311827957	72333204	1.4205049363864226	1.8466994496747415
186	92	100	0.4946236559139785	70554184	1.820403616081899	1.8774639283760512
186	93	115	0.5	68706314	2.149768294014489	1.888812152493999
186	94	78	0.5053763440860215	66915327	1.4971298206908559	1.9028524855728806
186	95	94	0.510752688172043	64980729	1.8579487802038848	1.9271367735883724
186	96	78	0.5161290322580645	62842175	1.5941671578518724	1.9651469080164652
186	97	102	0.521505376344086	60244240	2.1745785741005914	2.030124053480717
186	98	59	0.5268817204301075	57043501	1.3284227434278888	2.0616060439951776
186	99	70	0.532258064516129	53273027	1.6876451225179183	2.10166948112991
186	100	69	0.5376344086021505	48980803	1.8093127885527376	2.158918793910006
186	101	80	0.543010752688172	44429703	2.3126347107619902	2.22187527329597
186	102	67	0.5483870967741935	39912795	2.1560216824658895	2.265052384672029
186	103	57	0.553763440860215	35604276	2.0561896065372984	2.3444711887937526
186	104	47	0.5591397849462365	31588690	1.9109824779424094	2.4443214991669415
186	105	45	0.5645161290322581	28048674	2.060585511368147	2.469817963656822
186	106	33	0.5698924731182796	24977140	1.6969212750335518	2.486988869273006
186	107	38	0.5752688172043011	22297818	2.1888282898199685	2.519690347673342
186	108	33	0.5806451612903226	20001316	2.119072577798957	2.5415084429899393
186	109	29	0.5860215053763441	18037137	2.065003807874788	2.56478696338049
186	110	23	0.5913978494623656	16346623	1.8071335643552042	2.5771293714777963
186	111	24	0.5967741935483871	14922548	2.065659430547239	2.583643090752652
186	112	25	0.6021505376344086	13676344	2.3477965252136768	2.6055293718301935
186	113	22	0.6075268817204301	12550909	2.25132380215072	2.6182763191501226
186	114	26	0.6129032258064516	11535516	2.894854797796648	2.6429610738340155
186	115	16	0.6182795698924731	10605594	1.9376505143728135	2.651039322727242
186	116	23	0.6236559139784946	9749373	3.0299929120735007	2.6931201951811063
186	117	15	0.6290322580645161	8937210	2.1556574985365846	2.7259961962090933
186	118	16	0.6344086021505376	8176332	2.513343962712036	2.7387599541643515
186	119	14	0.6397849462365591	7470674	2.406903692446367	2.741879097073257
186	120	11	0.6451612903225806	6788146	2.0812870090248268	2.7752160446148397
186	121	11	0.6505376344086021	6143353	2.299734377165669	2.7337527082232636
186	122	8	0.6559139784946236	5544801	1.8530813521828131	2.6831509171786827
186	123	6	0.6612903225806451	4978626	1.5478619002508844	2.6637236574581613
186	124	7	0.6666666666666666	4444457	2.0228784793803913	2.6637236574581613
186	125	7	0.6720430107526881	3961721	2.2693663733088565	2.5708918778913863
186	126	6	0.6774193548387096	3524027	2.186766872387317	2.499850575918129
186	127	3	0.6827956989247311	3135824	1.2287401175892618	2.499850575918129
186	128	7	0.6881720430107527	2803340	3.2071016779382937	2.4148555994251932
186	129	2	0.6935483870967742	2498888	1.0279539673911569	2.3404806837969847
186	130	3	0.6989247311827957	2249984	1.7125067336030966	2.1493401297339694
186	131	5	0.7043010752688172	2026925	3.1682743979996215	2.1354546929223135
186	132	4	0.7096774193548387	1830100	2.8072147245135817	2.129359692745606
186	133	2	0.7150537634408602	1653701	1.5533290683540455	2.014953195024975
186	134	2	0.7204301075268817	1503713	1.708266027936284	1.9954458651513993
186	135	1	0.7258064516129032	1369652	0.9377352180211299	1.9954458651513993
186	136	1	0.7311827956989247	1247735	1.0293619372968432	1.922665355777064
186	137	2	0.7365591397849462	1141969	2.2493971672314688	1.922665355777064
186	138	4	0.7419354838709677	1040706	4.936536992514991	1.8690490637500405
186	139	2	0.7473118279569892	963110	2.6671323459066496	1.9530014090575243
186	140	3	0.7526881720430108	895603	4.3022552967098475	1.8502262360778106
186	141	0	0.7580645161290323	829954	0.0	2.0004714964466763
186	142	2	0.7634408602150538	767323	3.347666932525355	1.911199919157606
186	143	1	0.7688172043010753	714480	1.7976303281170596	1.79253360086079
186	144	2	0.7741935483870968	668320	3.843580670436547	1.7560575513665346
186	145	2	0.7795698924731183	622278	4.127965047239583	1.511594628590007
186	146	0	0.7849462365591398	580156	0.0	1.6634297677858512
186	147	0	0.7903225806451613	548989	0.0	1.3949042437893366
186	148	0	0.7956989247311828	508990	0.0	0.0
186	149	0	0.8010752688172043	462370	0.0	0.0
186	150	1	0.8064516129032258	411059	3.124541530128465	0.0
186	151	1	0.8118279569892473	359275	3.574896435413198	0.0
186	152	2	0.8172043010752689	306106	8.391674235938378	0.0
186	153	0	0.8225806451612904	254311	0.0	0.0
186	154	0	0.8279569892473119	212420	0.0	0.0
186	155	0	0.8333333333333334	176302	0.0	0.0
186	156	0	0.8387096774193549	147005	0.0	0.0
186	157	0	0.8440860215053764	117246	0.0	0.0
186	158	0	0.8494623655913979	94174	0.0	0.0
186	159	0	0.8548387096774194	72906	0.0	0.0
186	160	0	0.8602150537634409	58595	0.0	0.0
186	161	0	0.8655913978494624	45018	0.0	0.0
186	162	0	0.8709677419354839	34284	0.0	0.0
186	163	0	0.8763440860215054	26911	0.0	0.0
186	164	0	0.8817204301075269	21965	0.0	0.0
186	165	0	0.8870967741935484	14538	0.0	0.0
186	166	0	0.8924731182795699	10982	0.0	0.0
186	167	0	0.8978494623655914	7307	0.0	0.0
186	168	0	0.9032258064516129	5527	0.0	0.0
186	169	0	0.9086021505376344	4207	0.0	0.0
186	170	0	0.9139784946236559	3175	0.0	0.0
186	171	0	0.9193548387096774	2158	0.0	0.0
186	172	0	0.9247311827956989	1629	0.0	0.0
186	173	0	0.9301075268817204	1220	0.0	0.0
186	174	0	0.9354838709677419	791	0.0	0.0
186	175	0	0.9408602150537635	588	0.0	0.0
186	176	0	0.946236559139785	316	0.0	0.0
186	177	0	0.9516129032258065	147	0.0	0.0
186	178	0	0.956989247311828	167	0.0	0.0
186	179	0	0.9623655913978495	177	0.0	0.0
186	180	0	0.967741935483871	128	0.0	0.0
186	181	0	0.9731182795698925	9	0.0	0.0
186	182	0	0.978494623655914	10	0.0	0.0
186	183	0	0.9838709677419355	22	0.0	0.0
186	184	0	0.989247311827957	10	0.0	0.0
186	185	0	0.9946236559139785	0		
186	186	0	1.0	0		
187	0	0	0.0	68952	0.0	0.0
187	1	0	0.0053475935828877	56862	0.0	0.0
187	2	0	0.0106951871657754	66410	0.0	0.0
187	3	0	0.016042780748663103	73506	0.0	0.0
187	4	0	0.0213903743315508	75379	0.0	0.0
187	5	0	0.026737967914438502	81872	0.0	0.0
187	6	0	0.03208556149732621	87530	0.0	0.0
187	7	0	0.0374331550802139	89907	0.0	0.0
187	8	0	0.0427807486631016	96730	0.0	0.0
187	9	0	0.0481283422459893	98921	0.0	0.0
187	10	0	0.053475935828877004	101125	0.0	0.0
187	11	0	0.058823529411764705	103140	0.0	0.0
187	12	0	0.06417112299465241	102824	0.0	0.0
187	13	0	0.06951871657754011	102745	0.0	0.0
187	14	0	0.0748663101604278	106252	0.0	0.0
187	15	0	0.08021390374331551	108173	0.0	0.0
187	16	0	0.0855614973262032	113190	0.0	0.0
187	17	0	0.09090909090909091	119433	0.0	0.0
187	18	0	0.0962566844919786	123102	0.0	0.0
187	19	0	0.10160427807486631	129535	0.0	0.0
187	20	0	0.10695187165775401	136882	0.0	0.0
187	21	0	0.11229946524064172	146354	0.0	0.0
187	22	0	0.11764705882352941	158681	0.0	0.0
187	23	0	0.12299465240641712	169964	0.0	0.0
187	24	0	0.12834224598930483	187722	0.0	0.0
187	25	0	0.13368983957219252	203832	0.0	0.0
187	26	0	0.13903743315508021	230693	0.0	0.0
187	27	0	0.1443850267379679	261988	0.0	0.0
187	28	0	0.1497326203208556	305787	0.0	0.0
187	29	0	0.15508021390374332	364763	0.0	0.0
187	30	0	0.16042780748663102	442394	0.0	0.0
187	31	0	0.1657754010695187	545879	0.0	0.0
187	32	0	0.1711229946524064	691316	0.0	0.0
187	33	0	0.17647058823529413	893283	0.0	0.0
187	34	0	0.18181818181818182	1168940	0.0	0.0
187	35	0	0.18716577540106952	1545044	0.0	0.0
187	36	0	0.1925133689839572	2062274	0.0	0.0
187	37	1	0.19786096256684493	2742724	0.5212986013091659	0.0
187	38	0	0.20320855614973263	3623342	0.0	0.0
187	39	0	0.20855614973262032	4746331	0.0	0.1998558567357743
187	40	0	0.21390374331550802	6189491	0.0	0.26358004238049726
187	41	1	0.2192513368983957	7970679	0.17937972222656073	0.33084761549288677
187	42	3	0.22459893048128343	10138319	0.42308143538699494	0.3676788276710448
187	43	4	0.22994652406417113	12704770	0.4501547639121624	0.4329393720686738
187	44	7	0.23529411764705882	15741504	0.6357999397541408	0.45632263048972127
187	45	3	0.24064171122994651	19252149	0.22279770195686946	0.4821293064428911
187	46	5	0.24598930481283424	23172817	0.30850331769699835	0.5123180320250829
187	47	10	0.25133689839572193	27507287	0.5197816073163016	0.5277720610590823
187	48	15	0.25668449197860965	32239066	0.6652386509787912	0.5602504078758385
187	49	18	0.2620320855614973	37313259	0.6897282097387274	0.6119593377128927
187	50	12	0.26737967914438504	42672345	0.40207160444838386	0.6402497823368645
187	51	23	0.2727272727272727	48258109	0.6814377715146871	0.6731443678775443
187	52	29	0.27807486631016043	53926274	0.768893607675089	0.6942975519380142
187	53	25	0.28342245989304815	59595233	0.599787144458803	0.7161741700798547
187	54	22	0.2887700534759358	65247001	0.4820929634680954	0.7424052767321309
187	55	34	0.29411764705882354	70719250	0.6874006481859007	0.7666233533703282
187	56	44	0.2994652406417112	76037988	0.8273527718670247	0.7985123021052869
187	57	41	0.3048128342245989	81069030	0.7230986430213895	0.8322273470903232
187	58	47	0.31016042780748665	85860138	0.7826632504821132	0.8634139623766706
187	59	58	0.3155080213903743	90383573	0.9175022847201526	0.9082219180334752
187	60	60	0.32085561497326204	94561953	0.9072009235958235	0.936168293509134
187	61	72	0.32620320855614976	98383450	1.0463551473174588	0.9720380127602514
187	62	60	0.3315508021390374	101746278	0.8431432852868078	1.0175318831460471
187	63	42	0.33689839572192515	104748475	0.5732845635130955	1.0375875902919238
187	64	68	0.3422459893048128	107296469	0.9061334215801781	1.0591839432084786
187	65	68	0.34759358288770054	109421027	0.888539609287724	1.0938300043627078
187	66	80	0.35294117647058826	111086442	1.029668902332532	1.1343196806596765
187	67	87	0.3582887700534759	112244503	1.108211972687928	1.1676158009483397
187	68	75	0.36363636363636365	112886998	0.9499177564566034	1.2057501269047064
187	69	86	0.3689839572192513	112999065	1.088158772889218	1.2754382450294457
187	70	84	0.37433155080213903	112535939	1.0672267775548112	1.3061552489114203
187	71	92	0.37967914438502676	111525649	1.1794559744538358	1.3337225921380087
187	72	94	0.3850267379679144	110065765	1.2210804094065544	1.3729307400312103
187	73	92	0.39037433155080214	108329309	1.2142567346930224	1.3949948035936126
187	74	105	0.39572192513368987	106356768	1.411538844642153	1.4139737214599268
187	75	104	0.40106951871657753	104257213	1.4262507788081427	1.4721358372773405
187	76	80	0.40641711229946526	101981061	1.121602910153744	1.4917267965395369
187	77	82	0.4117647058823529	99668911	1.1763127538146838	1.5222136355251747
187	78	91	0.41711229946524064	97379479	1.3361112235249726	1.5485699662458419
187	79	103	0.42245989304812837	95260128	1.545947461383207	1.5754418640511954
187	80	92	0.42780748663101603	93062865	1.413448780218527	1.6206601969073833
187	81	90	0.43315508021390375	90910983	1.4154509433468263	1.6528986378320514
187	82	97	0.4385026737967914	88907776	1.5599139938308304	1.6686023454744936
187	83	100	0.44385026737967914	86943864	1.644484290434896	1.683280823539255
187	84	90	0.44919786096256686	85008442	1.5137324437487902	1.6925470691050382
187	85	106	0.45454545454545453	83217763	1.821203576543755	1.7045968530321987
187	86	79	0.45989304812834225	81519448	1.3855893211297186	1.722114578166201
187	87	84	0.46524064171123	79846944	1.5041448241034094	1.7454847692457367
187	88	80	0.47058823529411764	78151025	1.463605305217257	1.7607696897666387
187	89	84	0.47593582887700536	76425743	1.5714779186127743	1.7622913933155244
187	90	81	0.48128342245989303	74621189	1.5519992985255644	1.7926544073587845
187	91	88	0.48663101604278075	72800991	1.7282797740759204	1.8421020755318749
187	92	70	0.4919786096256685	70983049	1.4099770911277096	1.8773177315938845
187	93	81	0.49732620320855614	69161554	1.674514615202885	1.8938228257774232
187	94	83	0.5026737967914439	67309570	1.7630715714436702	1.9076841618653664
187	95	71	0.5080213903743316	65457837	1.5508341825192413	1.9232042476617037
187	96	74	0.5133689839572193	63465129	1.667113694644881	1.958197976995221
187	97	83	0.5187165775401069	61165039	1.9401866048527774	2.0135479621469066
187	98	61	0.5240641711229946	58331008	1.4951990763403564	2.064754804006061
187	99	66	0.5294117647058824	54918281	1.7182868525780577	2.089993297607757
187	100	69	0.5347593582887701	50967756	1.9356295529946146	2.14166563207197
187	101	65	0.5401069518716578	46587164	1.9948752841772095	2.1935525154080353
187	102	59	0.5454545454545454	42085226	2.004430555122783	2.2464063220967097
187	103	50	0.5508021390374331	37719475	1.8952784801181366	2.2862603766273417
187	104	61	0.5561497326203209	33572225	2.597875752459122	2.3814343315545177
187	105	42	0.5614973262032086	29788725	2.015886338506848	2.464814591285957
187	106	45	0.5668449197860963	26508189	2.427175176846998	2.487224408780686
187	107	39	0.5721925133689839	23632419	2.3595277831738746	2.5050016490658567
187	108	28	0.5775401069518716	21149979	1.8928524316434674	2.527462559608873
187	109	29	0.5828877005347594	19014421	2.1806379149980613	2.5504465800234364
187	110	22	0.5882352941176471	17188526	1.830006835344449	2.588630305638892
187	111	27	0.5935828877005348	15630792	2.469741200214371	2.596425159260031
187	112	23	0.5989304812834224	14305368	2.2987803078168185	2.6220409534388707
187	113	20	0.6042780748663101	13125933	2.17855475108258	2.6359111387208087
187	114	27	0.6096256684491979	12054183	3.202540644553114	2.647831139823665
187	115	19	0.6149732620320856	11091277	2.4492928555083906	2.654314181783052
187	116	24	0.6203208556149733	10199200	3.3644478429141444	2.658942708056634
187	117	20	0.6256684491978609	9379025	3.0488844735504617	2.71038681679768
187	118	16	0.6310160427807486	8587298	2.6639870841367443	2.7231329300033567
187	119	12	0.6363636363636364	7863811	2.181809585673533	2.7231329300033567
187	120	6	0.6417112299465241	7168115	1.1967817354858963	2.762162888438662
187	121	17	0.6470588235294118	6510288	3.7335105827285027	2.762162888438662
187	122	8	0.6524064171122995	5885729	1.943382965783278	2.71038681679768
187	123	9	0.6577540106951871	5308885	2.4238618212287	2.694988765579448
187	124	10	0.6631016042780749	4761973	3.002491162753508	2.6568871608616176
187	125	7	0.6684491978609626	4241956	2.3593944149443247	2.5897046722591894
187	126	7	0.6737967914438503	3788224	2.6419893055002994	2.522862393662273
187	127	3	0.679144385026738	3366616	1.274078943048819	2.4624932526088386
187	128	5	0.6844919786096256	3004246	2.379595720485408	2.4624932526088386
187	129	4	0.6898395721925134	2684319	2.1305637444388403	2.387518758410252
187	130	4	0.6951871657754011	2399773	2.3831890515929315	2.272004410379584
187	131	2	0.7005347593582888	2164728	1.320977217439864	2.1811838427130494
187	132	3	0.7058823529411765	1952825	2.196476670941453	2.211901938047805
187	133	3	0.7112299465240641	1763306	2.432552577335552	2.140722421690881
187	134	2	0.7165775401069518	1597925	1.7895435455069306	2.040358712557393
187	135	2	0.7219251336898396	1454855	1.9655267156893037	2.0267674932150763
187	136	2	0.7272727272727273	1327123	2.1547033469800176	2.0267674932150763
187	137	3	0.732620320855615	1209165	3.5473525572864273	1.9804600745992087
187	138	1	0.7379679144385026	1107704	1.290758347877304	1.9750802151142304
187	139	2	0.7433155080213903	1012247	2.824959095906594	1.9798489145533678
187	140	2	0.7486631016042781	939813	3.042686545040515	2.024291025060503
187	141	0	0.7540106951871658	873550	0.0	2.024291025060503
187	142	2	0.7593582887700535	809860	3.5309267897589236	2.146285345915531
187	143	1	0.7647058823529411	747701	1.9122325434593253	1.9804600745992087
187	144	1	0.7700534759358288	699922	2.042767886960377	1.9798489145533678
187	145	1	0.7754010695187166	652325	2.1918187789477344	1.76451967064147
187	146	1	0.7807486631016043	608217	2.3507698485525412	1.3370312041788044
187	147	1	0.786096256684492	569623	2.510042931863848	1.4627209887714074
187	148	1	0.7914438502673797	537191	2.6615825376394633	0.0
187	149	0	0.7967914438502673	496026	0.0	0.0
187	150	0	0.8021390374331551	449420	0.0	0.0
187	151	1	0.8074866310160428	398466	3.5882062333475906	0.0
187	152	0	0.8128342245989305	346594	0.0	0.0
187	153	1	0.8181818181818182	293946	4.8640845086413185	0.0
187	154	0	0.8235294117647058	244173	0.0	0.0
187	155	0	0.8288770053475936	204247	0.0	0.0
187	156	0	0.8342245989304813	169133	0.0	0.0
187	157	0	0.839572192513369	140630	0.0	0.0
187	158	0	0.8449197860962567	112112	0.0	0.0
187	159	0	0.8502673796791443	89828	0.0	0.0
187	160	0	0.8556149732620321	69611	0.0	0.0
187	161	0	0.8609625668449198	55913	0.0	0.0
187	162	0	0.8663101604278075	42948	0.0	0.0
187	163	0	0.8716577540106952	32606	0.0	0.0
187	164	0	0.8770053475935828	25976	0.0	0.0
187	165	0	0.8823529411764706	20799	0.0	0.0
187	166	0	0.8877005347593583	13728	0.0	0.0
187	167	0	0.893048128342246	10436	0.0	0.0
187	168	0	0.8983957219251337	6958	0.0	0.0
187	169	0	0.9037433155080213	5263	0.0	0.0
187	170	0	0.9090909090909091	4024	0.0	0.0
187	171	0	0.9144385026737968	3012	0.0	0.0
187	172	0	0.9197860962566845	2064	0.0	0.0
187	173	0	0.9251336898395722	1576	0.0	0.0
187	174	0	0.93048128342246	1170	0.0	0.0
187	175	0	0.9358288770053476	763	0.0	0.0
187	176	0	0.9411764705882353	554	0.0	0.0
187	177	0	0.946524064171123	300	0.0	0.0
187	178	0	0.9518716577540107	148	0.0	0.0
187	179	0	0.9572192513368984	163	0.0	0.0
187	180	0	0.9625668449197861	175	0.0	0.0
187	181	0	0.9679144385026738	119	0.0	0.0
187	182	0	0.9732620320855615	7	0.0	0.0
187	183	0	0.9786096256684492	12	0.0	0.0
187	184	0	0.983957219251337	22	0.0	0.0
187	185	0	0.9893048128342246	7	0.0	0.0
187	186	0	0.9946524064171123	0		
187	187	0	1.0	0		
188	0	0	0.0	68187	0.0	0.0
188	1	0	0.005319148936170213	56239	0.0	0.0
188	2	0	0.010638297872340425	65753	0.0	0.0
188	3	0	0.015957446808510637	72775	0.0	0.0
188	4	0	0.02127659574468085	74723	0.0	0.0
188	5	0	0.026595744680851064	81103	0.0	0.0
188	6	0	0.031914893617021274	86619	0.0	0.0
188	7	0	0.03723404255319149	89119	0.0	0.0
188	8	0	0.0425531914893617	95792	0.0	0.0
188	9	0	0.047872340425531915	97949	0.0	0.0
188	10	0	0.05319148936170213	100161	0.0	0.0
188	11	0	0.05851063829787234	102229	0.0	0.0
188	12	0	0.06382978723404255	102038	0.0	0.0
188	13	0	0.06914893617021277	101836	0.0	0.0
188	14	0	0.07446808510638298	105229	0.0	0.0
188	15	0	0.0797872340425532	106799	0.0	0.0
188	16	0	0.0851063829787234	111838	0.0	0.0
188	17	0	0.09042553191489362	117631	0.0	0.0
188	18	0	0.09574468085106383	121457	0.0	0.0
188	19	0	0.10106382978723404	127705	0.0	0.0
188	20	0	0.10638297872340426	134933	0.0	0.0
188	21	0	0.11170212765957446	143605	0.0	0.0
188	22	0	0.11702127659574468	155609	0.0	0.0
188	23	0	0.12234042553191489	166122	0.0	0.0
188	24	0	0.1276595744680851	183576	0.0	0.0
188	25	0	0.13297872340425532	198806	0.0	0.0
188	26	0	0.13829787234042554	223662	0.0	0.0
188	27	0	0.14361702127659576	253358	0.0	0.0
188	28	0	0.14893617021276595	294542	0.0	0.0
188	29	0	0.15425531914893617	349226	0.0	0.0
188	30	0	0.1595744680851064	422146	0.0	0.0
188	31	0	0.16489361702127658	517161	0.0	0.0
188	32	0	0.1702127659574468	651360	0.0	0.0
188	33	0	0.17553191489361702	838237	0.0	0.0
188	34	0	0.18085106382978725	1093567	0.0	0.0
188	35	0	0.18617021276595744	1439267	0.0	0.0
188	36	0	0.19148936170212766	1918125	0.0	0.0
188	37	0	0.19680851063829788	2550775	0.0	0.0
188	38	0	0.20212765957446807	3376082	0.0	0.0
188	39	2	0.2074468085106383	4418979	0.7299238470489586	0.0774116583031612
188	40	1	0.2127659574468085	5772860	0.2793691646522313	0.25950427067610615
188	41	0	0.21808510638297873	7450972	0.0	0.29856555919800215
188	42	2	0.22340425531914893	9500341	0.3395160396567407	0.35083478634042187
188	43	3	0.22872340425531915	11939642	0.405227998256802	0.3995393790989994
188	44	3	0.23404255319148937	14818174	0.32650967842345757	0.44948331908429634
188	45	7	0.2393617021276596	18195476	0.6204461774443252	0.48178455357753136
188	46	4	0.24468085106382978	21954747	0.2938333246753934	0.5125826231009486
188	47	11	0.25	26155237	0.6782714235928001	0.5217991753030558
188	48	6	0.2553191489361702	30734083	0.31484767107337086	0.5533262777643141
188	49	14	0.26063829787234044	35682286	0.6327685132606111	0.6095832838981488
188	50	19	0.26595744680851063	40919439	0.7488475695190083	0.6332273473391481
188	51	17	0.2712765957446808	46388618	0.5910265377925843	0.6768511043842065
188	52	25	0.2765957446808511	52007503	0.7752530802403069	0.6953623442904188
188	53	27	0.28191489361702127	57634082	0.7555337664277461	0.7198425081538491
188	54	28	0.2872340425531915	63239863	0.7140631238230203	0.7400035521459896
188	55	38	0.2925531914893617	68727394	0.8917091324961723	0.7713075330277025
188	56	37	0.2978723404255319	74048968	0.8058462854824441	0.8054956221425658
188	57	28	0.30319148936170215	79136246	0.5706266901252789	0.8472702847379867
188	58	43	0.30851063829787234	83947570	0.8260946714923856	0.8716453839723383
188	59	40	0.31382978723404253	88549263	0.7285251265634046	0.9168918820568331
188	60	55	0.3191489361702128	92783566	0.9560071141476217	0.9358324893560084
188	61	51	0.324468085106383	96728622	0.8503244558634184	0.9726927539575279
188	62	50	0.32978723404255317	100174782	0.8049725907336039	1.0223371655797515
188	63	43	0.3351063829787234	103308731	0.6712756955821483	1.038625444203597
188	64	55	0.3404255319148936	105971549	0.8370336190139619	1.0553349623751658
188	65	78	0.34574468085106386	108225572	1.162342740185599	1.0906952258260412
188	66	66	0.35106382978723405	110050327	0.9672129280123128	1.1141171953010387
188	67	68	0.35638297872340424	111388626	0.9845495100917309	1.1620011219448856
188	68	85	0.3617021276595745	112197885	1.2218102101266328	1.1996770476650798
188	69	92	0.3670212765957447	112509894	1.3187625523724498	1.2412209902114661
188	70	95	0.3723404255319149	112269635	1.3646798816630747	1.3107400121598984
188	71	95	0.3776595744680851	111491202	1.374208094071464	1.336123445988743
188	72	75	0.3829787234042553	110185545	1.097756794587448	1.374001599545781
188	73	102	0.3882978723404255	108549224	1.5154546451399464	1.3978650161760071
188	74	91	0.39361702127659576	106703030	1.3754161986097253	1.4212588398470203
188	75	103	0.39893617021276595	104694187	1.5866610131180525	1.477848792176141
188	76	76	0.40425531914893614	102471078	1.1961393610490296	1.4978531711661667
188	77	84	0.4095744680851064	100218001	1.351770749964964	1.5150308553149177
188	78	91	0.4148936170212766	97915745	1.4988506281879332	1.5533527212928497
188	79	90	0.42021276595744683	95772494	1.5155532738542363	1.5824002632397476
188	80	80	0.425531914893617	93631678	1.377960203472402	1.611533917500522
188	81	71	0.4308510638297872	91481719	1.2516806159452893	1.639450235862543
188	82	78	0.43617021276595747	89423793	1.4067308452978933	1.6706669630080138
188	83	86	0.44148936170212766	87502225	1.5850714713079361	1.6879613273165408
188	84	79	0.44680851063829785	85552412	1.4892387486689227	1.6989310580859853
188	85	86	0.4521276595744681	83717185	1.656736075436221	1.7209424388306704
188	86	87	0.4574468085106383	81998103	1.7111376296025085	1.735302651427515
188	87	70	0.4627659574468085	80328251	1.4053976515659428	1.7576670273206603
188	88	84	0.46808510638297873	78636070	1.7227687290547395	1.7703356999317656
188	89	79	0.4734042553191489	76932736	1.6560956182877484	1.7757717716440429
188	90	79	0.4787234042553192	75137392	1.6956666128695033	1.7965907582439162
188	91	93	0.48404255319148937	73301358	2.046163920379866	1.830821138952316
188	92	70	0.48936170212765956	71442304	1.5802000913884242	1.8606591049968868
188	93	57	0.4946808510638298	69614879	1.3205117734054233	1.8965351910301909
188	94	90	0.5	67749174	2.142436700805905	1.9100283026660507
188	95	56	0.5053191489361702	65885007	1.3707899924460762	1.927146049478827
188	96	61	0.5106382978723404	63987623	1.5374583241998392	1.9474635845569463
188	97	70	0.5159574468085106	61892147	1.824030039058099	2.000167341227086
188	98	64	0.5212765957446809	59412004	1.7373017892928495	2.069388076717132
188	99	70	0.526595744680851	56346517	2.0035512631561523	2.101357109187918
188	100	68	0.5319148936170213	52751628	2.0789427988476685	2.1391228518649257
188	101	59	0.5372340425531915	48647805	1.9559522875780833	2.1893559632303394
188	102	70	0.5425531914893617	44234490	2.552151845987138	2.257184780733744
188	103	49	0.5478723404255319	39849004	1.9831159322541592	2.2881561060664874
188	104	49	0.5531914893617021	35608700	2.2192664915276246	2.3584302247247373
188	105	36	0.5585106382978723	31664038	1.8336046315619656	2.470432337988678
188	106	42	0.5638297872340425	28124920	2.408393737151244	2.4968200650480306
188	107	31	0.5691489361702128	25063895	1.9947231406564176	2.5052074368486568
188	108	17	0.574468085106383	22385795	1.2247456161160575	2.5309568310640804
188	109	31	0.5797872340425532	20083006	2.4894446255447353	2.5661019492124453
188	110	29	0.5851063829787234	18101233	2.583802617190449	2.57756314086006
188	111	22	0.5904255319148937	16401760	2.163225145886427	2.6066447081809376
188	112	21	0.5957446808510638	14971199	2.2622062930924822	2.596958408149255
188	113	22	0.601063829787234	13722223	2.5856378859893296	2.623145150560582
188	114	12	0.6063829787234043	12601569	1.535769784718979	2.623145150560582
188	115	14	0.6117021276595744	11588713	1.948329125241079	2.6649360220902443
188	116	13	0.6170212765957447	10665179	1.9658242947545128	2.6649360220902443
188	117	18	0.6223404255319149	9817025	2.957073386833286	2.6798938386109663
188	118	8	0.6276595744680851	9016910	1.430875167527927	2.7608223021609897
188	119	8	0.6329787234042553	8258424	1.5622923461951383	2.7405648439272294
188	120	12	0.6382978723404256	7557654	2.5607296801694495	2.7712755372205913
188	121	5	0.6436170212765957	6876425	1.172672628476483	2.7998007010231896
188	122	8	0.648936170212766	6244734	2.0660724070607714	2.7498864683288695
188	123	10	0.6542553191489362	5637583	2.8607278613091465	2.7118897604534116
188	124	5	0.6595744680851063	5085664	1.585593420892808	2.645199899521785
188	125	8	0.6648936170212766	4547133	2.837408232139733	2.6222402164988994
188	126	4	0.6702127659574468	4055626	1.5906388565950411	2.544399840796671
188	127	2	0.675531914893617	3618952	0.8912851432427288	2.4888545849713575
188	128	5	0.6808510638297872	3221666	2.502989254401729	2.4713305959094987
188	129	4	0.6861702127659575	2879443	2.2403764559385686	2.421324325287995
188	130	9	0.6914893617021277	2570297	5.647141821621594	2.330990956374966
188	131	1	0.6968085106382979	2309187	0.6984099061073357	2.1876430281855823
188	132	2	0.7021276595744681	2083549	1.5480884547032778	2.1876430281855823
188	133	2	0.7074468085106383	1880614	1.7151409867780203	2.141025973085975
188	134	1	0.7127659574468085	1701819	0.9476678047749378	2.2080293607898263
188	135	2	0.7180851063829787	1544261	2.0887130813434776	2.044197296513523
188	136	0	0.723404255319149	1409404	0.0	2.1106872817041693
188	137	1	0.7287234042553191	1284734	1.2553252858990889	2.0711340239234945
188	138	4	0.7340425531914894	1173887	5.495449138986222	1.9905093964120772
188	139	1	0.7393617021276596	1074409	1.5010662381404847	1.9905093964120772
188	140	2	0.7446808510638298	986018	3.271256865197755	1.9905093964120772
188	141	1	0.75	917014	1.7587071471692688	1.947300202254076
188	142	4	0.7553191489361702	851950	7.572083224857233	1.9905093964120772
188	143	1	0.7606382978723404	789778	2.0420410240020357	1.9452589754286511
188	144	1	0.7659574468085106	730619	2.2073872645719317	1.828819398007447
188	145	1	0.7712765957446809	684514	2.356064413371063	1.880762502925755
188	146	0	0.776595744680851	637258	0.0	1.4269910060977933
188	147	1	0.7819148936170213	594473	2.7129223292803544	1.109625814551714
188	148	1	0.7872340425531915	559882	2.8805338908096347	1.1512321924282436
188	149	0	0.7925531914893617	525036	0.0	0.0
188	150	0	0.7978723404255319	482986	0.0	0.0
188	151	0	0.8031914893617021	436992	0.0	0.0
188	152	1	0.8085106382978723	385713	4.181241171166852	0.0
188	153	0	0.8138297872340425	334178	0.0	0.0
188	154	0	0.8191489361702128	281952	0.0	0.0
188	155	1	0.824468085106383	234517	6.87693888227412	0.0
188	156	0	0.8297872340425532	196497	0.0	0.0
188	157	0	0.8351063829787234	162447	0.0	0.0
188	158	0	0.8404255319148937	134221	0.0	0.0
188	159	0	0.8457446808510638	107392	0.0	0.0
188	160	0	0.851063829787234	85487	0.0	0.0
188	161	0	0.8563829787234043	66710	0.0	0.0
188	162	0	0.8617021276595744	53241	0.0	0.0
188	163	0	0.8670212765957447	40905	0.0	0.0
188	164	0	0.8723404255319149	31145	0.0	0.0
188	165	0	0.8776595744680851	25014	0.0	0.0
188	166	0	0.8829787234042553	19649	0.0	0.0
188	167	0	0.8882978723404256	13016	0.0	0.0
188	168	0	0.8936170212765957	9903	0.0	0.0
188	169	0	0.898936170212766	6626	0.0	0.0
188	170	0	0.9042553191489362	5017	0.0	0.0
188	171	0	0.9095744680851063	3838	0.0	0.0
188	172	0	0.9148936170212766	2862	0.0	0.0
188	173	0	0.9202127659574468	1991	0.0	0.0
188	174	0	0.925531914893617	1513	0.0	0.0
188	175	0	0.9308510638297872	1124	0.0	0.0
188	176	0	0.9361702127659575	731	0.0	0.0
188	177	0	0.9414893617021277	527	0.0	0.0
188	178	0	0.9468085106382979	285	0.0	0.0
188	179	0	0.9521276595744681	151	0.0	0.0
188	180	0	0.9574468085106383	159	0.0	0.0
188	181	0	0.9627659574468085	166	0.0	0.0
188	182	0	0.9680851063829787	115	0.0	0.0
188	183	0	0.973404255319149	5	0.0	0.0
188	184	0	0.9787234042553191	16	0.0	0.0
188	185	0	0.9840425531914894	18	0.0	0.0
188	186	0	0.9893617021276596	6	0.0	0.0
188	187	0	0.9946808510638298	0		
188	188	0	1.0	0		
189	0	0	0.0	67428	0.0	0.0
189	1	0	0.005291005291005291	55640	0.0	0.0
189	2	0	0.010582010582010581	65101	0.0	0.0
189	3	0	0.015873015873015872	72023	0.0	0.0
189	4	0	0.021164021164021163	74068	0.0	0.0
189	5	0	0.026455026455026454	80398	0.0	0.0
189	6	0	0.031746031746031744	85707	0.0	0.0
189	7	0	0.037037037037037035	88324	0.0	0.0
189	8	0	0.042328042328042326	94865	0.0	0.0
189	9	0	0.047619047619047616	97012	0.0	0.0
189	10	0	0.05291005291005291	99230	0.0	0.0
189	11	0	0.0582010582010582	101277	0.0	0.0
189	12	0	0.06349206349206349	101210	0.0	0.0
189	13	0	0.06878306878306878	101085	0.0	0.0
189	14	0	0.07407407407407407	104106	0.0	0.0
189	15	0	0.07936507936507936	105642	0.0	0.0
189	16	0	0.08465608465608465	110228	0.0	0.0
189	17	0	0.08994708994708994	116185	0.0	0.0
189	18	0	0.09523809523809523	119772	0.0	0.0
189	19	0	0.10052910052910052	125725	0.0	0.0
189	20	0	0.10582010582010581	133172	0.0	0.0
189	21	0	0.1111111111111111	141057	0.0	0.0
189	22	0	0.1164021164021164	152552	0.0	0.0
189	23	0	0.12169312169312169	162634	0.0	0.0
189	24	0	0.12698412698412698	179547	0.0	0.0
189	25	0	0.13227513227513227	193858	0.0	0.0
189	26	0	0.13756613756613756	217206	0.0	0.0
189	27	0	0.14285714285714285	244905	0.0	0.0
189	28	0	0.14814814814814814	284332	0.0	0.0
189	29	0	0.15343915343915343	334398	0.0	0.0
189	30	0	0.15873015873015872	403420	0.0	0.0
189	31	0	0.164021164021164	490900	0.0	0.0
189	32	0	0.1693121693121693	614739	0.0	0.0
189	33	0	0.1746031746031746	786683	0.0	0.0
189	34	0	0.17989417989417988	1024265	0.0	0.0
189	35	1	0.18518518518518517	1343369	1.214962753964753	0.0
189	36	0	0.19047619047619047	1782583	0.0	0.0
189	37	2	0.19576719576719576	2374672	1.3746263061432282	0.0
189	38	0	0.20105820105820105	3143454	0.0	0.0
189	39	0	0.20634920634920634	4117031	0.0	0.0
189	40	2	0.21164021164021163	5381640	0.6065598218501707	0.21527841141438422
189	41	1	0.21693121693121692	6960222	0.2344958680672651	0.277948692890875
189	42	3	0.2222222222222222	8902115	0.5500299534989863	0.34763631627481495
189	43	5	0.2275132275132275	11213874	0.7277339213151834	0.3898969429005976
189	44	2	0.2328042328042328	13945957	0.2340668768490934	0.45530680821516656
189	45	2	0.23809523809523808	17179927	0.19000584808432264	0.48272809226365776
189	46	7	0.24338624338624337	20793052	0.549462536755842	0.513036267239047
189	47	10	0.24867724867724866	24846269	0.6568967356148628	0.5258708004319163
189	48	8	0.25396825396825395	29287153	0.44583187715948386	0.5529382631610356
189	49	5	0.25925925925925924	34097600	0.23933404401349012	0.5975175675473245
189	50	9	0.26455026455026454	39211995	0.37461214861620495	0.6320576226887243
189	51	10	0.2698412698412698	44571853	0.36618250980745093	0.6798695150878391
189	52	12	0.2751322751322751	50111650	0.390841642571548	0.692675137768606
189	53	24	0.2804232804232804	55704022	0.7032066588646153	0.7184537870542154
189	54	19	0.2857142857142857	61255560	0.50625155817344	0.747951016342795
189	55	29	0.291005291005291	66749380	0.7091025518903008	0.7698823280789311
189	56	25	0.2962962962962963	72082181	0.566070309328902	0.7982882369423613
189	57	33	0.30158730158730157	77186558	0.6977993356617731	0.8691054336277309
189	58	32	0.30687830687830686	82058799	0.63647757743308	0.8927391209243578
189	59	43	0.31216931216931215	86689620	0.8095797615992281	0.9312756107350239
189	60	51	0.31746031746031744	91017864	0.9145381426592772	0.9573110955011939
189	61	53	0.32275132275132273	95011779	0.9104512703739233	0.990481702998448
189	62	42	0.328042328042328	98622304	0.6950762232536851	1.0383789433161812
189	63	61	0.3333333333333333	101812789	0.9778805027105528	1.0468251836872846
189	64	59	0.3386243386243386	104641843	0.9202480760016974	1.0664432279995126
189	65	54	0.3439153439153439	106979598	0.8238555746944133	1.0909803254502075
189	66	66	0.3492063492063492	108972550	0.9885191985397958	1.1238181948147035
189	67	79	0.3544973544973545	110476602	1.167118813870101	1.1587279707787999
189	68	84	0.35978835978835977	111444034	1.2302142363744082	1.2039780101221447
189	69	64	0.36507936507936506	111962366	0.9329668076965797	1.252504344495848
189	70	65	0.37037037037037035	111899830	0.9480739558675555	1.3202622350843118
189	71	68	0.37566137566137564	111390138	0.9963695743738066	1.346139302489407
189	72	80	0.38095238095238093	110244093	1.1843851260717442	1.3755567827108013
189	73	82	0.3862433862433862	108723014	1.2309790325177323	1.4113629651240405
189	74	79	0.3915343915343915	107000592	1.2050337131465518	1.4306693819971241
189	75	95	0.3968253968253968	105084115	1.4755190495150787	1.4746173282506578
189	76	68	0.4021164021164021	102954932	1.0780031828732555	1.5174729494558172
189	77	98	0.4074074074074074	100715342	1.5881398028060698	1.5301375624007096
189	78	75	0.4126984126984127	98484560	1.2429435384319705	1.5678415375252188
189	79	77	0.41798941798941797	96268482	1.3054639636571548	1.5861916207368463
189	80	70	0.42328042328042326	94177110	1.2131401249004279	1.6259180855021245
189	81	87	0.42857142857142855	92048283	1.5426302637854334	1.6504347970506146
189	82	76	0.43386243386243384	89956969	1.37891363132907	1.6935570819532548
189	83	86	0.43915343915343913	88019501	1.5946957457240678	1.7131007851002535
189	84	72	0.4444444444444444	86103834	1.3647977346493432	1.7208619735775348
189	85	73	0.4497354497354497	84243820	1.414305059856663	1.741276366959664
189	86	69	0.455026455026455	82468312	1.3655898242264308	1.750208782525639
189	87	74	0.4603174603174603	80806995	1.4946553103166977	1.7682864782982979
189	88	63	0.4656084656084656	79122584	1.2995660997288105	1.783044109326554
189	89	58	0.4708994708994709	77437668	1.2224581890842945	1.7947822753992733
189	90	65	0.47619047619047616	75653378	1.4023076998492645	1.8077021287214339
189	91	70	0.48148148148148145	73830576	1.5474622734646053	1.8326529187156009
189	92	71	0.48677248677248675	71943814	1.6107315951861017	1.8821408194561848
189	93	68	0.49206349206349204	70074352	1.5838283369141906	1.9177138532690983
189	94	58	0.4973544973544973	68212885	1.3877775641682772	1.9294258716867398
189	95	65	0.5026455026455027	66326340	1.5995050305656389	1.9505588397907174
189	96	66	0.5079365079365079	64438704	1.6716887693588287	1.9814609206474159
189	97	70	0.5132275132275133	62495240	1.8281397269321844	2.022320054915981
189	98	53	0.5185185185185185	60264275	1.4354042239956664	2.098217827564429
189	99	66	0.5238095238095238	57583812	1.8706899395413044	2.1358489045111
189	100	61	0.5291005291005291	54299046	1.833563361125782	2.1632497385599265
189	101	61	0.5343915343915344	50561098	1.9691174683287822	2.2185677925763554
189	102	70	0.5396825396825397	46329297	2.4660428365265576	2.2698107293624434
189	103	53	0.544973544973545	41968021	2.061178793516054	2.3110526197109817
189	104	55	0.5502645502645502	37691583	2.3816426466009184	2.3703322656935133
189	105	43	0.5555555555555556	33612491	2.0879785997630367	2.4508117246785313
189	106	43	0.5608465608465608	29870660	2.3495350250957854	2.53406568114021
189	107	33	0.5661375661375662	26583615	2.0260874562928675	2.5370687221728643
189	108	20	0.5714285714285714	23708945	1.376816471446432	2.5632488630442216
189	109	30	0.5767195767195767	21236175	2.3057023684786118	2.6022606383424254
189	110	16	0.582010582010582	19089648	1.3679818924526015	2.6288118820950497
189	111	21	0.5873015873015873	17253227	1.986585425233691	2.639278220724004
189	112	28	0.5925925925925926	15678920	2.9147423671569554	2.6598260804901646
189	113	18	0.5978835978835979	14351950	2.047009597786766	2.665169162330785
189	114	20	0.6031746031746031	13167431	2.4790611013353723	2.6972375298353266
189	115	14	0.6084656084656085	12113217	1.8863697560798478	2.700716775059781
189	116	20	0.6137566137566137	11140960	2.9299868230940174	2.716157835445264
189	117	22	0.6190476190476191	10265929	3.4977012403143712	2.7471903123922385
189	118	17	0.6243386243386243	9445654	2.937481734681886	2.76870891848331
189	119	13	0.6296296296296297	8670786	2.447051847179874	2.8148921348787805
189	120	14	0.6349206349206349	7944946	2.876042983505774	2.8174700110792417
189	121	9	0.6402116402116402	7258129	2.023839711098809	2.8215991075987477
189	122	5	0.6455026455026455	6596652	1.23709974380252	2.851927338339573
189	123	9	0.6507936507936508	5988583	2.4528823760942924	2.792666060393132
189	124	6	0.656084656084656	5402565	1.8126315553788352	2.76038173327001
189	125	8	0.6613756613756614	4868330	2.6820586111966547	2.737296018269944
189	126	6	0.6666666666666666	4342501	2.2551197567911343	2.677609503048618
189	127	3	0.671957671957672	3878459	1.2624678769306648	2.6196650755026383
189	128	7	0.6772486772486772	3458633	3.3033291184164764	2.5428864059139027
189	129	6	0.6825396825396826	3086612	3.17268895442163	2.5408469082977967
189	130	1	0.6878306878306878	2758288	0.5917233080196398	2.4996345690200075
189	131	4	0.6931216931216931	2466820	2.6465543490499934	2.450829611146337
189	132	2	0.6984126984126984	2221269	1.4695593373255345	2.259497642450574
189	133	4	0.7037037037037037	2005150	3.2559026503371347	2.1867864853089576
189	134	2	0.708994708994709	1814623	1.7988786649688404	2.125125890899725
189	135	1	0.7142857142857143	1642540	0.9936703519128157	2.097806949509214
189	136	1	0.7195767195767195	1494516	1.0920882077079646	2.058547331997035
189	137	2	0.7248677248677249	1364973	2.3914660580551796	2.097806949509214
189	138	1	0.7301587301587301	1245488	1.3104448214923599	2.0703794747594957
189	139	2	0.7354497354497355	1139151	2.8655433736719296	1.9981276933673795
189	140	4	0.7407407407407407	1043342	6.257366423783865	2.0224513021539656
189	141	2	0.746031746031746	961257	3.395852097474195	2.0678497179648523
189	142	2	0.7513227513227513	894044	3.651147594147215	1.93525690790455
189	143	0	0.7566137566137566	832262	0.0	2.0703794747594957
189	144	0	0.7619047619047619	769495	0.0	2.0224513021539656
189	145	2	0.7671957671957672	714738	4.567109345888636	1.8786073818635394
189	146	0	0.7724867724867724	669355	0.0	1.5579860150013192
189	147	1	0.7777777777777778	622186	2.6232401562087158	0.0
189	148	1	0.783068783068783	582711	2.8009481541122034	0.0
189	149	1	0.7883597883597884	548813	2.9739516006925424	0.0
189	150	0	0.7936507936507936	513261	0.0	0.0
189	151	0	0.798941798941799	470035	0.0	0.0
189	152	0	0.8042328042328042	425263	0.0	0.0
189	153	0	0.8095238095238095	372673	0.0	0.0
189	154	0	0.8148148148148148	321670	0.0	0.0
189	155	0	0.8201058201058201	271020	0.0	0.0
189	156	0	0.8253968253968254	225141	0.0	0.0
189	157	0	0.8306878306878307	188680	0.0	0.0
189	158	1	0.8359788359788359	156088	10.456558478748374	0.0
189	159	0	0.8412698412698413	128048	0.0	0.0
189	160	0	0.8465608465608465	102878	0.0	0.0
189	161	0	0.8518518518518519	81660	0.0	0.0
189	162	0	0.8571428571428571	63599	0.0	0.0
189	163	0	0.8624338624338624	50951	0.0	0.0
189	164	0	0.8677248677248677	38801	0.0	0.0
189	165	0	0.873015873015873	29770	0.0	0.0
189	166	0	0.8783068783068783	24127	0.0	0.0
189	167	0	0.8835978835978836	18561	0.0	0.0
189	168	0	0.8888888888888888	12316	0.0	0.0
189	169	0	0.8941798941798942	9421	0.0	0.0
189	170	0	0.8994708994708994	6285	0.0	0.0
189	171	0	0.9047619047619048	4803	0.0	0.0
189	172	0	0.91005291005291	3665	0.0	0.0
189	173	0	0.9153439153439153	2705	0.0	0.0
189	174	0	0.9206349206349206	1935	0.0	0.0
189	175	0	0.9259259259259259	1438	0.0	0.0
189	176	0	0.9312169312169312	1099	0.0	0.0
189	177	0	0.9365079365079365	693	0.0	0.0
189	178	0	0.9417989417989417	498	0.0	0.0
189	179	0	0.9470899470899471	276	0.0	0.0
189	180	0	0.9523809523809523	152	0.0	0.0
189	181	0	0.9576719576719577	153	0.0	0.0
189	182	0	0.9629629629629629	159	0.0	0.0
189	183	0	0.9682539682539683	111	0.0	0.0
189	184	0	0.9735449735449735	3	0.0	0.0
189	185	0	0.9788359788359788	20	0.0	0.0
189	186	0	0.9841269841269841	14	0.0	0.0
189	187	0	0.9894179894179894	5	0.0	0.0
189	188	0	0.9947089947089947	0		
189	189	0	1.0	0		
190	0	0	0.0	66683	0.0	0.0
190	1	0	0.005263157894736842	55043	0.0	0.0
190	2	0	0.010526315789473684	64446	0.0	0.0
190	3	0	0.015789473684210527	71335	0.0	0.0
190	4	0	0.021052631578947368	73316	0.0	0.0
190	5	0	0.02631578947368421	79807	0.0	0.0
190	6	0	0.031578947368421054	84739	0.0	0.0
190	7	0	0.03684210526315789	87608	0.0	0.0
190	8	0	0.042105263157894736	93908	0.0	0.0
190	9	0	0.04736842105263158	96056	0.0	0.0
190	10	0	0.05263157894736842	98374	0.0	0.0
190	11	0	0.05789473684210526	100268	0.0	0.0
190	12	0	0.06315789473684211	100484	0.0	0.0
190	13	0	0.06842105263157895	100230	0.0	0.0
190	14	0	0.07368421052631578	103059	0.0	0.0
190	15	0	0.07894736842105263	104568	0.0	0.0
190	16	0	0.08421052631578947	108680	0.0	0.0
190	17	0	0.08947368421052632	114656	0.0	0.0
190	18	0	0.09473684210526316	118331	0.0	0.0
190	19	0	0.1	123578	0.0	0.0
190	20	0	0.10526315789473684	131574	0.0	0.0
190	21	0	0.11052631578947368	138495	0.0	0.0
190	22	0	0.11578947368421053	149838	0.0	0.0
190	23	0	0.12105263157894737	159076	0.0	0.0
190	24	0	0.12631578947368421	175677	0.0	0.0
190	25	0	0.13157894736842105	189418	0.0	0.0
190	26	0	0.1368421052631579	210768	0.0	0.0
190	27	0	0.14210526315789473	237291	0.0	0.0
190	28	0	0.14736842105263157	274240	0.0	0.0
190	29	0	0.15263157894736842	321149	0.0	0.0
190	30	0	0.15789473684210525	385663	0.0	0.0
190	31	0	0.1631578947368421	466563	0.0	0.0
190	32	0	0.16842105263157894	581075	0.0	0.0
190	33	0	0.1736842105263158	739425	0.0	0.0
190	34	0	0.17894736842105263	959746	0.0	0.0
190	35	0	0.18421052631578946	1254476	0.0	0.0
190	36	1	0.18947368421052632	1659759	1.1498790221889845	0.0
190	37	0	0.19473684210526315	2208709	0.0	0.0
190	38	0	0.2	2926676	0.0	0.0
190	39	0	0.20526315789473684	3838425	0.0	0.0
190	40	2	0.21052631578947367	5017472	0.7607504560022923	0.20868154817860732
190	41	1	0.21578947368421053	6495936	0.2938024721902074	0.2752728658686569
190	42	3	0.22105263157894736	8337458	0.6867280372468564	0.3448474599733948
190	43	2	0.22631578947368422	10528312	0.362550436573188	0.3905268983292133
190	44	8	0.23157894736842105	13124073	1.1633718014152263	0.44839493907721995
190	45	3	0.23684210526315788	16202318	0.35337944656857745	0.4740613601503961
190	46	3	0.24210526315789474	19687991	0.2908151556940523	0.5081959775569445
190	47	8	0.24736842105263157	23583398	0.6474120670784989	0.5240459829863019
190	48	5	0.25263157894736843	27889575	0.34215689123792076	0.5427287016794837
190	49	12	0.2578947368421053	32568882	0.7031946835593682	0.5799326272069975
190	50	5	0.2631578947368421	37545823	0.2541590386751366	0.617933521469916
190	51	19	0.26842105263157895	42801900	0.8472034901207183	0.6747499855472159
190	52	11	0.2736842105263158	48250312	0.4351006604036682	0.6985925028686145
190	53	23	0.2789473684210526	53802211	0.8158773862984077	0.7202989704509466
190	54	27	0.28421052631578947	59303419	0.8689228442581516	0.7435580656249089
190	55	18	0.2894736842105263	64781733	0.5302945045914194	0.7863762084716027
190	56	24	0.29473684210526313	70117342	0.6532553579076743	0.8076968605886721
190	57	26	0.3	75266556	0.6592778531772271	0.8658960137246524
190	58	37	0.30526315789473685	80150339	0.8810357754270581	0.9060405885413584
190	59	27	0.3105263157894737	84839285	0.607384839602466	0.9452503257126841
190	60	34	0.3157894736842105	89231132	0.7272097579535187	0.9701599116145964
190	61	46	0.32105263157894737	93297423	0.9409907771569519	0.9954844684046517
190	62	44	0.3263157894736842	97027275	0.8654779850669014	1.0403188889782267
190	63	44	0.33157894736842103	100304208	0.8372028665390803	1.060393220293188
190	64	42	0.3368421052631579	103265458	0.7762317419979236	1.073842372688024
190	65	50	0.34210526315789475	105713366	0.902687204184458	1.0903643853076757
190	66	72	0.3473684210526316	107842116	1.2742107919250623	1.1268983515804853
190	67	60	0.3526315789473684	109519702	1.0455773825915087	1.1472048763748555
190	68	77	0.35789473684210527	110643486	1.3281956636035603	1.2016274341087636
190	69	67	0.3631578947368421	111333494	1.1485400588549532	1.2435822281733069
190	70	69	0.3684210526315789	111476509	1.1813073717913638	1.2787982328922451
190	71	66	0.3736842105263158	111179289	1.1329669116277423	1.345113695614372
190	72	69	0.37894736842105264	110252960	1.1944171101008654	1.3784392204277336
190	73	55	0.38421052631578945	108870615	0.9641601921640213	1.409957388112214
190	74	64	0.3894736842105263	107233631	1.1390588050060477	1.4450313476594792
190	75	86	0.39473684210526316	105423087	1.5568970847446872	1.4848142099132506
190	76	72	0.4	103404907	1.3288884639800935	1.5247116709973048
190	77	77	0.4052631578947368	101206467	1.4520435567737116	1.5437151923214465
190	78	74	0.4105263157894737	99005807	1.4264883689419665	1.5585505305013465
190	79	75	0.41578947368421054	96798846	1.4787278992892385	1.5957829620756652
190	80	70	0.42105263157894735	94690097	1.410881899500596	1.612151852417168
190	81	61	0.4263157894736842	92609745	1.2571014574692045	1.6536007320716815
190	82	77	0.43157894736842106	90495301	1.6239097134024811	1.6824573208497775
190	83	62	0.4368421052631579	88533233	1.3365418099138067	1.7282051343999039
190	84	59	0.4421052631578947	86638455	1.2996861648026001	1.7356452334908354
190	85	74	0.4473684210526316	84767431	1.6660954623387507	1.7478854536789274
190	86	68	0.45263157894736844	82966026	1.564248717990626	1.7570632726322322
190	87	66	0.45789473684210524	81263892	1.5500421232015102	1.7708468419198053
190	88	61	0.4631578947368421	79616473	1.462258261746302	1.7975359571714
190	89	60	0.46842105263157896	77927244	1.469464560550377	1.8062513952103152
190	90	74	0.47368421052631576	76189633	1.853672561242199	1.8149306666412781
190	91	59	0.4789473684210526	74348882	1.514519092612215	1.830092429455605
190	92	49	0.4842105263157895	72481813	1.2902213241200104	1.8669966105729272
190	93	63	0.48947368421052634	70564686	1.7039243897057816	1.9145616373687744
190	94	62	0.49473684210526314	68694497	1.7225305175659231	1.9522116210154647
190	95	45	0.5	66781720	1.286032952124047	1.9598740227796048
190	96	61	0.5052631578947369	64885590	1.7942326703872367	1.9756666769235982
190	97	54	0.5105263157894737	63001344	1.6358411500463514	2.012105170386314
190	98	70	0.5157894736842106	60959937	2.1915466205166134	2.081947020597499
190	99	56	0.5210526315789473	58589511	1.82417011699252	2.137475235399657
190	100	57	0.5263157894736842	55672555	1.954028465038005	2.1702883537480826
190	101	50	0.531578947368421	52242071	1.8266140865561848	2.2099985157706556
190	102	46	0.5368421052631579	48328025	1.8165860197165284	2.2703297907352864
190	103	54	0.5421052631578948	44058864	2.3391477143719777	2.32523027201239
190	104	51	0.5473684210526316	39780765	2.446776095317868	2.347577004861877
190	105	40	0.5526315789473685	35620656	2.143163288165571	2.4197761323523217
190	106	38	0.5578947368421052	31725479	2.2859808713241474	2.518850780726587
190	107	31	0.5631578947368421	28196244	2.0983001755719792	2.5766357941918
190	108	29	0.5684210526315789	25140786	2.2014880371557055	2.572368586778553
190	109	27	0.5736842105263158	22459204	2.2943865469013467	2.597272911051875
190	110	25	0.5789473684210527	20163584	2.3662981442056217	2.6631194358900525
190	111	21	0.5842105263157895	18169002	2.205897890031423	2.647323795483665
190	112	21	0.5894736842105263	16464358	2.4342864250022203	2.6859707396904753
190	113	22	0.5947368421052631	15012611	2.7968143071026135	2.6931662991193783
190	114	17	0.6	13764687	2.3571095333892615	2.7281645112978072
190	115	17	0.6052631578947368	12652911	2.564222173997686	2.721896239441505
190	116	17	0.6105263157894737	11639121	2.787570895759159	2.7533924594623
190	117	5	0.6157894736842106	10721723	0.8900258176737856	2.768846766386289
190	118	12	0.6210526315789474	9884899	2.31689415054948	2.7809159140990016
190	119	8	0.6263157894736842	9085403	1.6805172481523312	2.8279973386928474
190	120	12	0.631578947368421	8343524	2.7449150588974636	2.8524614646182296
190	121	5	0.6368421052631579	7640188	1.2490020245505522	2.8524614646182296
190	122	10	0.6421052631578947	6965319	2.7400353896057985	2.8653607339788105
190	123	4	0.6473684210526316	6334135	1.2052297944324628	2.8411626408709805
190	124	7	0.6526315789473685	5739401	2.327708830926009	2.8067587488091745
190	125	7	0.6578947368421053	5179276	2.5794443841041814	2.7469700044699144
190	126	8	0.6631578947368421	4653059	3.281320191279529	2.771244599218266
190	127	5	0.6684210526315789	4151757	2.2984510605863577	2.68209027032037
190	128	4	0.6736842105263158	3707522	2.0590810314699324	2.5941926546010303
190	129	4	0.6789473684210526	3311513	2.3053173047961666	2.553360745327964
190	130	5	0.6842105263157895	2956112	3.2280949706732476	2.5632127625027636
190	131	7	0.6894736842105263	2644217	5.0524046974683126	2.5016946312772843
190	132	2	0.6947368421052632	2368942	1.6112864358767474	2.4114983037722486
190	133	4	0.7	2138026	3.5706245966875367	2.208755891204664
190	134	3	0.7052631578947368	1932573	2.962664886639781	2.212092418332821
190	135	0	0.7105263157894737	1750793	0.0	2.1305742416786506
190	136	2	0.7157894736842105	1587357	2.4046538440809053	2.098420842058599
190	137	1	0.7210526315789474	1447203	1.3187659616441971	2.088420299152415
190	138	1	0.7263157894736842	1321408	1.4443094456741346	2.1467656779004787
190	139	1	0.7315789473684211	1209121	1.5784376054913998	2.0568356638643253
190	140	3	0.7368421052631579	1105103	5.181024907151732	2.014717942156853
190	141	0	0.7421052631578947	1014509	0.0	1.9478161352003953
190	142	2	0.7473684210526316	937879	4.069868407309188	2.0565797892105167
190	143	1	0.7526315789473684	871604	2.1896664723766377	2.0119363649827307
190	144	0	0.7578947368421053	812967	0.0	2.0565797892105167
190	145	2	0.7631578947368421	750145	5.088408390349511	1.812302527813399
190	146	0	0.7684210526315789	700102	0.0	1.421235474026236
190	147	0	0.7736842105263158	653159	0.0	0.0
190	148	0	0.7789473684210526	608429	0.0	0.0
190	149	0	0.7842105263157895	571433	0.0	0.0
190	150	0	0.7894736842105263	537934	0.0	0.0
190	151	0	0.7947368421052632	501563	0.0	0.0
190	152	0	0.8	457626	0.0	0.0
190	153	1	0.8052631578947368	412875	4.6225178467801795	0.0
190	154	2	0.8105263157894737	359559	10.615904794425209	0.0
190	155	0	0.8157894736842105	310109	0.0	0.0
190	156	0	0.8210526315789474	260199	0.0	0.0
190	157	0	0.8263157894736842	216373	0.0	0.0
190	158	0	0.8315789473684211	181109	0.0	0.0
190	159	0	0.8368421052631579	149644	0.0	0.0
190	160	0	0.8421052631578947	122520	0.0	0.0
190	161	0	0.8473684210526315	98654	0.0	0.0
190	162	0	0.8526315789473684	77753	0.0	0.0
190	163	0	0.8578947368421053	60757	0.0	0.0
190	164	0	0.8631578947368421	48585	0.0	0.0
190	165	0	0.868421052631579	36972	0.0	0.0
190	166	0	0.8736842105263158	28457	0.0	0.0
190	167	0	0.8789473684210526	23246	0.0	0.0
190	168	0	0.8842105263157894	17518	0.0	0.0
190	169	0	0.8894736842105263	11627	0.0	0.0
190	170	0	0.8947368421052632	9007	0.0	0.0
190	171	0	0.9	5958	0.0	0.0
190	172	0	0.9052631578947369	4581	0.0	0.0
190	173	0	0.9105263157894737	3507	0.0	0.0
190	174	0	0.9157894736842105	2560	0.0	0.0
190	175	0	0.9210526315789473	1882	0.0	0.0
190	176	0	0.9263157894736842	1375	0.0	0.0
190	177	0	0.9315789473684211	1067	0.0	0.0
190	178	0	0.9368421052631579	658	0.0	0.0
190	179	0	0.9421052631578948	473	0.0	0.0
190	180	0	0.9473684210526315	260	0.0	0.0
190	181	0	0.9526315789473684	163	0.0	0.0
190	182	0	0.9578947368421052	136	0.0	0.0
190	183	0	0.9631578947368421	160	0.0	0.0
190	184	0	0.968421052631579	103	0.0	0.0
190	185	0	0.9736842105263158	3	0.0	0.0
190	186	0	0.9789473684210527	24	0.0	0.0
190	187	0	0.9842105263157894	10	0.0	0.0
190	188	0	0.9894736842105263	4	0.0	0.0
190	189	0	0.9947368421052631	0		
190	190	0	1.0	0		
191	0	0	0.0	65945	0.0	0.0
191	1	0	0.005235602094240838	54456	0.0	0.0
191	2	0	0.010471204188481676	63796	0.0	0.0
191	3	0	0.015706806282722512	70666	0.0	0.0
191	4	0	0.020942408376963352	72572	0.0	0.0
191	5	0	0.02617801047120419	79181	0.0	0.0
191	6	0	0.031413612565445025	83869	0.0	0.0
191	7	0	0.03664921465968586	86789	0.0	0.0
191	8	0	0.041884816753926704	93096	0.0	0.0
191	9	0	0.04712041884816754	95059	0.0	0.0
191	10	0	0.05235602094240838	97519	0.0	0.0
191	11	0	0.05759162303664921	99321	0.0	0.0
191	12	0	0.06282722513089005	99685	0.0	0.0
191	13	0	0.06806282722513089	99402	0.0	0.0
191	14	0	0.07329842931937172	101920	0.0	0.0
191	15	0	0.07853403141361257	103827	0.0	0.0
191	16	0	0.08376963350785341	107017	0.0	0.0
191	17	0	0.08900523560209424	113157	0.0	0.0
191	18	0	0.09424083769633508	116921	0.0	0.0
191	19	0	0.09947643979057591	121522	0.0	0.0
191	20	0	0.10471204188481675	129797	0.0	0.0
191	21	0	0.1099476439790576	136258	0.0	0.0
191	22	0	0.11518324607329843	147109	0.0	0.0
191	23	0	0.12041884816753927	155949	0.0	0.0
191	24	0	0.1256544502617801	171762	0.0	0.0
191	25	0	0.13089005235602094	185187	0.0	0.0
191	26	0	0.13612565445026178	204760	0.0	0.0
191	27	0	0.14136125654450263	229852	0.0	0.0
191	28	0	0.14659685863874344	265165	0.0	0.0
191	29	0	0.1518324607329843	308608	0.0	0.0
191	30	0	0.15706806282722513	368760	0.0	0.0
191	31	0	0.16230366492146597	444364	0.0	0.0
191	32	0	0.16753926701570682	549903	0.0	0.0
191	33	0	0.17277486910994763	696313	0.0	0.0
191	34	0	0.17801047120418848	899512	0.0	0.0
191	35	0	0.18324607329842932	1172640	0.0	0.0
191	36	0	0.18848167539267016	1547107	0.0	0.0
191	37	0	0.193717277486911	2053813	0.0	0.0
191	38	0	0.19895287958115182	2725030	0.0	0.0
191	39	0	0.20418848167539266	3579212	0.0	0.0
191	40	0	0.2094240837696335	4677858	0.0	0.0
191	41	3	0.21465968586387435	6063194	0.9564189228796177	0.23777718524282287
191	42	2	0.2198952879581152	7801438	0.4955456908235089	0.3238813062648814
191	43	1	0.225130890052356	9878896	0.1956680677236998	0.36582856981063155
191	44	2	0.23036649214659685	12352161	0.3129791607417337	0.40696219038215686
191	45	1	0.2356020942408377	15268784	0.12659714693477797	0.4650529165438379
191	46	3	0.24083769633507854	18624680	0.3113585562109073	0.48715471012522915
191	47	7	0.24607329842931938	22374437	0.604747795036975	0.5126968778528717
191	48	7	0.2513089005235602	26539683	0.5098362117190213	0.535969766967428
191	49	10	0.25654450261780104	31090274	0.6217328581804673	0.5719780714336237
191	50	10	0.2617801047120419	35929533	0.5379932134279026	0.6103077802929429
191	51	10	0.2670157068062827	41077330	0.47057208722265714	0.6557467253255087
191	52	15	0.27225130890052357	46423660	0.6245687516548848	0.7004340197668459
191	53	21	0.2774869109947644	51930605	0.7816715080217365	0.7129489066062983
191	54	16	0.28272251308900526	57376611	0.5390306490045952	0.7434669631192868
191	55	11	0.2879581151832461	62842134	0.3383530770485493	0.7784212934238474
191	56	29	0.2931937172774869	68153938	0.822499064622476	0.8076566100287558
191	57	20	0.29842931937172773	73357572	0.5270033996118048	0.8476047321709365
191	58	37	0.3036649214659686	78252003	0.9139756612727896	0.8895557390986294
191	59	26	0.3089005235602094	82981942	0.6056449821413924	0.9297362846291858
191	60	31	0.31413612565445026	87435651	0.6853327967840601	0.9654298614647264
191	61	26	0.3193717277486911	91576503	0.5488044982526583	0.985158671959093
191	62	36	0.32460732984293195	95393160	0.7294804123931101	1.0351668558552707
191	63	35	0.3298429319371728	98795388	0.6847936788781936	1.0616766787916505
191	64	42	0.33507853403141363	101833300	0.7972377272037954	1.0751213671104618
191	65	51	0.3403141361256545	104441210	0.9439014453177318	1.0896899476250934
191	66	54	0.34554973821989526	106655123	0.9786793133642807	1.119317509619566
191	67	37	0.3507853403141361	108506219	0.6591366545344771	1.1498924515463933
191	68	51	0.35602094240837695	109809186	0.897759219066907	1.1887955998092565
191	69	47	0.3612565445026178	110638751	0.8211433180719764	1.2336619489540752
191	70	48	0.36649214659685864	110989698	0.835962771923594	1.2742862856963326
191	71	60	0.3717277486910995	110867961	1.046100861310178	1.3478221927515415
191	72	59	0.3769633507853403	110211202	1.034795764247629	1.3763782289601112
191	73	60	0.38219895287958117	108963908	1.0643805974158271	1.4033720751504444
191	74	50	0.387434554973822	107427005	0.8996734534130347	1.4415740142473676
191	75	64	0.39267015706806285	105706814	1.1703219762167532	1.471340985105628
191	76	52	0.39790575916230364	103816882	0.9681969986470612	1.5061823739849949
191	77	77	0.4031413612565445	101670878	1.4639374497226314	1.5495935466339348
191	78	66	0.4083769633507853	99520273	1.2819194782874392	1.5611608731031266
191	79	53	0.41361256544502617	97314266	1.0527560065330968	1.5903373815653905
191	80	57	0.418848167539267	95194696	1.1574186446176902	1.6132723863212213
191	81	45	0.42408376963350786	93150653	0.9338023869822192	1.6423199683710854
191	82	54	0.4293193717277487	91045634	1.146470818627315	1.660721812371416
191	83	54	0.43455497382198954	89049115	1.1721751815773003	1.694665657021414
191	84	62	0.4397905759162304	87148876	1.375175951516919	1.7349253946630976
191	85	65	0.44502617801047123	85295727	1.4730396981272011	1.7411227654779657
191	86	64	0.450261780104712	83477117	1.4819750837832213	1.7534043149434746
191	87	52	0.45549738219895286	81727502	1.229882121703611	1.7564066847168793
191	88	66	0.4607329842931937	80077530	1.5931682263824014	1.7785494052633748
191	89	60	0.46596858638743455	78437808	1.4786118129895116	1.7924931774367194
191	90	53	0.4712041884816754	76699076	1.3357159355199992	1.8115795706090518
191	91	48	0.47643979057591623	74890947	1.23891150148018	1.8226067893411373
191	92	59	0.4816753926701571	73024989	1.561740529700591	1.8387469763930653
191	93	41	0.4869109947643979	71107099	1.1145492541342303	1.8888924579914501
191	94	56	0.49214659685863876	69168959	1.5649669026759485	1.9289579429091075
191	95	39	0.4973821989528796	67278975	1.120504513794571	1.9587636390841214
191	96	64	0.5026178010471204	65329608	1.893643804812923	1.9695822353845718
191	97	51	0.5078534031413613	63462025	1.5534047183293118	2.0020141091908195
191	98	47	0.5130890052356021	61542411	1.4762221633383714	2.041230652662533
191	99	38	0.518324607329843	59385800	1.2368850917123069	2.126869068410718
191	100	52	0.5235602094240838	56845376	1.7682211049372973	2.1781508456525946
191	101	43	0.5287958115183246	53728553	1.5470048697798664	2.181567998584479
191	102	42	0.5340314136125655	50153282	1.618744485070035	2.227670552626841
191	103	37	0.5392670157068062	46089419	1.5517753909600231	2.2796087554383777
191	104	27	0.5445026178010471	41866743	1.2465880441717534	2.343686078824852
191	105	35	0.5497382198952879	37654654	1.7967090390664207	2.368551630928061
191	106	34	0.5549738219895288	33651283	1.9530153638764727	2.4580988897298877
191	107	29	0.5602094240837696	29934660	1.872630263892699	2.5621253497148393
191	108	22	0.5654450261780105	26650956	1.5956522840829617	2.588308838050549
191	109	23	0.5706806282722513	23790302	1.8687717081505693	2.605966636415975
191	110	24	0.5759162303664922	21298225	2.1781922107368707	2.637765101052236
191	111	24	0.581151832460733	19170324	2.419970982103447	2.685083136810154
191	112	19	0.5863874345549738	17311407	2.121532082268319	2.695285489674556
191	113	8	0.5916230366492147	15736118	0.9826995407957094	2.7167612122478078
191	114	11	0.5968586387434555	14387923	1.4778247984227646	2.7222186658779295
191	115	13	0.6020942408376964	13216754	1.90128365787273	2.758527196032783
191	116	17	0.6073298429319371	12158274	2.702746817235537	2.754973475530894
191	117	13	0.612565445026178	11194987	2.244647393545346	2.7627051467296515
191	118	10	0.6178010471204188	10324004	1.872320556601283	2.788926937235723
191	119	13	0.6230366492146597	9513328	2.641430884157892	2.8059955265927656
191	120	8	0.6282722513089005	8745930	1.7681225361404787	2.819929961164459
191	121	2	0.6335078534031413	8027333	0.48160067398808226	2.8407984604822714
191	122	10	0.6387434554973822	7341660	2.632898406577514	2.8560795996370025
191	123	7	0.643979057591623	6686163	2.023715461460289	2.8478995864756174
191	124	4	0.6492146596858639	6082335	1.271212119400452	2.8194693175439998
191	125	6	0.6544502617801047	5500130	2.1086605133661065	2.810071143097902
191	126	4	0.6596858638743456	4964173	1.557548048034093	2.7086165314885853
191	127	8	0.6649214659685864	4446391	3.4778488739535267	2.7086165314885853
191	128	1	0.6701570680628273	3969557	0.48695219430364317	2.6488952228257876
191	129	4	0.675392670157068	3547364	2.1796291461077995	2.5973183755931935
191	130	10	0.680628272251309	3169672	6.098373874531456	2.5952352213386543
191	131	2	0.6858638743455497	2834296	1.3639962033347166	2.5492248082315974
191	132	3	0.6910994764397905	2535355	2.287235308148232	2.5032910513320936
191	133	0	0.6963350785340314	2277987	0.0	2.370573479382133
191	134	1	0.7015706806282722	2058825	0.9388775109897087	2.210987131901768
191	135	0	0.7068062827225131	1864413	0.0	2.1706154525998107
191	136	3	0.7120418848167539	1689656	3.432032008107071	2.1427117333025953
191	137	1	0.7172774869109948	1535664	1.2587287919514862	2.0934866712440865
191	138	2	0.7225130890052356	1401261	2.7589214165860425	2.102611740732736
191	139	2	0.7277486910994765	1281145	3.0175889404608958	2.1135799744094386
191	140	1	0.7329842931937173	1172561	1.6485150807193716	2.102611740732736
191	141	1	0.7382198952879581	1073982	1.7998295051159023	1.854574284963903
191	142	1	0.743455497382199	987602	1.957250483052269	1.912944472829757
191	143	0	0.7486910994764397	913454	0.0	1.9369113270242582
191	144	1	0.7539267015706806	852268	2.268047716872377	1.9369113270242582
191	145	0	0.7591623036649214	792890	0.0	2.112113249708867
191	146	0	0.7643979057591623	732459	0.0	1.7395197491304975
191	147	2	0.7696335078534031	684835	5.6451101113797835	1.2061598829790168
191	148	0	0.774869109947644	637569	0.0	0.0
191	149	0	0.7801047120418848	595962	0.0	0.0
191	150	0	0.7853403141361257	560355	0.0	0.0
191	151	1	0.7905759162303665	526765	3.6695385827900244	0.0
191	152	1	0.7958115183246073	489776	3.9466705015423114	0.0
191	153	0	0.8010471204188482	445699	0.0	0.0
191	154	2	0.806282722513089	400319	9.657220824209627	0.0
191	155	2	0.8115183246073299	347073	11.138777672497643	0.0
191	156	1	0.8167539267015707	298416	6.477482747451166	0.0
191	157	0	0.8219895287958116	249906	0.0	0.0
191	158	1	0.8272251308900523	208137	9.28707770153018	0.0
191	159	0	0.8324607329842932	173461	0.0	0.0
191	160	0	0.837696335078534	143706	0.0	0.0
191	161	0	0.8429319371727748	117323	0.0	0.0
191	162	0	0.8481675392670157	94352	0.0	0.0
191	163	0	0.8534031413612565	74048	0.0	0.0
191	164	0	0.8586387434554974	58162	0.0	0.0
191	165	0	0.8638743455497382	46290	0.0	0.0
191	166	0	0.8691099476439791	35244	0.0	0.0
191	167	0	0.8743455497382199	27176	0.0	0.0
191	168	0	0.8795811518324608	22439	0.0	0.0
191	169	0	0.8848167539267016	16489	0.0	0.0
191	170	0	0.8900523560209425	10974	0.0	0.0
191	171	0	0.8952879581151832	8642	0.0	0.0
191	172	0	0.900523560209424	5630	0.0	0.0
191	173	0	0.9057591623036649	4381	0.0	0.0
191	174	0	0.9109947643979057	3334	0.0	0.0
191	175	0	0.9162303664921466	2454	0.0	0.0
191	176	0	0.9214659685863874	1795	0.0	0.0
191	177	0	0.9267015706806283	1346	0.0	0.0
191	178	0	0.9319371727748691	1029	0.0	0.0
191	179	0	0.93717277486911	628	0.0	0.0
191	180	0	0.9424083769633508	440	0.0	0.0
191	181	0	0.9476439790575916	254	0.0	0.0
191	182	0	0.9528795811518325	160	0.0	0.0
191	183	0	0.9581151832460733	128	0.0	0.0
191	184	0	0.9633507853403142	162	0.0	0.0
191	185	0	0.9685863874345549	94	0.0	0.0
191	186	0	0.9738219895287958	5	0.0	0.0
191	187	0	0.9790575916230366	24	0.0	0.0
191	188	0	0.9842931937172775	8	0.0	0.0
191	189	0	0.9895287958115183	3	0.0	0.0
191	190	0	0.9947643979057592	0		
191	191	0	1.0	0		
192	0	0	0.0	65224	0.0	0.0
192	1	0	0.005208333333333333	53870	0.0	0.0
192	2	0	0.010416666666666666	63130	0.0	0.0
192	3	0	0.015625	70036	0.0	0.0
192	4	0	0.020833333333333332	71834	0.0	0.0
192	5	0	0.026041666666666668	78533	0.0	0.0
192	6	0	0.03125	83050	0.0	0.0
192	7	0	0.036458333333333336	85974	0.0	0.0
192	8	0	0.041666666666666664	92271	0.0	0.0
192	9	0	0.046875	94140	0.0	0.0
192	10	0	0.052083333333333336	96576	0.0	0.0
192	11	0	0.057291666666666664	98445	0.0	0.0
192	12	0	0.0625	98893	0.0	0.0
192	13	0	0.06770833333333333	98567	0.0	0.0
192	14	0	0.07291666666666667	100846	0.0	0.0
192	15	0	0.078125	103098	0.0	0.0
192	16	0	0.08333333333333333	105471	0.0	0.0
192	17	0	0.08854166666666667	111528	0.0	0.0
192	18	0	0.09375	115597	0.0	0.0
192	19	0	0.09895833333333333	119606	0.0	0.0
192	20	0	0.10416666666666667	127884	0.0	0.0
192	21	0	0.109375	134293	0.0	0.0
192	22	0	0.11458333333333333	144494	0.0	0.0
192	23	0	0.11979166666666667	152711	0.0	0.0
192	24	0	0.125	168452	0.0	0.0
192	25	0	0.13020833333333334	180617	0.0	0.0
192	26	0	0.13541666666666666	199439	0.0	0.0
192	27	0	0.140625	222839	0.0	0.0
192	28	0	0.14583333333333334	256432	0.0	0.0
192	29	0	0.15104166666666666	296712	0.0	0.0
192	30	0	0.15625	353227	0.0	0.0
192	31	0	0.16145833333333334	423856	0.0	0.0
192	32	0	0.16666666666666666	521367	0.0	0.0
192	33	0	0.171875	656463	0.0	0.0
192	34	0	0.17708333333333334	843310	0.0	0.0
192	35	0	0.18229166666666666	1097090	0.0	0.0
192	36	0	0.1875	1443333	0.0	0.0
192	37	0	0.19270833333333334	1912676	0.0	0.0
192	38	0	0.19791666666666666	2534716	0.0	0.0
192	39	1	0.203125	3336192	0.7057541957088848	0.0
192	40	3	0.20833333333333334	4364437	1.6184434567554182	0.0
192	41	0	0.21354166666666666	5656934	0.0	0.21684156124336756
192	42	2	0.21875	7297319	0.6453141219920401	0.2975474355446031
192	43	3	0.22395833333333334	9266248	0.7622928401086662	0.3669637751937015
192	44	1	0.22916666666666666	11615555	0.20270503662463102	0.4096028598463309
192	45	3	0.234375	14391579	0.49081442036841455	0.4668264087960262
192	46	3	0.23958333333333334	17596365	0.40142350451762326	0.4858556477426421
192	47	3	0.24479166666666666	21222688	0.332832226769354	0.5172551432688798
192	48	3	0.25	25234208	0.27992138707389774	0.5358796111467352
192	49	5	0.2552083333333333	29658816	0.39693619288282034	0.5642680741965057
192	50	8	0.2604166666666667	34367460	0.5480839146542493	0.6100314948257021
192	51	10	0.265625	39390548	0.5977402248098747	0.6535887809040202
192	52	14	0.2708333333333333	44644205	0.7383587864016353	0.7092258462306974
192	53	6	0.2760416666666667	50082071	0.28208076718996894	0.7200347019113236
192	54	20	0.28125	55479793	0.8487888560400417	0.7488763019380212
192	55	15	0.2864583333333333	60918765	0.5797552285466758	0.7934906032506618
192	56	19	0.2916666666666667	66229345	0.6754724591058223	0.8212635534672162
192	57	20	0.296875	71427325	0.6592803249149861	0.8608880513613446
192	58	20	0.3020833333333333	76376795	0.6165567700740561	0.9160150331040552
192	59	19	0.3072916666666667	81124930	0.5514469908586411	0.9374878308168837
192	60	33	0.3125	85627059	0.9074180576000365	0.971280595243383
192	61	34	0.3177083333333333	89840935	0.8910645359765471	1.0060133261292261
192	62	37	0.3229166666666667	93750028	0.9292548217963773	1.027589650735037
192	63	44	0.328125	97245035	1.0653437070013734	1.0704843282842065
192	64	32	0.3333333333333333	100396548	0.7504740905443612	1.0836226357262542
192	65	41	0.3385416666666667	103120586	0.9361447147837876	1.0993556043818664
192	66	35	0.34375	105449229	0.781500285404311	1.120390800601248
192	67	48	0.3489583333333333	107426234	1.0520476039506323	1.1554587371466494
192	68	29	0.3541666666666667	108930416	0.626835149046177	1.1907562570666697
192	69	45	0.359375	109897118	0.9641191643994587	1.244940797846266
192	70	42	0.3645833333333333	110437763	0.8954393894323761	1.2824233110441445
192	71	46	0.3697916666666667	110485674	0.9802940522203731	1.331342192492393
192	72	53	0.375	110063567	1.133800884261656	1.3897626034465953
192	73	66	0.3802083333333333	109021382	1.4254000110874345	1.4184884143175556
192	74	57	0.3854166666666667	107576305	1.2475637232228203	1.4487847440421782
192	75	53	0.390625	105955912	1.1777556082910412	1.477218705022267
192	76	60	0.3958333333333333	104162997	1.3562579243128434	1.5268840631564886
192	77	49	0.4010416666666667	102125556	1.1297078625729133	1.566699126249159
192	78	54	0.40625	100000421	1.2714416581434438	1.5882375679363703
192	79	55	0.4114583333333333	97844363	1.3235226703144143	1.6045212254681027
192	80	54	0.4166666666666667	95690191	1.3287119584836282	1.6491087295246207
192	81	47	0.421875	93658679	1.1815560689196731	1.6593312294263414
192	82	40	0.4270833333333333	91599338	1.0281871258460038	1.6799468993357842
192	83	51	0.4322916666666667	89567621	1.3406754053031196	1.7003405871760866
192	84	52	0.4375	87655808	1.3967772459287766	1.7664311744953516
192	85	56	0.4427083333333333	85804391	1.53667851444413	1.7757266315360964
192	86	59	0.4479166666666667	83991902	1.6539375260216695	1.7864840819089332
192	87	48	0.453125	82218558	1.374598567894367	1.7960186605453166
192	88	45	0.4583333333333333	80523463	1.3158142189695532	1.8080500021201518
192	89	51	0.4635416666666667	78922968	1.5214976023989772	1.8413708786297405
192	90	39	0.46875	77214207	1.1892465406777566	1.853579094782654
192	91	51	0.4739583333333333	75431140	1.591930157574328	1.85896642164941
192	92	36	0.4791666666666667	73580831	1.1519730466329603	1.8696702963114045
192	93	43	0.484375	71652352	1.4130011332033858	1.8941031571980893
192	94	44	0.4895833333333333	69706423	1.4862243910346438	1.9602495096213828
192	95	56	0.4947916666666667	67762738	1.9458151778734691	1.980522043287915
192	96	39	0.5	65821715	1.395082588867917	2.0079483312599042
192	97	52	0.5052083333333334	63903710	1.9159394358778483	2.0138449632505364
192	98	40	0.5104166666666666	62038601	1.5181074129575653	2.0504072325293574
192	99	49	0.515625	60055107	1.9211029560372004	2.1006322215846818
192	100	51	0.5208333333333334	57784983	2.0780676977305887	2.1921263842015164
192	101	37	0.5260416666666666	55030168	1.583089216855478	2.2073985996247907
192	102	46	0.53125	51770195	2.092100465871514	2.238368218159956
192	103	52	0.5364583333333334	48010611	2.5501787112832544	2.2991662935067536
192	104	47	0.5416666666666666	43908035	2.5203355280975233	2.3415758608432165
192	105	43	0.546875	39708048	2.5497313434467457	2.3972653898777083
192	106	34	0.5520833333333334	35627740	2.2469590004158038	2.4566997503762495
192	107	24	0.5572916666666666	31765979	1.7789080588566142	2.5270558061064334
192	108	15	0.5625	28267009	1.2494414433927634	2.6043375428030417
192	109	19	0.5677083333333334	25205154	1.7748790002282033	2.6276428942291514
192	110	21	0.5729166666666666	22534997	2.194149905389325	2.6483050718369943
192	111	20	0.578125	20224025	2.32844995166928	2.733995201575273
192	112	20	0.5833333333333334	18244259	2.581120451853282	2.757047206591206
192	113	17	0.5885416666666666	16517266	2.4233450940813728	2.7795537865952884
192	114	15	0.59375	15062434	2.3447719356218415	2.7795537865952884
192	115	14	0.5989583333333334	13802647	2.3881970627565727	2.8131001429161415
192	116	14	0.6041666666666666	12698524	2.595848228003965	2.8131001429161415
192	117	9	0.609375	11687924	1.8130493931354912	2.8574966766939562
192	118	10	0.6145833333333334	10778702	2.1844295367757782	2.900938998165702
192	119	9	0.6197916666666666	9939475	2.1319821736272533	2.8728302309326423
192	120	5	0.625	9157271	1.285607634463595	2.894380811301053
192	121	13	0.6302083333333334	8422638	3.634123836495811	2.9058746278678305
192	122	7	0.6354166666666666	7721733	2.134458742853827	2.909506222248814
192	123	7	0.640625	7049240	2.3380847455658924	2.909506222248814
192	124	5	0.6458333333333334	6424622	1.8324280414399599	2.9129825686431117
192	125	3	0.6510416666666666	5832875	1.2109970649244577	2.87854286114297
192	126	8	0.65625	5276992	3.5695055087298457	2.8728302309326423
192	127	6	0.6614583333333334	4750843	2.9736173159463477	2.7838875051763634
192	128	6	0.6666666666666666	4250320	3.32379421082236	2.7559495758852384
192	129	3	0.671875	3796700	1.8604563186639047	2.7097281265495297
192	130	1	0.6770833333333334	3395406	0.693446233437302	2.6422793524818835
192	131	0	0.6822916666666666	3038253	0.0	2.6133948612586013
192	132	2	0.6875	2717321	1.7329800209032469	2.6044809805465485
192	133	2	0.6927083333333334	2431167	1.9369557925806131	2.5541864824708163
192	134	2	0.6979166666666666	2194097	2.1462419407076494	2.404518414550353
192	135	2	0.703125	1983198	2.3744795040035496	2.306161470424081
192	136	3	0.7083333333333334	1799234	3.9258898537217766	2.273008939924712
192	137	0	0.7135416666666666	1632675	0.0	2.1702112857827442
192	138	2	0.71875	1486679	3.167504890686444	2.0596010860680893
192	139	0	0.7239583333333334	1357529	0.0	2.1562070798643758
192	140	0	0.7291666666666666	1241866	0.0	2.1562070798643758
192	141	1	0.734375	1138204	2.0686375216485056	1.881812417422738
192	142	0	0.7395833333333334	1044525	0.0	1.881812417422738
192	143	0	0.7447916666666666	961289	0.0	1.8504087871054211
192	144	1	0.75	891043	2.6424443059318303	1.7450902526959637
192	145	0	0.7552083333333334	832925	0.0	1.6012452388548415
192	146	0	0.7604166666666666	772946	0.0	1.4296975694193452
192	147	0	0.765625	716664	0.0	0.0
192	148	1	0.7708333333333334	668687	3.521126478741796	0.0
192	149	1	0.7760416666666666	623398	3.7769314333546395	0.0
192	150	1	0.78125	583879	4.032567538292036	0.0
192	151	0	0.7864583333333334	549204	0.0	0.0
192	152	1	0.7916666666666666	515735	4.565390174586591	0.0
192	153	0	0.796875	478318	0.0	0.0
192	154	0	0.8020833333333334	433977	0.0	0.0
192	155	1	0.8072916666666666	387158	6.081577809809989	0.0
192	156	1	0.8125	335452	7.01898185639202	0.0
192	157	0	0.8177083333333334	286667	0.0	0.0
192	158	0	0.8229166666666666	240122	0.0	0.0
192	159	1	0.828125	200275	11.756492331496272	0.0
192	160	0	0.8333333333333334	166097	0.0	0.0
192	161	0	0.8385416666666666	138009	0.0	0.0
192	162	0	0.84375	112330	0.0	0.0
192	163	0	0.8489583333333334	90188	0.0	0.0
192	164	0	0.8541666666666666	70477	0.0	0.0
192	165	0	0.859375	55843	0.0	0.0
192	166	0	0.8645833333333334	43910	0.0	0.0
192	167	0	0.8697916666666666	33705	0.0	0.0
192	168	0	0.875	26097	0.0	0.0
192	169	0	0.8802083333333334	21475	0.0	0.0
192	170	0	0.8854166666666666	15501	0.0	0.0
192	171	0	0.890625	10447	0.0	0.0
192	172	0	0.8958333333333334	8265	0.0	0.0
192	173	0	0.9010416666666666	5297	0.0	0.0
192	174	0	0.90625	4218	0.0	0.0
192	175	0	0.9114583333333334	3162	0.0	0.0
192	176	0	0.9166666666666666	2343	0.0	0.0
192	177	0	0.921875	1721	0.0	0.0
192	178	0	0.9270833333333334	1335	0.0	0.0
192	179	0	0.9322916666666666	966	0.0	0.0
192	180	0	0.9375	612	0.0	0.0
192	181	0	0.9427083333333334	409	0.0	0.0
192	182	0	0.9479166666666666	251	0.0	0.0
192	183	0	0.953125	147	0.0	0.0
192	184	0	0.9583333333333334	127	0.0	0.0
192	185	0	0.9635416666666666	163	0.0	0.0
192	186	0	0.96875	87	0.0	0.0
192	187	0	0.9739583333333334	5	0.0	0.0
192	188	0	0.9791666666666666	22	0.0	0.0
192	189	0	0.984375	8	0.0	0.0
192	190	0	0.9895833333333334	2	0.0	0.0
192	191	0	0.9947916666666666	0		
192	192	0	1.0	0		
193	0	0	0.0	64502	0.0	0.0
193	1	0	0.0051813471502590676	53313	0.0	0.0
193	2	0	0.010362694300518135	62457	0.0	0.0
193	3	0	0.015544041450777202	69423	0.0	0.0
193	4	0	0.02072538860103627	71101	0.0	0.0
193	5	0	0.025906735751295335	77884	0.0	0.0
193	6	0	0.031088082901554404	82210	0.0	0.0
193	7	0	0.03626943005181347	85246	0.0	0.0
193	8	0	0.04145077720207254	91426	0.0	0.0
193	9	0	0.046632124352331605	93211	0.0	0.0
193	10	0	0.05181347150259067	95725	0.0	0.0
193	11	0	0.05699481865284974	97558	0.0	0.0
193	12	0	0.06217616580310881	98032	0.0	0.0
193	13	0	0.06735751295336788	97730	0.0	0.0
193	14	0	0.07253886010362694	99836	0.0	0.0
193	15	0	0.07772020725388601	102308	0.0	0.0
193	16	0	0.08290155440414508	104221	0.0	0.0
193	17	0	0.08808290155440414	109821	0.0	0.0
193	18	0	0.09326424870466321	114298	0.0	0.0
193	19	0	0.09844559585492228	117830	0.0	0.0
193	20	0	0.10362694300518134	125756	0.0	0.0
193	21	0	0.10880829015544041	132483	0.0	0.0
193	22	0	0.11398963730569948	142006	0.0	0.0
193	23	0	0.11917098445595854	149818	0.0	0.0
193	24	0	0.12435233160621761	164904	0.0	0.0
193	25	0	0.12953367875647667	176434	0.0	0.0
193	26	0	0.13471502590673576	194401	0.0	0.0
193	27	0	0.13989637305699482	216397	0.0	0.0
193	28	0	0.14507772020725387	248043	0.0	0.0
193	29	0	0.15025906735751296	285698	0.0	0.0
193	30	0	0.15544041450777202	338434	0.0	0.0
193	31	0	0.16062176165803108	404743	0.0	0.0
193	32	0	0.16580310880829016	495124	0.0	0.0
193	33	0	0.17098445595854922	619981	0.0	0.0
193	34	0	0.17616580310880828	791137	0.0	0.0
193	35	0	0.18134715025906736	1027644	0.0	0.0
193	36	0	0.18652849740932642	1347398	0.0	0.0
193	37	0	0.19170984455958548	1782290	0.0	0.0
193	38	0	0.19689119170984457	2358412	0.0	0.0
193	39	1	0.20207253886010362	3107633	0.8047820916954423	0.0
193	40	0	0.20725388601036268	4072686	0.0	0.0
193	41	1	0.21243523316062177	5279269	0.4737336525116986	0.0
193	42	2	0.21761658031088082	6821553	0.7332545495026668	0.2717803668049121
193	43	0	0.22279792746113988	8687126	0.0	0.3563751982480379
193	44	0	0.22797927461139897	10918780	0.0	0.3982936959756425
193	45	1	0.23316062176165803	13557302	0.18447382716426783	0.4259142488876435
193	46	2	0.23834196891191708	16621804	0.3009261071736597	0.4828285377917593
193	47	4	0.24352331606217617	20107515	0.4975189397519848	0.5119073440881253
193	48	5	0.24870466321243523	23981935	0.5214273547905501	0.5323005111211797
193	49	3	0.2538860103626943	28271880	0.2653839135524538	0.5576578804855798
193	50	8	0.25906735751295334	32856041	0.608951610685361	0.5938406707169082
193	51	6	0.26424870466321243	37751945	0.39748427043350204	0.6340569703103062
193	52	14	0.2694300518134715	42905503	0.8160618325221582	0.6935603384340114
193	53	7	0.27461139896373055	48254232	0.3628028252886188	0.7253266558729984
193	54	13	0.27979274611398963	53633645	0.6061973975011986	0.7401998049065106
193	55	15	0.2849740932642487	58999162	0.6358481971223039	0.776408858522927
193	56	14	0.29015544041450775	64329623	0.544283360769345	0.8164190651908718
193	57	13	0.29533678756476683	69510020	0.4677394139363386	0.8465420134835636
193	58	22	0.3005181347150259	74504557	0.7384955324431929	0.9008557311334127
193	59	21	0.30569948186528495	79273755	0.6625183215453517	0.9337558306590844
193	60	27	0.31088082901554404	83808479	0.8057194239376201	0.9828589732132877
193	61	24	0.3160621761658031	88097943	0.6813237088076254	0.9924560146020055
193	62	33	0.32124352331606215	92092618	0.8961839236315209	1.0285105695960342
193	63	31	0.32642487046632124	95668433	0.8104030403091819	1.0465665636307364
193	64	36	0.3316062176165803	98936138	0.9100297193187808	1.086986216814476
193	65	35	0.33678756476683935	101778492	0.860042792819748	1.1053492541809302
193	66	33	0.34196891191709844	104208693	0.7919869385247815	1.1207657096592252
193	67	39	0.3471502590673575	106300991	0.9175617944381113	1.151420677964628
193	68	33	0.35233160621761656	107993354	0.7642315075864653	1.179857251869354
193	69	39	0.35751295336787564	109119291	0.8938632863047975	1.2473928908609937
193	70	38	0.3626943005181347	109802754	0.8655225593571882	1.281908784983723
193	71	45	0.36787564766839376	110058769	1.022576695985762	1.3240755826372586
193	72	48	0.37305699481865284	109814770	1.0931720252764319	1.3830700115031667
193	73	50	0.37823834196891193	109008972	1.1471383226886052	1.4275087904633903
193	74	53	0.38341968911917096	107698918	1.2307576892831409	1.4501605079900421
193	75	38	0.38860103626943004	106160899	0.8952143544540607	1.4960468405182334
193	76	56	0.39378238341968913	104450291	1.3408691567346598	1.5281809260001584
193	77	51	0.39896373056994816	102555158	1.243714496388869	1.5637528707130348
193	78	51	0.40414507772020725	100460790	1.2696429789577697	1.5924736735481237
193	79	54	0.40932642487046633	98358323	1.3730636586995923	1.6230041651976563
193	80	43	0.41450777202072536	96190252	1.1180093134214542	1.6662218654096497
193	81	42	0.41968911917098445	94152181	1.1156473391773567	1.6809084036908026
193	82	49	0.42487046632124353	92128122	1.3301845218567176	1.6997410506446888
193	83	48	0.43005181347150256	90097340	1.3324081990230296	1.7142807656085643
193	84	57	0.43523316062176165	88162413	1.6169605180818	1.7366543481507868
193	85	46	0.44041450777202074	86304897	1.3330008348685243	1.7891654093824385
193	86	56	0.44559585492227977	84501153	1.6574232260932562	1.8036885361329247
193	87	49	0.45077720207253885	82704802	1.4817446985983636	1.8139682839700768
193	88	48	0.45595854922279794	81009637	1.4818784402918082	1.8232592388381992
193	89	49	0.46113989637305697	79365950	1.5440803255316335	1.8465305305805353
193	90	48	0.46632124352331605	77714290	1.5447150649663732	1.8565181235613584
193	91	51	0.47150259067357514	75973772	1.6788601293095058	1.8751733101918215
193	92	42	0.47668393782383417	74137469	1.4168359350168114	1.8862379412531791
193	93	41	0.48186528497409326	72217374	1.4198752619339645	1.9032706870398424
193	94	52	0.48704663212435234	70257984	1.8510395070546386	1.940082836930973
193	95	34	0.49222797927461137	68292955	1.245119516686613	1.9973426426785985
193	96	41	0.49740932642487046	66313627	1.5462834331838475	2.0201926260863496
193	97	39	0.5025906735751295	64376521	1.5151133757679998	2.039213972718385
193	98	32	0.5077720207253886	62492634	1.2806462334549227	2.0628916561372894
193	99	39	0.5129533678756477	60614977	1.6091357760064733	2.098059635570779
193	100	26	0.5181347150259067	58554613	1.1105043429286494	2.2081639440239207
193	101	35	0.5233160621761658	56120424	1.5597504842205467	2.2445938397561696
193	102	32	0.5284974093264249	53185574	1.5047493207608709	2.2649536200694875
193	103	28	0.533678756476684	49764813	1.4071606539932124	2.3032622990671343
193	104	34	0.538860103626943	45868634	1.8538352618632725	2.361182836675503
193	105	23	0.5440414507772021	41754606	1.3776264558003732	2.4168130469026976
193	106	20	0.5492227979274611	37626423	1.3293676021033316	2.450747796873596
193	107	27	0.5544041450777202	33674838	2.0052396219684305	2.533365258805901
193	108	19	0.5595854922279793	29981403	1.5849285082914188	2.5849562963262596
193	109	19	0.5647668393782384	26719341	1.7784263591408886	2.6570735371420935
193	110	27	0.5699481865284974	23863746	2.829652956454034	2.676539573227351
193	111	22	0.5751295336787565	21356693	2.5763016067683893	2.7071781073486574
193	112	22	0.5803108808290155	19234223	2.860592938490898	2.7875119906200876
193	113	7	0.5854922279792746	17378789	1.007364304942794	2.798306828354747
193	114	17	0.5906735751295337	15788875	2.6928103212768675	2.798813505849436
193	115	17	0.5958549222797928	14434060	2.94556386500751	2.798306828354747
193	116	12	0.6010362694300518	13250907	2.264872029630982	2.826269465770304
193	117	12	0.6062176165803109	12207444	2.4584678522007875	2.804173246738914
193	118	9	0.6113989637305699	11245048	2.0016549928160416	2.870024668614073
193	119	10	0.616580310880829	10377421	2.4100086003659125	2.870024668614073
193	120	9	0.6217616580310881	9572664	2.3513524002990227	2.870024668614073
193	121	8	0.6269430051813472	8821319	2.268111955558376	2.9174799100198343
193	122	8	0.6321243523316062	8108519	2.467496109671108	2.93606784384071
193	123	6	0.6373056994818653	7419833	2.0223911125453493	2.9493817112884217
193	124	7	0.6424870466321243	6776000	2.583643993762172	2.9493817112884217
193	125	13	0.6476683937823834	6168117	5.271069925797966	2.9493817112884217
193	126	3	0.6528497409326425	5598990	1.3400456435688128	2.9174799100198343
193	127	3	0.6580310880829016	5055846	1.484005279805862	2.8521188692237103
193	128	3	0.6632124352331606	4546442	1.6502799679145468	2.8781135258529913
193	129	2	0.6683937823834197	4063765	1.2308622107635567	2.8037716136328354
193	130	3	0.6735751295336787	3633856	2.0647219256584046	2.7597227156097888
193	131	4	0.6787564766839378	3252095	3.076130784570294	2.7342383594900013
193	132	4	0.6839378238341969	2913311	3.4338488214430694	2.7149407598956308
193	133	3	0.689119170984456	2604189	2.881089720402531	2.640730191880843
193	134	0	0.694300518134715	2336595	0.0	2.586316096909389
193	135	2	0.6994818652849741	2113717	2.366416493751796	2.362800653546988
193	136	2	0.7046632124352331	1910786	2.617736770064029	2.221253432239255
193	137	0	0.7098445595854922	1738986	0.0	2.2198067890353284
193	138	3	0.7150259067357513	1577754	4.755432188975815	2.145235282379579
193	139	1	0.7202072538860104	1439804	1.7370193345495517	2.0890058745068716
193	140	1	0.7253886010362695	1315589	1.9010248534776306	2.173505578408813
193	141	1	0.7305699481865285	1204927	2.0756173494010697	2.0922192752190405
193	142	0	0.7357512953367875	1105453	0.0	1.8945355274411508
193	143	0	0.7409326424870466	1016393	0.0	1.7618447025145028
193	144	0	0.7461139896373057	935929	0.0	1.652160907656815
193	145	0	0.7512953367875648	870180	0.0	1.5127095933309602
193	146	1	0.7564766839378239	814098	3.072071649803565	1.3897395625734703
193	147	2	0.7616580310880829	753444	6.638761171266299	0.0
193	148	3	0.7668393782383419	701060	10.702225427046683	0.0
193	149	0	0.772020725388601	653338	0.0	0.0
193	150	0	0.7772020725388601	609669	0.0	0.0
193	151	0	0.7823834196891192	572416	0.0	0.0
193	152	0	0.7875647668393783	538336	0.0	0.0
193	153	0	0.7927461139896373	504960	0.0	0.0
193	154	1	0.7979274611398963	466735	5.358431199635302	0.0
193	155	2	0.8031088082901554	421813	11.858180691262634	0.0
193	156	1	0.8082901554404145	374436	6.6792920177594635	0.0
193	157	0	0.8134715025906736	323825	0.0	0.0
193	158	0	0.8186528497409327	275510	0.0	0.0
193	159	0	0.8238341968911918	230793	0.0	0.0
193	160	0	0.8290155440414507	192755	0.0	0.0
193	161	0	0.8341968911917098	159026	0.0	0.0
193	162	0	0.8393782383419689	132387	0.0	0.0
193	163	0	0.844559585492228	107532	0.0	0.0
193	164	0	0.8497409326424871	86321	0.0	0.0
193	165	0	0.8549222797927462	67139	0.0	0.0
193	166	0	0.8601036269430051	53411	0.0	0.0
193	167	0	0.8652849740932642	41908	0.0	0.0
193	168	0	0.8704663212435233	32163	0.0	0.0
193	169	0	0.8756476683937824	25104	0.0	0.0
193	170	0	0.8808290155440415	20358	0.0	0.0
193	171	0	0.8860103626943006	14709	0.0	0.0
193	172	0	0.8911917098445595	9953	0.0	0.0
193	173	0	0.8963730569948186	7859	0.0	0.0
193	174	0	0.9015544041450777	5027	0.0	0.0
193	175	0	0.9067357512953368	4024	0.0	0.0
193	176	0	0.9119170984455959	3025	0.0	0.0
193	177	0	0.917098445595855	2217	0.0	0.0
193	178	0	0.9222797927461139	1678	0.0	0.0
193	179	0	0.927461139896373	1313	0.0	0.0
193	180	0	0.9326424870466321	899	0.0	0.0
193	181	0	0.9378238341968912	601	0.0	0.0
193	182	0	0.9430051813471503	384	0.0	0.0
193	183	0	0.9481865284974094	239	0.0	0.0
193	184	0	0.9533678756476683	140	0.0	0.0
193	185	0	0.9585492227979274	127	0.0	0.0
193	186	0	0.9637305699481865	164	0.0	0.0
193	187	0	0.9689119170984456	77	0.0	0.0
193	188	0	0.9740932642487047	7	0.0	0.0
193	189	0	0.9792746113989638	20	0.0	0.0
193	190	0	0.9844559585492227	8	0.0	0.0
193	191	0	0.9896373056994818	1	0.0	0.0
193	192	0	0.9948186528497409	0		
193	193	0	1.0	0		
194	0	0	0.0	63790	0.0	0.0
194	1	0	0.005154639175257732	52754	0.0	0.0
194	2	0	0.010309278350515464	61819	0.0	0.0
194	3	0	0.015463917525773196	68795	0.0	0.0
194	4	0	0.020618556701030927	70380	0.0	0.0
194	5	0	0.02577319587628866	77227	0.0	0.0
194	6	0	0.030927835051546393	81394	0.0	0.0
194	7	0	0.03608247422680412	84534	0.0	0.0
194	8	0	0.041237113402061855	90555	0.0	0.0
194	9	0	0.04639175257731959	92381	0.0	0.0
194	10	0	0.05154639175257732	94780	0.0	0.0
194	11	0	0.05670103092783505	96798	0.0	0.0
194	12	0	0.061855670103092786	97032	0.0	0.0
194	13	0	0.06701030927835051	97047	0.0	0.0
194	14	0	0.07216494845360824	98853	0.0	0.0
194	15	0	0.07731958762886598	101356	0.0	0.0
194	16	0	0.08247422680412371	103178	0.0	0.0
194	17	0	0.08762886597938144	108201	0.0	0.0
194	18	0	0.09278350515463918	112859	0.0	0.0
194	19	0	0.0979381443298969	116288	0.0	0.0
194	20	0	0.10309278350515463	123614	0.0	0.0
194	21	0	0.10824742268041238	130540	0.0	0.0
194	22	0	0.1134020618556701	139820	0.0	0.0
194	23	0	0.11855670103092783	147029	0.0	0.0
194	24	0	0.12371134020618557	161222	0.0	0.0
194	25	0	0.12886597938144329	172939	0.0	0.0
194	26	0	0.13402061855670103	189205	0.0	0.0
194	27	0	0.13917525773195877	210402	0.0	0.0
194	28	0	0.14432989690721648	240381	0.0	0.0
194	29	0	0.14948453608247422	275098	0.0	0.0
194	30	0	0.15463917525773196	324837	0.0	0.0
194	31	0	0.15979381443298968	386456	0.0	0.0
194	32	0	0.16494845360824742	471573	0.0	0.0
194	33	0	0.17010309278350516	585669	0.0	0.0
194	34	0	0.17525773195876287	743531	0.0	0.0
194	35	0	0.18041237113402062	963054	0.0	0.0
194	36	0	0.18556701030927836	1258480	0.0	0.0
194	37	0	0.19072164948453607	1661798	0.0	0.0
194	38	0	0.1958762886597938	2195921	0.0	0.0
194	39	0	0.20103092783505155	2895267	0.0	0.0
194	40	2	0.20618556701030927	3797195	1.419455895594154	0.0
194	41	0	0.211340206185567	4929624	0.0	0.0
194	42	0	0.21649484536082475	6373216	0.0	0.2275929081387274
194	43	0	0.22164948453608246	8141359	0.0	0.2969210864472998
194	44	2	0.2268041237113402	10257650	0.5254566912958275	0.3655017835821286
194	45	1	0.23195876288659795	12768558	0.2110634117599906	0.4052669344742666
194	46	5	0.23711340206185566	15690222	0.858807292444722	0.438459678927986
194	47	10	0.2422680412371134	19038380	1.4155487046352275	0.4909611709909228
194	48	2	0.24742268041237114	22777274	0.23663722135803628	0.511500547358034
194	49	4	0.25257731958762886	26934108	0.40023236184176914	0.5314618363302401
194	50	8	0.25773195876288657	31389266	0.6868527386999931	0.5762794928303105
194	51	8	0.26288659793814434	36165492	0.5961429563265054	0.6238664337794516
194	52	18	0.26804123711340205	41203491	1.1773166857448025	0.6721745746692459
194	53	10	0.27319587628865977	46467870	0.5799653426626445	0.718810707116101
194	54	9	0.27835051546391754	51799970	0.4682392428531889	0.7414685113187578
194	55	12	0.28350515463917525	57131195	0.5660603629387388	0.7759687709623078
194	56	14	0.28865979381443296	62415245	0.6044942354435124	0.8235377432426884
194	57	19	0.29381443298969073	67631973	0.7571054134406388	0.8511958307692776
194	58	13	0.29896907216494845	72622208	0.48242378407937125	0.8970171804287452
194	59	11	0.30412371134020616	77436495	0.38282633481911266	0.9245466874463136
194	60	25	0.30927835051546393	81995667	0.8216822648492275	0.9853280183091248
194	61	18	0.31443298969072164	86334232	0.5618809172384345	0.9950456087666023
194	62	22	0.31958762886597936	90423795	0.6556842601460942	1.019326528675269
194	63	39	0.3247422680412371	94074532	1.1172422433595266	1.0521538821928467
194	64	31	0.32989690721649484	97440467	0.8573874944256474	1.0910698456345662
194	65	43	0.33505154639175255	100419214	1.1540016916844107	1.1077829400425176
194	66	26	0.3402061855670103	102943727	0.6806569261196301	1.1208228853007256
194	67	37	0.34536082474226804	105137634	0.9484148211401345	1.144707124713023
194	68	27	0.35051546391752575	106988303	0.6801148738461035	1.1806841713561456
194	69	35	0.3556701030927835	108294916	0.8709932377225933	1.2365223943147643
194	70	47	0.36082474226804123	109143481	1.1605259730772206	1.2828625211441114
194	71	39	0.36597938144329895	109526434	0.9596225982731946	1.3198193116604175
194	72	44	0.3711340206185567	109504475	1.082868241214381	1.3545907565846085
194	73	43	0.37628865979381443	108912765	1.0640069860830257	1.4096563216824893
194	74	41	0.38144329896907214	107779648	1.0251841980792904	1.4457660839598767
194	75	39	0.3865979381443299	106330472	0.9884658574136449	1.4649069184022516
194	76	36	0.3917525773195876	104713524	0.9265194334446389	1.5076508441152903
194	77	41	0.39690721649484534	102914736	1.073645974315556	1.5550423862562508
194	78	44	0.4020618556701031	100913469	1.1750554155298554	1.5689772413442442
194	79	39	0.4072164948453608	98833799	1.0634422863243127	1.5987816091770313
194	80	38	0.41237113402061853	96713563	1.0588904242928394	1.63537632409326
194	81	42	0.4175257731958763	94613969	1.1963240588594644	1.6653419447275928
194	82	45	0.422680412371134	92648859	1.3089626248186121	1.6856564363307065
194	83	40	0.42783505154639173	90613729	1.1896543468530347	1.6986881741681101
194	84	38	0.4329896907216495	88678915	1.1548299362925476	1.71849971034213
194	85	56	0.4381443298969072	86797671	1.7387404694899942	1.750593625397208
194	86	42	0.44329896907216493	85001777	1.331607072389599	1.7662528108036748
194	87	56	0.4484536082474227	83209764	1.81371291024426	1.7992297583955437
194	88	41	0.4536082474226804	81477999	1.3561205891193793	1.8151641594463095
194	89	31	0.4587628865979381	79832393	1.0464954727937943	1.8283511646550559
194	90	40	0.4639175257731959	78182941	1.378804828912907	1.8408549587996774
194	91	37	0.4690721649484536	76498961	1.3034698647110636	1.8584465418187353
194	92	45	0.4742268041237113	74686791	1.623766291727402	1.8857190041187872
194	93	47	0.4793814432989691	72809467	1.7396617460825547	1.8970164749657736
194	94	41	0.4845360824742268	70818297	1.5602463866668272	1.9166514433724418
194	95	30	0.4896907216494845	68848299	1.1743102388347992	1.9641677686591255
194	96	33	0.4948453608247423	66841396	1.3305256025213121	1.9905502459136326
194	97	45	0.5	64867476	1.8695639346764394	2.0082377528179665
194	98	40	0.5051546391752577	62951791	1.7124058724463118	2.033774881410191
194	99	42	0.5103092783505154	61093755	1.8527092894991237	2.075318182302911
194	100	26	0.5154639175257731	59201977	1.1835645418246485	2.131685672925303
194	101	31	0.520618556701031	57001302	1.4656549048089287	2.216705385170399
194	102	33	0.5257731958762887	54416384	1.6343274240027716	2.2336142711193028
194	103	31	0.5309278350515464	51307274	1.628311764464333	2.2713702476449313
194	104	33	0.5360824742268041	47715731	1.8638337257426831	2.324718040416196
194	105	22	0.5412371134020618	43747369	1.3552691391378777	2.3585735596657003
194	106	28	0.5463917525773195	39641354	1.9035503079079747	2.3967350478509544
194	107	33	0.5515463917525774	35619256	2.4968008508169186	2.4487694622178005
194	108	34	0.5567010309278351	31805690	2.8809047721021286	2.524307891445426
194	109	19	0.5618556701030928	28317752	1.8082131971482456	2.597089745093713
194	110	15	0.5670103092783505	25278152	1.5991925050941158	2.6379864245192914
194	111	11	0.5721649484536082	22594875	1.3120112221062759	2.678172721673149
194	112	19	0.5773195876288659	20286858	2.5240248085716934	2.709314990237001
194	113	18	0.5824742268041238	18302911	2.650373892176813	2.7705636613713702
194	114	16	0.5876288659793815	16580966	2.600548522671427	2.753484850057616
194	115	10	0.5927835051546392	15108870	1.7837041517567642	2.7725359069417777
194	116	7	0.5979381443298969	13844812	1.3625918432946043	2.8130107595796585
194	117	13	0.6030927835051546	12733607	2.751355557899595	2.8671963312210353
194	118	13	0.6082474226804123	11742622	2.9835483413805868	2.877917764898074
194	119	10	0.6134020618556701	10825257	2.4895255740674997	2.884485512053157
194	120	7	0.6185567010309279	9991987	1.887995641222037	2.921343540816971
194	121	8	0.6237113402061856	9225929	2.3368707170716982	2.9124466146449044
194	122	7	0.6288659793814433	8497409	2.2200682470559268	2.903385719997296
194	123	7	0.634020618556701	7801113	2.41822261812478	2.941620055037309
194	124	7	0.6391752577319587	7132756	2.644816099575992	2.9280750346172426
194	125	6	0.6443298969072165	6509078	2.4842001414658013	2.9310837724325776
194	126	7	0.6494845360824743	5927016	3.182854222621848	2.876895144325706
194	127	4	0.654639175257732	5370451	2.0072618964294224	2.837421931627157
194	128	4	0.6597938144329897	4843528	2.225630090079233	2.7992674489273965
194	129	4	0.6649484536082474	4348054	2.479247419406771	2.784554571536629
194	130	5	0.6701030927835051	3887490	3.4662152375122792	2.7168917896165024
194	131	2	0.6752577319587629	3481148	1.5483256757456576	2.7351334849498126
194	132	2	0.6804123711340206	3117042	1.7291877457764908	2.693090640436183
194	133	4	0.6855670103092784	2792410	3.860429399315032	2.6606719477372494
194	134	1	0.6907216494845361	2496941	1.0793108106019815	2.6192604774613026
194	135	1	0.6958762886597938	2248027	1.1988180812487226	2.5437041007795074
194	136	1	0.7010309278350515	2036594	1.3232757313118482	2.350509178940504
194	137	1	0.7061855670103093	1844206	1.461320164198209	2.2320716250684494
194	138	2	0.711340206185567	1680794	3.206788475845728	2.1976711509215026
194	139	2	0.7164948453608248	1525779	3.5325894703431127	2.1142197605369364
194	140	0	0.7216494845360825	1395195	0.0	2.0992074145045185
194	141	1	0.7268041237113402	1276107	2.1118726053029424	2.1871976061501344
194	142	0	0.7319587628865979	1168918	0.0	2.0966102628994774
194	143	2	0.7371134020618557	1075204	5.012956452422651	1.8704658739712516
194	144	1	0.7422680412371134	988397	2.7266122972199653	1.610217624593525
194	145	1	0.7474226804123711	912533	2.9532909108331666	1.5282679613673151
194	146	0	0.7525773195876289	850695	0.0	1.2696074040789893
194	147	0	0.7577319587628866	794680	0.0	1.2229489809380105
194	148	0	0.7628865979381443	735130	0.0	0.0
194	149	1	0.7680412371134021	685244	3.932869773008333	0.0
194	150	1	0.7731958762886598	638925	4.217983980491172	0.0
194	151	1	0.7783505154639175	596812	4.515618678470476	0.0
194	152	2	0.7835051546391752	561092	9.6061801442021	0.0
194	153	0	0.788659793814433	527740	0.0	0.0
194	154	1	0.7938144329896907	494230	5.452877030401478	0.0
194	155	1	0.7989690721649485	455065	5.922176864261858	0.0
194	156	0	0.8041237113402062	409633	0.0	0.0
194	157	0	0.8092783505154639	362190	0.0	0.0
194	158	0	0.8144329896907216	312146	0.0	0.0
194	159	0	0.8195876288659794	264706	0.0	0.0
194	160	0	0.8247422680412371	222294	0.0	0.0
194	161	0	0.8298969072164949	185087	0.0	0.0
194	162	0	0.8350515463917526	152154	0.0	0.0
194	163	0	0.8402061855670103	127131	0.0	0.0
194	164	0	0.845360824742268	102990	0.0	0.0
194	165	0	0.8505154639175257	82524	0.0	0.0
194	166	0	0.8556701030927835	64035	0.0	0.0
194	167	0	0.8608247422680413	51020	0.0	0.0
194	168	0	0.865979381443299	40128	0.0	0.0
194	169	0	0.8711340206185567	30567	0.0	0.0
194	170	0	0.8762886597938144	24152	0.0	0.0
194	171	0	0.8814432989690721	19315	0.0	0.0
194	172	0	0.8865979381443299	14006	0.0	0.0
194	173	0	0.8917525773195877	9473	0.0	0.0
194	174	0	0.8969072164948454	7444	0.0	0.0
194	175	0	0.9020618556701031	4787	0.0	0.0
194	176	0	0.9072164948453608	3819	0.0	0.0
194	177	0	0.9123711340206185	2911	0.0	0.0
194	178	0	0.9175257731958762	2103	0.0	0.0
194	179	0	0.9226804123711341	1640	0.0	0.0
194	180	0	0.9278350515463918	1290	0.0	0.0
194	181	0	0.9329896907216495	825	0.0	0.0
194	182	0	0.9381443298969072	598	0.0	0.0
194	183	0	0.9432989690721649	355	0.0	0.0
194	184	0	0.9484536082474226	233	0.0	0.0
194	185	0	0.9536082474226805	130	0.0	0.0
194	186	0	0.9587628865979382	126	0.0	0.0
194	187	0	0.9639175257731959	167	0.0	0.0
194	188	0	0.9690721649484536	67	0.0	0.0
194	189	0	0.9742268041237113	9	0.0	0.0
194	190	0	0.979381443298969	18	0.0	0.0
194	191	0	0.9845360824742269	8	0.0	0.0
194	192	0	0.9896907216494846	0		
194	193	0	0.9948453608247423	0		
194	194	0	1.0	0		
195	0	0	0.0	63088	0.0	0.0
195	1	0	0.005128205128205128	52200	0.0	0.0
195	2	0	0.010256410256410256	61189	0.0	0.0
195	3	0	0.015384615384615385	68190	0.0	0.0
195	4	0	0.020512820512820513	69612	0.0	0.0
195	5	0	0.02564102564102564	76665	0.0	0.0
195	6	0	0.03076923076923077	80517	0.0	0.0
195	7	0	0.035897435897435895	83862	0.0	0.0
195	8	0	0.041025641025641026	89713	0.0	0.0
195	9	0	0.046153846153846156	91515	0.0	0.0
195	10	0	0.05128205128205128	93884	0.0	0.0
195	11	0	0.05641025641025641	95977	0.0	0.0
195	12	0	0.06153846153846154	96203	0.0	0.0
195	13	0	0.06666666666666667	96160	0.0	0.0
195	14	0	0.07179487179487179	98154	0.0	0.0
195	15	0	0.07692307692307693	100171	0.0	0.0
195	16	0	0.08205128205128205	102211	0.0	0.0
195	17	0	0.08717948717948718	106800	0.0	0.0
195	18	0	0.09230769230769231	111346	0.0	0.0
195	19	0	0.09743589743589744	114814	0.0	0.0
195	20	0	0.10256410256410256	121560	0.0	0.0
195	21	0	0.1076923076923077	128502	0.0	0.0
195	22	0	0.11282051282051282	137806	0.0	0.0
195	23	0	0.11794871794871795	144397	0.0	0.0
195	24	0	0.12307692307692308	157577	0.0	0.0
195	25	0	0.1282051282051282	169678	0.0	0.0
195	26	0	0.13333333333333333	184356	0.0	0.0
195	27	0	0.13846153846153847	204528	0.0	0.0
195	28	0	0.14358974358974358	233193	0.0	0.0
195	29	0	0.14871794871794872	265224	0.0	0.0
195	30	0	0.15384615384615385	312294	0.0	0.0
195	31	0	0.15897435897435896	369447	0.0	0.0
195	32	0	0.1641025641025641	449007	0.0	0.0
195	33	0	0.16923076923076924	554293	0.0	0.0
195	34	0	0.17435897435897435	700415	0.0	0.0
195	35	0	0.1794871794871795	902851	0.0	0.0
195	36	0	0.18461538461538463	1176775	0.0	0.0
195	37	0	0.18974358974358974	1548740	0.0	0.0
195	38	0	0.19487179487179487	2046519	0.0	0.0
195	39	0	0.2	2697799	0.0	0.0
195	40	0	0.20512820512820512	3540183	0.0	0.0
195	41	0	0.21025641025641026	4602703	0.0	0.0
195	42	1	0.2153846153846154	5954708	0.6008820483302788	0.0
195	43	2	0.2205128205128205	7620493	0.9390671024167851	0.2784887821023061
195	44	0	0.22564102564102564	9638491	0.0	0.36350805154088817
195	45	2	0.23076923076923078	12015662	0.5955688734001834	0.3912122276523323
195	46	1	0.2358974358974359	14808247	0.24162732700560016	0.43280899488131475
195	47	2	0.24102564102564103	18015600	0.3972198694740889	0.4947463020770126
195	48	1	0.24615384615384617	21613535	0.16554798371708734	0.5088503890849682
195	49	4	0.2512820512820513	25644272	0.5581093727673295	0.5351653255886227
195	50	5	0.2564102564102564	29972479	0.5968937604808561	0.5760019809701045
195	51	8	0.26153846153846155	34620994	0.8267994015997802	0.6084985721925935
195	52	4	0.26666666666666666	39554457	0.36183807455616923	0.6724713651483114
195	53	5	0.2717948717948718	44711019	0.4001337053231439	0.7106796426674782
195	54	6	0.27692307692307694	49989556	0.42945896221787183	0.7451563656539677
195	55	15	0.28205128205128205	55291186	0.9707000516091382	0.7706728681972446
195	56	11	0.28717948717948716	60532389	0.6502113858869121	0.822155272114852
195	57	12	0.2923076923076923	65744114	0.6530915555875371	0.8517716897473749
195	58	20	0.29743589743589743	70783990	1.010984868258683	0.8814356137499056
195	59	10	0.30256410256410254	75568741	0.4734864036240458	0.9237754544632818
195	60	21	0.3076923076923077	80216266	0.936713009618556	0.9464917719764369
195	61	28	0.3128205128205128	84549760	1.1849372479231584	1.0061855865216094
195	62	23	0.31794871794871793	88734275	0.9274406561130977	1.02809302239276
195	63	27	0.3230769230769231	92472427	1.0447231236476018	1.0541685911155292
195	64	23	0.3282051282051282	95921962	0.8579450681557164	1.0717022528292028
195	65	28	0.3333333333333333	99018731	1.0117899806953041	1.098931728911962
195	66	29	0.3384615384615385	101661603	1.0206826766956667	1.1270299193199524
195	67	31	0.3435897435897436	103953510	1.0670192026003704	1.1438049359567855
195	68	38	0.3487179487179487	105917346	1.2837078766064485	1.175820731483681
195	69	37	0.35384615384615387	107428817	1.2323402406004509	1.2197939142732646
195	70	37	0.358974358974359	108428216	1.2209815772418666	1.28704755956018
195	71	32	0.3641025641025641	108955693	1.0508718299644821	1.3135137700186417
195	72	32	0.36923076923076925	109110887	1.049377121166271	1.3475015789470446
195	73	40	0.37435897435897436	108726151	1.3163630303619218	1.3842663000894977
195	74	41	0.37948717948717947	107798065	1.3608886462868939	1.4356320526508233
195	75	50	0.38461538461538464	106473031	1.6802739184952373	1.4700317523674544
195	76	46	0.38974358974358975	104938501	1.5684572095368512	1.4908413220866459
195	77	41	0.39487179487179486	103227316	1.4211467316480126	1.5340503600309188
195	78	39	0.4	101324162	1.3772135462585833	1.569516096421929
195	79	39	0.40512820512820513	99302945	1.4052454181464527	1.5867975107539574
195	80	40	0.41025641025641024	97213916	1.4722489484936283	1.6361542511499572
195	81	32	0.4153846153846154	95097350	1.2040132399899506	1.6659474339095588
195	82	36	0.4205128205128205	93126913	1.3831745614605857	1.6952716039755353
195	83	41	0.4256410256410256	91131713	1.6097707145063387	1.7073495906466607
195	84	41	0.4307692307692308	89191881	1.6447815777110542	1.718918429367214
195	85	38	0.4358974358974359	87287239	1.5576954075663971	1.7401045134949518
195	86	30	0.441025641025641	85497415	1.255503622038876	1.7583608646403224
195	87	30	0.4461538461538462	83712852	1.2822680346317783	1.7795205740389255
195	88	38	0.4512820512820513	81949255	1.6591600659389827	1.8333277774849324
195	89	35	0.4564102564102564	80300015	1.5595601060436217	1.8456994738751575
195	90	28	0.46153846153846156	78660847	1.2736471033291	1.852413344320077
195	91	39	0.4666666666666667	76983641	1.8126579446885243	1.8662619811449919
195	92	37	0.4717948717948718	75239167	1.7595736299047782	1.878733549707913
195	93	44	0.47692307692307695	73383848	2.145368476329324	1.8999520409373634
195	94	22	0.48205128205128206	71414774	1.1022606762778713	1.9300425702266926
195	95	33	0.48717948717948717	69416140	1.7009955556187222	1.9502495411127883
195	96	31	0.49230769230769234	67399982	1.6457035752281006	1.987970333494776
195	97	30	0.49743589743589745	65383025	1.6417459150515126	1.9993213754734707
195	98	44	0.5025641025641026	63435294	2.4818265076684702	2.014140035410739
195	99	30	0.5076923076923077	61547814	1.7440475498847274	2.0457491582518332
195	100	31	0.5128205128205128	59739207	1.8567436181017538	2.0953390311685913
195	101	26	0.517948717948718	57733832	1.6113603137665646	2.1530986260524947
195	102	31	0.5230769230769231	55439786	2.000736282562664	2.2432237977267473
195	103	23	0.5282051282051282	52662583	1.562699160155514	2.2615732141784926
195	104	26	0.5333333333333333	49380345	1.8839480697525735	2.3158172148567413
195	105	29	0.5384615384615384	45647015	2.2731877882313274	2.354864520061123
195	106	30	0.5435897435897435	41651015	2.577183634239428	2.419464438277977
195	107	33	0.5487179487179488	37579952	3.1420089527577635	2.4424623891633197
195	108	30	0.5538461538461539	33688213	3.1863463404087633	2.504359512641483
195	109	26	0.558974358974359	30033470	3.0975443612231994	2.570159989382855
195	110	22	0.5641025641025641	26769143	2.9406132682496167	2.651835636510509
195	111	15	0.5692307692307692	23923466	2.243452395389968	2.6788738336409983
195	112	12	0.5743589743589743	21430449	2.0035476476943797	2.735953375232926
195	113	17	0.5794871794871795	19284454	3.154214860541442	2.8082998762792
195	114	16	0.5846153846153846	17441687	3.2823220737752696	2.814070424749082
195	115	13	0.5897435897435898	15840759	2.936412505438222	2.826979896396831
195	116	6	0.5948717948717949	14478570	1.4827750835539826	2.8310052016228293
195	117	3	0.6	13289761	0.8077068820685407	2.9104752227295485
195	118	4	0.6051282051282051	12247082	1.168630091722648	2.8584456566108933
195	119	9	0.6102564102564103	11301489	2.8494204845253823	2.939102425658654
195	120	5	0.6153846153846154	10422317	1.716545917884045	2.9408661264322866
195	121	6	0.6205128205128205	9630493	2.2292174285877353	2.9772342191499015
195	122	5	0.6256410256410256	8891692	2.012033896500631	2.9894927161261178
195	123	4	0.6307692307692307	8183631	1.7488946606945974	2.939102425658654
195	124	9	0.6358974358974359	7501462	4.2928557476180345	2.9225183542093953
195	125	6	0.6410256410256411	6858165	3.130350879789592	2.939102425658654
195	126	4	0.6461538461538462	6255161	2.288079964847394	2.9491546427351687
195	127	4	0.6512820512820513	5692634	2.514180353241538	2.8625107371533645
195	128	4	0.6564102564102564	5150114	2.779027524632424	2.874581830200631
195	129	6	0.6615384615384615	4638422	4.628397942552916	2.8188152258643524
195	130	4	0.6666666666666666	4159035	3.4412570610718083	2.78195424707028
195	131	3	0.6717948717948717	3721041	2.8847388192567864	2.7333766806567192
195	132	0	0.676923076923077	3335258	0.0	2.70591192308448
195	133	2	0.6820512820512821	2990166	2.3932297673431493	2.70591192308448
195	134	2	0.6871794871794872	2675784	2.6744140336056255	2.6827220340013667
195	135	1	0.6923076923076923	2397344	1.4925171941317965	2.573774162244411
195	136	0	0.6974358974358974	2165190	0.0	2.456834771786939
195	137	1	0.7025641025641025	1962017	1.8236728531142683	2.421122188083458
195	138	3	0.7076923076923077	1783123	6.019905200452293	2.2795227569948064
195	139	2	0.7128205128205128	1624245	4.4058342679198	2.352157504091572
195	140	2	0.717948717948718	1475694	4.8493483611760935	2.171209104573746
195	141	0	0.7230769230769231	1353222	0.0	2.2485309505300686
195	142	0	0.7282051282051282	1238431	0.0	2.2271547004649146
195	143	0	0.7333333333333333	1134831	0.0	2.1352685483210907
195	144	0	0.7384615384615385	1046312	0.0	1.8762765721684083
195	145	0	0.7435897435897436	961284	0.0	1.8053327075272594
195	146	1	0.7487179487179487	891015	4.01573165462837	1.5500481409814622
195	147	1	0.7538461538461538	831403	4.3036615699590905	0.0
195	148	0	0.7589743589743589	775130	0.0	0.0
195	149	0	0.764102564102564	718409	0.0	0.0
195	150	0	0.7692307692307693	669227	0.0	0.0
195	151	0	0.7743589743589744	624886	0.0	0.0
195	152	0	0.7794871794871795	585085	0.0	0.0
195	153	0	0.7846153846153846	549842	0.0	0.0
195	154	0	0.7897435897435897	517484	0.0	0.0
195	155	1	0.7948717948717948	483480	7.400672499893888	0.0
195	156	1	0.8	443444	8.068836516558342	0.0
195	157	0	0.8051282051282052	397373	0.0	0.0
195	158	0	0.8102564102564103	350179	0.0	0.0
195	159	0	0.8153846153846154	300366	0.0	0.0
195	160	0	0.8205128205128205	254937	0.0	0.0
195	161	0	0.8256410256410256	213842	0.0	0.0
195	162	0	0.8307692307692308	177263	0.0	0.0
195	163	0	0.8358974358974359	145897	0.0	0.0
195	164	0	0.841025641025641	122271	0.0	0.0
195	165	0	0.8461538461538461	98493	0.0	0.0
195	166	0	0.8512820512820513	78765	0.0	0.0
195	167	0	0.8564102564102564	61213	0.0	0.0
195	168	0	0.8615384615384616	48777	0.0	0.0
195	169	0	0.8666666666666667	38369	0.0	0.0
195	170	0	0.8717948717948718	28995	0.0	0.0
195	171	0	0.8769230769230769	23346	0.0	0.0
195	172	0	0.882051282051282	18277	0.0	0.0
195	173	0	0.8871794871794871	13299	0.0	0.0
195	174	0	0.8923076923076924	9047	0.0	0.0
195	175	0	0.8974358974358975	7033	0.0	0.0
195	176	0	0.9025641025641026	4598	0.0	0.0
195	177	0	0.9076923076923077	3589	0.0	0.0
195	178	0	0.9128205128205128	2817	0.0	0.0
195	179	0	0.9179487179487179	1980	0.0	0.0
195	180	0	0.9230769230769231	1632	0.0	0.0
195	181	0	0.9282051282051282	1250	0.0	0.0
195	182	0	0.9333333333333333	760	0.0	0.0
195	183	0	0.9384615384615385	592	0.0	0.0
195	184	0	0.9435897435897436	330	0.0	0.0
195	185	0	0.9487179487179487	224	0.0	0.0
195	186	0	0.9538461538461539	125	0.0	0.0
195	187	0	0.958974358974359	125	0.0	0.0
195	188	0	0.9641025641025641	164	0.0	0.0
195	189	0	0.9692307692307692	63	0.0	0.0
195	190	0	0.9743589743589743	7	0.0	0.0
195	191	0	0.9794871794871794	20	0.0	0.0
195	192	0	0.9846153846153847	5	0.0	0.0
195	193	0	0.9897435897435898	0		
195	194	0	0.9948717948717949	0		
195	195	0	1.0	0		
196	0	0	0.0	62396	0.0	0.0
196	1	0	0.00510204081632653	51652	0.0	0.0
196	2	0	0.01020408163265306	60565	0.0	0.0
196	3	0	0.015306122448979591	67602	0.0	0.0
196	4	0	0.02040816326530612	68829	0.0	0.0
196	5	0	0.025510204081632654	76090	0.0	0.0
196	6	0	0.030612244897959183	79744	0.0	0.0
196	7	0	0.03571428571428571	83144	0.0	0.0
196	8	0	0.04081632653061224	88852	0.0	0.0
196	9	0	0.04591836734693878	90686	0.0	0.0
196	10	0	0.05102040816326531	92988	0.0	0.0
196	11	0	0.05612244897959184	95196	0.0	0.0
196	12	0	0.061224489795918366	95480	0.0	0.0
196	13	0	0.0663265306122449	95076	0.0	0.0
196	14	0	0.07142857142857142	97570	0.0	0.0
196	15	0	0.07653061224489796	99036	0.0	0.0
196	16	0	0.08163265306122448	101178	0.0	0.0
196	17	0	0.08673469387755102	105572	0.0	0.0
196	18	0	0.09183673469387756	109756	0.0	0.0
196	19	0	0.09693877551020408	113463	0.0	0.0
196	20	0	0.10204081632653061	119523	0.0	0.0
196	21	0	0.10714285714285714	126627	0.0	0.0
196	22	0	0.11224489795918367	135695	0.0	0.0
196	23	0	0.11734693877551021	141710	0.0	0.0
196	24	0	0.12244897959183673	154634	0.0	0.0
196	25	0	0.12755102040816327	166024	0.0	0.0
196	26	0	0.1326530612244898	180050	0.0	0.0
196	27	0	0.1377551020408163	198640	0.0	0.0
196	28	0	0.14285714285714285	226911	0.0	0.0
196	29	0	0.14795918367346939	255614	0.0	0.0
196	30	0	0.15306122448979592	300465	0.0	0.0
196	31	0	0.15816326530612246	353644	0.0	0.0
196	32	0	0.16326530612244897	428301	0.0	0.0
196	33	0	0.1683673469387755	525067	0.0	0.0
196	34	0	0.17346938775510204	660605	0.0	0.0
196	35	0	0.17857142857142858	846736	0.0	0.0
196	36	0	0.1836734693877551	1102816	0.0	0.0
196	37	0	0.18877551020408162	1442741	0.0	0.0
196	38	0	0.19387755102040816	1908384	0.0	0.0
196	39	0	0.1989795918367347	2515726	0.0	0.0
196	40	2	0.20408163265306123	3298202	2.0443165786530417	0.0
196	41	0	0.20918367346938777	4298025	0.0	0.0
196	42	0	0.21428571428571427	5564135	0.0	0.0
196	43	1	0.2193877551020408	7128027	0.4729618047425059	0.16352060377929223
196	44	3	0.22448979591836735	9051518	1.1173654565477227	0.30543885575420815
196	45	2	0.22959183673469388	11304795	0.596434435860767	0.37684948890836745
196	46	1	0.23469387755102042	13969845	0.24132583533842425	0.4296593267791623
196	47	2	0.23979591836734693	17034910	0.39580890232743343	0.4812026596350047
196	48	2	0.24489795918367346	20500389	0.3288995651910127	0.5122924190456045
196	49	3	0.25	24393076	0.41461985124466993	0.5167140588067501
196	50	5	0.25510204081632654	28604745	0.5892876363997144	0.5480457051305359
196	51	4	0.2602040816326531	33125488	0.40709251005428926	0.6067781424068527
196	52	8	0.2653061224489796	37943671	0.7107977536856273	0.655914587657222
196	53	6	0.27040816326530615	43001622	0.4703940489742424	0.7062300541984525
196	54	8	0.2755102040816326	48208537	0.5594502092728199	0.7284555880428412
196	55	17	0.28061224489795916	53471478	1.0718206955294234	0.7751537147984561
196	56	9	0.2857142857142857	58678059	0.5170852810172161	0.8125606522549408
196	57	14	0.29081632653061223	63863692	0.7390425094500696	0.8580620545806291
196	58	13	0.29591836734693877	68944644	0.6356795269586571	0.9000127387001827
196	59	22	0.3010204081632653	73739798	1.0058104486781048	0.9555577471936871
196	60	12	0.30612244897959184	78409158	0.5159526667800681	0.9666411949520127
196	61	25	0.3112244897959184	82788768	1.018038012769229	1.0281384840153192
196	62	25	0.3163265306122449	87015412	0.9685883329993626	1.0532258465342568
196	63	30	0.32142857142857145	90862271	1.1130971558613068	1.0777478942537135
196	64	28	0.32653061224489793	94378670	1.000183265952494	1.0928555048934347
196	65	29	0.33163265306122447	97589028	1.001826259720775	1.1121085603575935
196	66	28	0.336734693877551	100348139	0.9406847734052414	1.1439168025410502
196	67	37	0.34183673469387754	102748069	1.2140133458314672	1.1633599999821802
196	68	34	0.3469387755102041	104808595	1.093647648667483	1.1754683088533049
196	69	37	0.3520408163265306	106502823	1.1712133398042648	1.2119375208695202
196	70	27	0.35714285714285715	107653838	0.8455312283680899	1.2779813467535794
196	71	44	0.3622448979591837	108347572	1.3690802284302745	1.3192919389352569
196	72	28	0.3673469387755102	108657764	0.8687457105858782	1.3589873248270283
196	73	38	0.37244897959183676	108453420	1.1812334875063024	1.398132942999012
196	74	38	0.37755102040816324	107763156	1.1887997372551502	1.4436155689248893
196	75	29	0.3826530612244898	106556857	0.9175125248957556	1.4819829340662323
196	76	36	0.3877551020408163	105138862	1.1543423640084591	1.5043504656163942
196	77	36	0.39285714285714285	103487244	1.172765239648658	1.53948413902514
196	78	34	0.3979591836734694	101701814	1.1270563323668201	1.589788307562112
196	79	38	0.4030612244897959	99725497	1.2846144205085863	1.616404138475794
196	80	46	0.40816326530612246	97709481	1.58714472807375	1.6346685083799186
196	81	28	0.413265306122449	95588410	0.9875252281825031	1.7017072181204302
196	82	37	0.41836734693877553	93590730	1.332797885265052	1.7204764241128907
196	83	39	0.42346938775510207	91638976	1.434761733399979	1.7446677468997478
196	84	28	0.42857142857142855	89693399	1.052429358785396	1.7572236410824684
196	85	36	0.4336734693877551	87781586	1.382593412133601	1.7724926641191177
196	86	26	0.4387755102040816	85982442	1.0194336812218716	1.7970705021693194
196	87	39	0.44387755102040816	84215681	1.5612305747757247	1.8005751713908502
196	88	34	0.4489795918367347	82433805	1.390493541841148	1.8170025971746848
196	89	36	0.45408163265306123	80747617	1.5030318790737707	1.873658257356168
196	90	29	0.45918367346938777	79141562	1.2353464910261183	1.8885093121286052
196	91	26	0.4642857142857143	77471047	1.1314342681919096	1.8987328423619123
196	92	32	0.46938775510204084	75755717	1.4240655190887561	1.9014483316166535
196	93	40	0.4744897959183674	73951160	1.8235194764616591	1.9092743667628314
196	94	25	0.47959183673469385	72024887	1.1701804246403433	1.9395719749999305
196	95	34	0.4846938775510204	70005010	1.6373638612706793	1.9738724918476946
196	96	33	0.4897959183673469	67975743	1.6366483698121435	1.9979027099762041
196	97	33	0.49489795918367346	65936344	1.6872696030541097	2.0144043497317288
196	98	39	0.5	63950939	2.055952549074519	2.028483091168528
196	99	38	0.5051020408163265	62007593	2.066018133272578	2.054075172478896
196	100	42	0.5102040816326531	60210570	2.351646058080483	2.0912609048108854
196	101	41	0.5153061224489796	58350725	2.368825153091169	2.1225926970322715
196	102	28	0.5204081632653061	56278683	1.6772952273395	2.196557429447772
196	103	20	0.5255102040816326	53811200	1.2530047700751181	2.228613839001608
196	104	25	0.5306122448979592	50861132	1.657102575977521	2.306252398896138
196	105	32	0.5357142857142857	47409681	2.2755079169072223	2.3434773458994336
196	106	30	0.5408163265306123	43586790	2.3203942163485607	2.391992960661498
196	107	18	0.5459183673469388	39559489	1.5339713122967684	2.46550696393247
196	108	26	0.5510204081632653	35604959	2.4618311558371984	2.4986450947786807
196	109	21	0.5561224489795918	31825794	2.224515586245531	2.5495241959126043
196	110	15	0.5612244897959183	28379616	1.7818869611413926	2.5829942996120727
196	111	18	0.5663265306122449	25320534	2.396597214542141	2.6950817433085765
196	112	24	0.5714285714285714	22666693	3.569591220923115	2.7743515553768083
196	113	10	0.576530612244898	20343168	1.6572072325083829	2.8028105219815367
196	114	8	0.5816326530612245	18360370	1.468939684406495	2.857636394227707
196	115	11	0.5867346938775511	16642398	2.2282924405429076	2.857636394227707
196	116	14	0.5918367346938775	15155583	3.1142307886424647	2.8909389256569704
196	117	8	0.5969387755102041	13885924	1.9422745013861864	2.8909389256569704
196	118	14	0.6020408163265306	12774311	3.6947576427743405	2.9685737575055646
196	119	6	0.6071428571428571	11788550	1.7158774476114413	2.9303981432327912
196	120	3	0.6122448979591837	10873554	0.9301331967928728	2.9917700852702738
196	121	5	0.6173469387755102	10044683	1.67814380711333	3.006131390753835
196	122	8	0.6224489795918368	9284245	2.90495092636897	3.0029573430791987
196	123	8	0.6275510204081632	8572587	3.146107016865093	2.973954987107004
196	124	10	0.6326530612244898	7875599	4.2806706057194	2.9502232760283364
196	125	7	0.6377551020408163	7214215	3.271179414421828	2.9808660308650414
196	126	7	0.6428571428571429	6593205	3.579289829333862	2.931809777773547
196	127	6	0.6479591836734694	6014839	3.362967335458165	2.9140242222046497
196	128	5	0.6530612244897959	5462374	3.0859151297341683	2.840991566394852
196	129	4	0.6581632653061225	4937236	2.731313240179979	2.834935122015002
196	130	3	0.6632653061224489	4441089	2.277336379099795	2.810099862100167
196	131	4	0.6683673469387755	3979303	3.3888191114607857	2.763916337655255
196	132	1	0.673469387755102	3563338	0.9461029276968139	2.7636748675708236
196	133	0	0.6785714285714286	3198968	0.0	2.7108514386505282
196	134	1	0.6836734693877551	2867763	1.1755798907278285	2.668775697633908
196	135	2	0.6887755102040817	2563752	2.6299614893900105	2.598022274050965
196	136	1	0.6938775510204082	2305952	1.4619924934141342	2.4875992534436158
196	137	2	0.6989795918367347	2086950	3.230824422409075	2.329050523448647
196	138	1	0.7040816326530612	1892091	1.781777152459004	2.329050523448647
196	139	0	0.7091836734693877	1723468	0.0	2.2931554198063657
196	140	3	0.7142857142857143	1570675	6.439176495786797	2.2931554198063657
196	141	0	0.7193877551020408	1429498	0.0	2.145126838738619
196	142	1	0.7244897959183674	1313500	2.566642188179147	2.2486616016985974
196	143	0	0.7295918367346939	1200487	0.0	2.1877036450943135
196	144	1	0.7346938775510204	1104708	3.051742645272153	1.9560193425425725
196	145	2	0.7397959183673469	1015555	6.639294797767348	1.765723477891871
196	146	0	0.7448979591836735	937575	0.0	1.6622801877783149
196	147	1	0.75	870068	3.8747368184708666	0.0
196	148	1	0.7551020408163265	812893	4.147267246948011	0.0
196	149	1	0.7602040816326531	755361	4.463143469378628	0.0
196	150	1	0.7653061224489796	702969	4.795779777164156	0.0
196	151	0	0.7704081632653061	652719	0.0	0.0
196	152	0	0.7755102040816326	612218	0.0	0.0
196	153	1	0.7806122448979592	573246	5.881043241772833	0.0
196	154	0	0.7857142857142857	539630	0.0	0.0
196	155	0	0.7908163265306123	506932	0.0	0.0
196	156	0	0.7959183673469388	472970	0.0	0.0
196	157	0	0.8010204081632653	431708	0.0	0.0
196	158	0	0.8061224489795918	384920	0.0	0.0
196	159	0	0.8112244897959183	338744	0.0	0.0
196	160	0	0.8163265306122449	288920	0.0	0.0
196	161	0	0.8214285714285714	245562	0.0	0.0
196	162	0	0.826530612244898	205458	0.0	0.0
196	163	0	0.8316326530612245	169558	0.0	0.0
196	164	0	0.8367346938775511	140347	0.0	0.0
196	165	0	0.8418367346938775	117431	0.0	0.0
196	166	0	0.8469387755102041	94234	0.0	0.0
196	167	0	0.8520408163265306	75035	0.0	0.0
196	168	0	0.8571428571428571	58638	0.0	0.0
196	169	0	0.8622448979591837	46663	0.0	0.0
196	170	0	0.8673469387755102	36451	0.0	0.0
196	171	0	0.8724489795918368	27814	0.0	0.0
196	172	0	0.8775510204081632	22459	0.0	0.0
196	173	0	0.8826530612244898	17246	0.0	0.0
196	174	0	0.8877551020408163	12667	0.0	0.0
196	175	0	0.8928571428571429	8644	0.0	0.0
196	176	0	0.8979591836734694	6662	0.0	0.0
196	177	0	0.9030612244897959	4363	0.0	0.0
196	178	0	0.9081632653061225	3396	0.0	0.0
196	179	0	0.9132653061224489	2735	0.0	0.0
196	180	0	0.9183673469387755	1874	0.0	0.0
196	181	0	0.923469387755102	1642	0.0	0.0
196	182	0	0.9285714285714286	1150	0.0	0.0
196	183	0	0.9336734693877551	745	0.0	0.0
196	184	0	0.9387755102040817	568	0.0	0.0
196	185	0	0.9438775510204082	313	0.0	0.0
196	186	0	0.9489795918367347	213	0.0	0.0
196	187	0	0.9540816326530612	122	0.0	0.0
196	188	0	0.9591836734693877	124	0.0	0.0
196	189	0	0.9642857142857143	163	0.0	0.0
196	190	0	0.9693877551020408	55	0.0	0.0
196	191	0	0.9744897959183674	7	0.0	0.0
196	192	0	0.9795918367346939	22	0.0	0.0
196	193	0	0.9846938775510204	2	0.0	0.0
196	194	0	0.9897959183673469	0		
196	195	0	0.9948979591836735	0		
196	196	0	1.0	0		
197	0	0	0.0	61705	0.0	0.0
197	1	0	0.005076142131979695	51118	0.0	0.0
197	2	0	0.01015228426395939	59937	0.0	0.0
197	3	0	0.015228426395939087	67045	0.0	0.0
197	4	0	0.02030456852791878	68045	0.0	0.0
197	5	0	0.025380710659898477	75533	0.0	0.0
197	6	0	0.030456852791878174	78966	0.0	0.0
197	7	0	0.03553299492385787	82434	0.0	0.0
197	8	0	0.04060913705583756	88010	0.0	0.0
197	9	0	0.04568527918781726	89858	0.0	0.0
197	10	0	0.050761421319796954	92168	0.0	0.0
197	11	0	0.05583756345177665	94406	0.0	0.0
197	12	0	0.06091370558375635	94629	0.0	0.0
197	13	0	0.06598984771573604	94174	0.0	0.0
197	14	0	0.07106598984771574	96849	0.0	0.0
197	15	0	0.07614213197969544	98039	0.0	0.0
197	16	0	0.08121827411167512	100152	0.0	0.0
197	17	0	0.08629441624365482	104379	0.0	0.0
197	18	0	0.09137055837563451	108206	0.0	0.0
197	19	0	0.09644670050761421	112080	0.0	0.0
197	20	0	0.10152284263959391	117827	0.0	0.0
197	21	0	0.1065989847715736	124385	0.0	0.0
197	22	0	0.1116751269035533	133821	0.0	0.0
197	23	0	0.116751269035533	139211	0.0	0.0
197	24	0	0.1218274111675127	151660	0.0	0.0
197	25	0	0.12690355329949238	162512	0.0	0.0
197	26	0	0.1319796954314721	176074	0.0	0.0
197	27	0	0.13705583756345177	193215	0.0	0.0
197	28	0	0.14213197969543148	220596	0.0	0.0
197	29	0	0.14720812182741116	247147	0.0	0.0
197	30	0	0.15228426395939088	288903	0.0	0.0
197	31	0	0.15736040609137056	338889	0.0	0.0
197	32	0	0.16243654822335024	409043	0.0	0.0
197	33	0	0.16751269035532995	498200	0.0	0.0
197	34	0	0.17258883248730963	623539	0.0	0.0
197	35	0	0.17766497461928935	795768	0.0	0.0
197	36	0	0.18274111675126903	1032515	0.0	0.0
197	37	0	0.18781725888324874	1347491	0.0	0.0
197	38	0	0.19289340101522842	1778695	0.0	0.0
197	39	0	0.19796954314720813	2346433	0.0	0.0
197	40	0	0.20304568527918782	3074193	0.0	0.0
197	41	1	0.20812182741116753	4010335	0.626531220045783	0.0
197	42	0	0.2131979695431472	5201847	0.0	0.0
197	43	0	0.2182741116751269	6664637	0.0	0.0
197	44	1	0.2233502538071066	8492072	0.2958759747140987	0.28549796155336327
197	45	1	0.22842639593908629	10635938	0.23623681149159625	0.37652459829909773
197	46	4	0.233502538071066	13168396	0.7632213005569715	0.4183968092964755
197	47	2	0.23857868020304568	16103182	0.3120625576165388	0.4474114568446315
197	48	1	0.2436548223350254	19434358	0.12928649767295144	0.5093452399264825
197	49	2	0.24873096446700507	23182068	0.21677100423847478	0.519268226065739
197	50	10	0.25380710659898476	27283717	0.9209156070422169	0.5503183255802199
197	51	3	0.25888324873096447	31678560	0.23794642941557054	0.6087854077093499
197	52	3	0.2639593908629442	36372303	0.20724011457363356	0.6533155319530511
197	53	5	0.26903553299492383	41337264	0.30391465680243196	0.6907259372692711
197	54	9	0.27411167512690354	46451882	0.4868134454289871	0.7253751631628998
197	55	6	0.27918781725888325	51688542	0.2916623278337747	0.7669510798665854
197	56	10	0.28426395939086296	56846938	0.44199391712924013	0.7900696438608008
197	57	9	0.2893401015228426	62002840	0.3647155634013014	0.8506195162549999
197	58	11	0.29441624365482233	67092183	0.41194964372772547	0.8941756856329407
197	59	5	0.29949238578680204	71936318	0.17464058143358863	0.9430330611738831
197	60	7	0.30456852791878175	76608446	0.2295856590328975	0.9681578773268208
197	61	21	0.3096446700507614	81026840	0.651199055611553	1.0324669020269857
197	62	14	0.3147208121827411	85286685	0.4124489200722513	1.0601883582232228
197	63	16	0.3197969543147208	89241546	0.45048078039209327	1.0891255381300218
197	64	17	0.3248730964467005	92813526	0.4602152639456796	1.1385945410701555
197	65	16	0.3299492385786802	96129414	0.4182029163880775	1.1437401063750905
197	66	23	0.3350253807106599	99014096	0.5836522695503176	1.162785807241739
197	67	32	0.3401015228426396	101510897	0.7920647432654819	1.1725929323443058
197	68	42	0.34517766497461927	103678951	1.017845978923695	1.2054145213915808
197	69	40	0.350253807106599	105498644	0.9526568247994943	1.2222617936203843
197	70	36	0.3553299492385787	106836531	0.8466542487449634	1.2767702715918576
197	71	32	0.3604060913705584	107692366	0.7466007624993007	1.3404970556702143
197	72	32	0.36548223350253806	108138133	0.7435231249179581	1.3673022863569453
197	73	35	0.37055837563451777	108125938	0.8133201379670869	1.400815098640474
197	74	40	0.3756345177664975	107629825	0.9337932419168405	1.4296839440823161
197	75	40	0.38071065989847713	106620593	0.9426321912662051	1.4792001396984977
197	76	40	0.38578680203045684	105281853	0.9546184869456297	1.5057423074810594
197	77	44	0.39086294416243655	103726293	1.0658281554037743	1.5305528162237045
197	78	41	0.39593908629441626	102032114	1.0096488179597505	1.577404081873242
197	79	58	0.4010152284263959	100134709	1.4553475624506353	1.629253795913263
197	80	25	0.40609137055837563	98148174	0.6400017386829594	1.6401601532099341
197	81	40	0.41116751269035534	96109937	1.045719166517529	1.7028674185855934
197	82	33	0.41624365482233505	94041120	0.8816973112538012	1.7182197464120625
197	83	28	0.4213197969543147	92111863	0.7637756957492494	1.764792260544144
197	84	28	0.4263959390862944	90193047	0.7800246758442982	1.7657490438082981
197	85	31	0.43147208121827413	88283168	0.882281461519499	1.772430838832935
197	86	47	0.4365482233502538	86456126	1.36592060319807	1.7898616231418052
197	87	43	0.4416243654822335	84704592	1.2755129433209373	1.8009080038520089
197	88	34	0.4467005076142132	82929724	1.0301300741292516	1.811224900293614
197	89	26	0.4517766497461929	81217401	0.8043547476839347	1.8737704622911697
197	90	33	0.45685279187817257	79585062	1.0418513294780882	1.8947262688506048
197	91	38	0.4619289340101523	77964741	1.2246408033729965	1.8989121981836674
197	92	26	0.467005076142132	76255792	0.8566903624697773	1.9152847653829665
197	93	28	0.4720812182741117	74498180	0.9443559862748935	1.9152847653829665
197	94	27	0.47715736040609136	72618968	0.9341939721484647	1.949681079194113
197	95	32	0.48223350253807107	70627083	1.1384188494795087	1.9829527897931543
197	96	28	0.4873096446700508	68568146	1.0260274829304055	1.990567571636126
197	97	23	0.49238578680203043	66515741	0.8688139225250912	2.029311639933362
197	98	30	0.49746192893401014	64487562	1.1688766030613649	2.03993493169323
197	99	26	0.5025380710659898	62510691	1.045062869148254	2.061982596218034
197	100	34	0.5076142131979695	60666228	1.4081706667445746	2.0942637377555955
197	101	32	0.5126903553299492	58866888	1.3658476828425816	2.1328201657523596
197	102	22	0.5177664974619289	56976509	0.9701753009741386	2.178099734664168
197	103	25	0.5228426395939086	54774526	1.1467922517222264	2.23486156262338
197	104	31	0.5279187817258884	52143321	1.4937790880372093	2.2639836539335882
197	105	35	0.5329949238578681	49002226	1.7946328154965998	2.3023431734375186
197	106	22	0.5380710659898477	45419869	1.2170268867911247	2.34962201139349
197	107	31	0.5431472081218274	41516883	1.8761187464533757	2.3971439550162725
197	108	23	0.5482233502538071	37532678	1.5397196503770134	2.463528521498754
197	109	18	0.5532994923857868	33675041	1.3430362696859521	2.5064010359823325
197	110	14	0.5583756345177665	30080339	1.1694150496373155	2.5560828748178706
197	111	13	0.5634517766497462	26820795	1.2178535738575225	2.6370856195653203
197	112	15	0.5685279187817259	23971381	1.5722498927005741	2.67558250719656
197	113	12	0.5736040609137056	21493679	1.4027938615863604	2.7911842473006105
197	114	10	0.5786802030456852	19347827	1.2986471712519991	2.8505440574056258
197	115	11	0.583756345177665	17498949	1.5794434787920897	2.8748101084536226
197	116	6	0.5888324873096447	15897542	0.948297572168945	2.8988417726863385
197	117	15	0.5939086294416244	14520074	2.595648011513893	2.902257707146593
197	118	5	0.5989847715736041	13336461	0.9420040595261012	2.95457861713869
197	119	12	0.6040609137055838	12286277	2.4540551189027937	2.9303888006292422
197	120	10	0.6091370558375635	11347771	2.214179401701273	2.968920017159059
197	121	11	0.6142131979695431	10473764	2.6388412879806493	3.0130755895719896
197	122	5	0.6192893401015228	9681837	1.2975843738860227	3.014883680267281
197	123	5	0.6243654822335025	8957729	1.4024760518778283	3.0130755895719896
197	124	3	0.6294416243654822	8256806	0.9129196254613365	2.9319968747320417
197	125	3	0.6345177664974619	7580343	0.9943877527741048	2.982778190628675
197	126	4	0.6395939086294417	6938447	1.4485086246777155	2.9319968747320417
197	127	5	0.6446700507614214	6339826	1.9816001892972341	2.994518436580963
197	128	3	0.649746192893401	5780586	1.303985485386242	2.9319968747320417
197	129	5	0.6548223350253807	5242753	2.3962602094188927	2.9540851879181873
197	130	6	0.6598984771573604	4729991	3.187236610398166	2.9319968747320417
197	131	2	0.6649746192893401	4251088	1.1820974208684014	2.8897609264714146
197	132	3	0.6700507614213198	3810794	1.9780130442702797	2.8708685308003394
197	133	0	0.6751269035532995	3414577	0.0	2.8897609264714146
197	134	2	0.6802030456852792	3069266	1.6372644667111325	2.8327006250053652
197	135	0	0.6852791878172588	2747304	0.0	2.7057054993380047
197	136	2	0.6903553299492385	2460269	2.042540941939524	2.6173576755558665
197	137	2	0.6954314720812182	2221239	2.2623410451034807	2.340441029196583
197	138	2	0.700507614213198	2011830	2.49782544284786	2.3218078140687735
197	139	2	0.7055837563451777	1826093	2.75188621865623	2.3218078140687735
197	140	1	0.7106598984771574	1666701	1.507528993108125	2.283209119759583
197	141	0	0.7157360406091371	1519405	0.0	2.0647384999080853
197	142	1	0.7208121827411168	1386722	1.8118989100499632	1.8831262239382152
197	143	2	0.7258883248730964	1273854	3.944879209614768	2.0226452734876244
197	144	6	0.7309644670050761	1166209	12.927014353391057	1.9234998717744645
197	145	2	0.7360406091370558	1074546	4.67657983993669	1.6792333223286837
197	146	1	0.7411167512690355	987145	2.5453201711423405	1.608601915831083
197	147	1	0.7461928934010152	913942	2.7491898614379306	0.0
197	148	2	0.751269035532995	851553	5.901218316046812	0.0
197	149	0	0.7563451776649747	793027	0.0	0.0
197	150	0	0.7614213197969543	736875	0.0	0.0
197	151	1	0.766497461928934	687350	3.6554885870987204	0.0
197	152	0	0.7715736040609137	638133	0.0	0.0
197	153	1	0.7766497461928934	599679	4.189908401565346	0.0
197	154	0	0.7817258883248731	561268	0.0	0.0
197	155	1	0.7868020304568528	530064	4.740182469177883	0.0
197	156	1	0.7918781725888325	496183	5.063857649984593	0.0
197	157	0	0.7969543147208121	462726	0.0	0.0
197	158	0	0.8020304568527918	419736	0.0	0.0
197	159	0	0.8071065989847716	372876	0.0	0.0
197	160	0	0.8121827411167513	327303	0.0	0.0
197	161	0	0.817258883248731	278050	0.0	0.0
197	162	0	0.8223350253807107	236274	0.0	0.0
197	163	0	0.8274111675126904	197230	0.0	0.0
197	164	0	0.8324873096446701	162180	0.0	0.0
197	165	0	0.8375634517766497	135463	0.0	0.0
197	166	0	0.8426395939086294	112475	0.0	0.0
197	167	0	0.8477157360406091	90153	0.0	0.0
197	168	1	0.8527918781725888	71379	35.20083050116008	0.0
197	169	0	0.8578680203045685	56421	0.0	0.0
197	170	0	0.8629441624365483	44407	0.0	0.0
197	171	0	0.868020304568528	34765	0.0	0.0
197	172	0	0.8730964467005076	26724	0.0	0.0
197	173	0	0.8781725888324873	21479	0.0	0.0
197	174	0	0.883248730964467	16350	0.0	0.0
197	175	0	0.8883248730964467	12054	0.0	0.0
197	176	0	0.8934010152284264	8262	0.0	0.0
197	177	0	0.8984771573604061	6308	0.0	0.0
197	178	0	0.9035532994923858	4122	0.0	0.0
197	179	0	0.9086294416243654	3253	0.0	0.0
197	180	0	0.9137055837563451	2620	0.0	0.0
197	181	0	0.9187817258883249	1804	0.0	0.0
197	182	0	0.9238578680203046	1625	0.0	0.0
197	183	0	0.9289340101522843	1069	0.0	0.0
197	184	0	0.934010152284264	727	0.0	0.0
197	185	0	0.9390862944162437	544	0.0	0.0
197	186	0	0.9441624365482234	292	0.0	0.0
197	187	0	0.949238578680203	208	0.0	0.0
197	188	0	0.9543147208121827	119	0.0	0.0
197	189	0	0.9593908629441624	127	0.0	0.0
197	190	0	0.9644670050761421	154	0.0	0.0
197	191	0	0.9695431472081218	51	0.0	0.0
197	192	0	0.9746192893401016	9	0.0	0.0
197	193	0	0.9796954314720813	21	0.0	0.0
197	194	0	0.9847715736040609	0		
197	195	0	0.9898477157360406	0		
197	196	0	0.9949238578680203	0		
197	197	0	1.0	0		
198	0	0	0.0	61023	0.0	0.0
198	1	0	0.005050505050505051	50584	0.0	0.0
198	2	0	0.010101010101010102	59330	0.0	0.0
198	3	0	0.015151515151515152	66480	0.0	0.0
198	4	0	0.020202020202020204	67283	0.0	0.0
198	5	0	0.025252525252525252	74927	0.0	0.0
198	6	0	0.030303030303030304	78293	0.0	0.0
198	7	0	0.03535353535353535	81668	0.0	0.0
198	8	0	0.04040404040404041	87185	0.0	0.0
198	9	0	0.045454545454545456	89114	0.0	0.0
198	10	0	0.050505050505050504	91279	0.0	0.0
198	11	0	0.05555555555555555	93610	0.0	0.0
198	12	0	0.06060606060606061	93933	0.0	0.0
198	13	0	0.06565656565656566	93096	0.0	0.0
198	14	0	0.0707070707070707	96247	0.0	0.0
198	15	0	0.07575757575757576	96971	0.0	0.0
198	16	0	0.08080808080808081	99235	0.0	0.0
198	17	0	0.08585858585858586	103206	0.0	0.0
198	18	0	0.09090909090909091	106807	0.0	0.0
198	19	0	0.09595959595959595	110573	0.0	0.0
198	20	0	0.10101010101010101	116224	0.0	0.0
198	21	0	0.10606060606060606	122330	0.0	0.0
198	22	0	0.1111111111111111	131725	0.0	0.0
198	23	0	0.11616161616161616	136996	0.0	0.0
198	24	0	0.12121212121212122	148728	0.0	0.0
198	25	0	0.12626262626262627	159343	0.0	0.0
198	26	0	0.13131313131313133	172219	0.0	0.0
198	27	0	0.13636363636363635	187652	0.0	0.0
198	28	0	0.1414141414141414	215093	0.0	0.0
198	29	0	0.14646464646464646	238797	0.0	0.0
198	30	0	0.15151515151515152	278509	0.0	0.0
198	31	0	0.15656565656565657	325109	0.0	0.0
198	32	0	0.16161616161616163	390275	0.0	0.0
198	33	0	0.16666666666666666	474329	0.0	0.0
198	34	0	0.1717171717171717	589123	0.0	0.0
198	35	0	0.17676767676767677	748016	0.0	0.0
198	36	0	0.18181818181818182	967772	0.0	0.0
198	37	0	0.18686868686868688	1260041	0.0	0.0
198	38	0	0.1919191919191919	1657929	0.0	0.0
198	39	0	0.19696969696969696	2188661	0.0	0.0
198	40	1	0.20202020202020202	2867281	1.569735002314367	0.0
198	41	0	0.20707070707070707	3740506	0.0	0.0
198	42	0	0.21212121212121213	4861724	0.0	0.0
198	43	0	0.21717171717171718	6233940	0.0	0.0
198	44	1	0.2222222222222222	7957490	0.5656144521917013	0.19445678128474717
198	45	3	0.22727272727272727	10004637	1.3496355781337015	0.36606507565041324
198	46	0	0.23232323232323232	12408580	0.0	0.4004531726081665
198	47	2	0.23737373737373738	15213693	0.5916868898525742	0.43379796959425104
198	48	0	0.24242424242424243	18409255	0.0	0.4861923304345082
198	49	4	0.2474747474747475	22027553	0.8173166301624044	0.5237821268245698
198	50	3	0.25252525252525254	25994757	0.5194360555673908	0.5314301457862989
198	51	4	0.25757575757575757	30278219	0.5946018617767367	0.5930778307782818
198	52	4	0.26262626262626265	34852285	0.5165654242952439	0.6385745768689081
198	53	2	0.2676767676767677	39715958	0.22665304194202948	0.699635215444102
198	54	11	0.2727272727272727	44729941	1.1068555806697877	0.7288884365848481
198	55	8	0.2777777777777778	49912581	0.7214006980998944	0.778471005616758
198	56	10	0.2828282828282828	55057770	0.8174815920025349	0.8057792634751545
198	57	8	0.2878787878787879	60160471	0.5985154401029793	0.8615953427220994
198	58	12	0.29292929292929293	65254847	0.827684971294949	0.9101495884484947
198	59	18	0.29797979797979796	70122110	1.155351489695289	0.9386426418965483
198	60	16	0.30303030303030304	74830319	0.9623631506199385	0.9745036961000417
198	61	16	0.30808080808080807	79265663	0.9085137098359355	1.024084805006335
198	62	14	0.31313131313131315	83560215	0.7540933069690302	1.0684525090503836
198	63	26	0.3181818181818182	87583668	1.3361241621719298	1.1163107589564363
198	64	21	0.32323232323232326	91256196	1.035746638952491	1.1351385032832295
198	65	17	0.3282828282828283	94628035	0.8085850340430929	1.1680910426552236
198	66	22	0.3333333333333333	97658324	1.013934763387509	1.1806177389796952
198	67	20	0.3383838383838384	100256391	0.8978722059067418	1.206501118033215
198	68	17	0.3434343434343434	102508213	0.7464261707684435	1.237854607686564
198	69	19	0.3484848484848485	104456064	0.8186844527881874	1.2574163549871054
198	70	26	0.35353535353535354	105963319	1.1043694755016542	1.2920322395744392
198	71	31	0.35858585858585856	106977276	1.304267756474741	1.37955715652666
198	72	33	0.36363636363636365	107579430	1.3806426977410182	1.4025884917288591
198	73	22	0.3686868686868687	107726462	0.9191722052262395	1.4213470315610184
198	74	32	0.37373737373737376	107435732	1.3405957257262424	1.4589996028331302
198	75	32	0.3787878787878788	106616379	1.3508982809242667	1.5078512280448495
198	76	28	0.3838383838383838	105388857	1.195803819380889	1.538689942351847
198	77	39	0.3888888888888889	103932219	1.6889274974458754	1.5602820486772142
198	78	32	0.3939393939393939	102306517	1.4078075115143456	1.5938694975555694
198	79	32	0.398989898989899	100518038	1.4328560920525537	1.6682641561043345
198	80	34	0.40404040404040403	98569650	1.552502477221051	1.6759611602183393
198	81	29	0.4090909090909091	96585091	1.3514018335185631	1.7217686347226326
198	82	45	0.41414141414141414	94530445	2.1425817959779234	1.7577419686684683
198	83	37	0.41919191919191917	92560192	1.7991777701295693	1.801383502167205
198	84	35	0.42424242424242425	90683848	1.7371395306359618	1.8153263487228224
198	85	22	0.4292929292929293	88766007	1.1155077600568504	1.8182839734217886
198	86	34	0.43434343434343436	86945938	1.7600549183081098	1.8352639968402453
198	87	38	0.4393939393939394	85161913	2.0083286667420883	1.844028672791695
198	88	36	0.4444444444444444	83441109	1.9418649924481932	1.839043591178535
198	89	24	0.4494949494949495	81682491	1.322448801568779	1.854726941981526
198	90	31	0.45454545454545453	80051164	1.7429729286921944	1.9069476718974425
198	91	26	0.4595959595959596	78416001	1.4923313295005245	1.9376363518840083
198	92	38	0.46464646464646464	76771386	2.227823673686127	1.9490994355311624
198	93	31	0.4696969696969697	75011826	1.8600668614879359	1.9576628668496703
198	94	34	0.47474747474747475	73201680	2.090520679358889	1.9771113588856004
198	95	20	0.4797979797979798	71249701	1.2634077852960928	2.007272640627083
198	96	25	0.48484848484848486	69181898	1.6264628021519951	2.045597925595274
198	97	25	0.4898989898989899	67124228	1.6763214569748721	2.0742510380586583
198	98	17	0.494949494949495	65053177	1.1761887186832702	2.0890897150000747
198	99	26	0.5	63048657	1.8560689568129016	2.1136253243263723
198	100	33	0.5050505050505051	61131826	2.4296469478376292	2.1251165015183022
198	101	25	0.51010101010101	59347504	1.895981736304757	2.162250485124009
198	102	19	0.5151515151515151	57552785	1.4858804069385672	2.1783512238558953
198	103	32	0.5202020202020202	55569162	2.5918671062462684	2.2802011447799457
198	104	22	0.5252525252525253	53229283	1.8602386516790146	2.2956665936504344
198	105	22	0.5303030303030303	50412620	1.9641742412467493	2.367020395845971
198	106	25	0.5353535353535354	47099340	2.3890310072131267	2.408203988883942
198	107	27	0.5404040404040404	43400607	2.8000420909692667	2.4140538855958362
198	108	22	0.5454545454545454	39467221	2.508896424142979	2.4700163700276585
198	109	17	0.5505050505050505	35565783	2.1513602808043335	2.5507117131701476
198	110	17	0.5555555555555556	31840197	2.403088551930316	2.5897880529964628
198	111	20	0.5606060606060606	28426698	3.1666508344873123	2.640773787117998
198	112	22	0.5656565656565656	25371341	3.9027960578733576	2.7167441785451163
198	113	12	0.5707070707070707	22713648	2.377885585179945	2.8021483281267003
198	114	8	0.5757575757575758	20417236	1.763557553890621	2.8893500033022823
198	115	7	0.5808080808080808	18416291	1.7107733272783636	2.9368298866735625
198	116	6	0.5858585858585859	16701864	1.6168990528856924	2.983690571163754
198	117	7	0.5909090909090909	15204058	2.072216472089003	2.983690571163754
198	118	7	0.5959595959595959	13930571	2.261651688950624	2.983690571163754
198	119	11	0.601010101010101	12818279	3.862420596312527	3.0638162056850344
198	120	7	0.6060606060606061	11828524	2.663569810586391	2.983690571163754
198	121	3	0.6111111111111112	10926759	1.2357382496962568	3.0137747384583093
198	122	6	0.6161616161616161	10090268	2.6763638074851577	3.069370084350746
198	123	10	0.6212121212121212	9346093	4.81577847253493	3.0833462477932745
198	124	5	0.6262626262626263	8634469	2.606339398039961	3.0173584173733334
198	125	6	0.6313131313131313	7951073	3.396425624947179	3.0137747384583093
198	126	10	0.6363636363636364	7297801	6.167435022099041	3.0137747384583093
198	127	5	0.6414141414141414	6672917	3.372491630849702	3.0075165264720893
198	128	1	0.6464646464646465	6096098	0.7383200445876921	3.0173584173733334
198	129	3	0.6515151515151515	5554748	2.4308238720303463	2.954842247209008
198	130	1	0.6565656565656566	5028978	0.8949872811475693	3.0146024110473437
198	131	1	0.6616161616161617	4531327	0.9932788666920177	2.9645681477452483
198	132	2	0.6666666666666666	4072098	2.2105908782995596	2.9258899654875634
198	133	4	0.6717171717171717	3645795	4.938150770595648	2.8743638115854373
198	134	1	0.6767676767676768	3277628	1.3732099393741268	2.8743638115854373
198	135	0	0.6818181818181818	2942499	0.0	2.719836044668253
198	136	0	0.6868686868686869	2633742	0.0	2.594489450960904
198	137	2	0.6919191919191919	2364528	3.806993486371014	2.431676166649566
198	138	0	0.696969696969697	2141334	0.0	2.361605745239839
198	139	5	0.702020202020202	1939273	11.604532593324768	2.361605745239839
198	140	0	0.7070707070707071	1765460	0.0	2.2886227640004115
198	141	1	0.7121212121212122	1610660	2.79442672393363	2.226839463063519
198	142	2	0.7171717171717171	1471737	6.116407139551347	1.933492074900517
198	143	0	0.7222222222222222	1345959	0.0	1.8253485918972783
198	144	0	0.7272727272727273	1235841	0.0	1.822374193211709
198	145	1	0.7323232323232324	1134313	3.967927148124848	1.658133274133156
198	146	0	0.7373737373737373	1044066	0.0	0.0
198	147	0	0.7424242424242424	960525	0.0	0.0
198	148	1	0.7474747474747475	892701	5.041857628893594	0.0
198	149	0	0.7525252525252525	831747	0.0	0.0
198	150	1	0.7575757575757576	774690	5.809899891790187	0.0
198	151	0	0.7626262626262627	719005	0.0	0.0
198	152	0	0.7676767676767676	672010	0.0	0.0
198	153	0	0.7727272727272727	624194	0.0	0.0
198	154	0	0.7777777777777778	587273	0.0	0.0
198	155	0	0.7828282828282829	550101	0.0	0.0
198	156	0	0.7878787878787878	520613	0.0	0.0
198	157	0	0.7929292929292929	485843	0.0	0.0
198	158	0	0.797979797979798	451983	0.0	0.0
198	159	0	0.803030303030303	407656	0.0	0.0
198	160	0	0.8080808080808081	361065	0.0	0.0
198	161	0	0.8131313131313131	316212	0.0	0.0
198	162	0	0.8181818181818182	267457	0.0	0.0
198	163	0	0.8232323232323232	227600	0.0	0.0
198	164	0	0.8282828282828283	188759	0.0	0.0
198	165	0	0.8333333333333334	155607	0.0	0.0
198	166	0	0.8383838383838383	130418	0.0	0.0
198	167	0	0.8434343434343434	107881	0.0	0.0
198	168	0	0.8484848484848485	86036	0.0	0.0
198	169	0	0.8535353535353535	68075	0.0	0.0
198	170	0	0.8585858585858586	54290	0.0	0.0
198	171	0	0.8636363636363636	42156	0.0	0.0
198	172	0	0.8686868686868687	33319	0.0	0.0
198	173	0	0.8737373737373737	25630	0.0	0.0
198	174	0	0.8787878787878788	20440	0.0	0.0
198	175	0	0.8838383838383839	15621	0.0	0.0
198	176	0	0.8888888888888888	11414	0.0	0.0
198	177	0	0.8939393939393939	7899	0.0	0.0
198	178	0	0.898989898989899	5982	0.0	0.0
198	179	0	0.9040404040404041	3881	0.0	0.0
198	180	0	0.9090909090909091	3132	0.0	0.0
198	181	0	0.9141414141414141	2513	0.0	0.0
198	182	0	0.9191919191919192	1741	0.0	0.0
198	183	0	0.9242424242424242	1607	0.0	0.0
198	184	0	0.9292929292929293	982	0.0	0.0
198	185	0	0.9343434343434344	714	0.0	0.0
198	186	0	0.9393939393939394	518	0.0	0.0
198	187	0	0.9444444444444444	274	0.0	0.0
198	188	0	0.9494949494949495	207	0.0	0.0
198	189	0	0.9545454545454546	114	0.0	0.0
198	190	0	0.9595959595959596	128	0.0	0.0
198	191	0	0.9646464646464646	147	0.0	0.0
198	192	0	0.9696969696969697	47	0.0	0.0
198	193	0	0.9747474747474747	13	0.0	0.0
198	194	0	0.9797979797979798	16	0.0	0.0
198	195	0	0.9848484848484849	0		
198	196	0	0.98989898989899	0		
198	197	0	0.9949494949494949	0		
198	198	0	1.0	0		
199	0	0	0.0	60347	0.0	0.0
199	1	0	0.005025125628140704	50059	0.0	0.0
199	2	0	0.010050251256281407	58725	0.0	0.0
199	3	0	0.01507537688442211	65937	0.0	0.0
199	4	0	0.020100502512562814	66509	0.0	0.0
199	5	0	0.02512562814070352	74350	0.0	0.0
199	6	0	0.03015075376884422	77587	0.0	0.0
199	7	0	0.035175879396984924	80976	0.0	0.0
199	8	0	0.04020100502512563	86333	0.0	0.0
199	9	0	0.04522613065326633	88353	0.0	0.0
199	10	0	0.05025125628140704	90536	0.0	0.0
199	11	0	0.05527638190954774	92692	0.0	0.0
199	12	0	0.06030150753768844	93201	0.0	0.0
199	13	0	0.06532663316582915	92224	0.0	0.0
199	14	0	0.07035175879396985	95410	0.0	0.0
199	15	0	0.07537688442211055	96149	0.0	0.0
199	16	0	0.08040201005025126	98331	0.0	0.0
199	17	0	0.08542713567839195	101844	0.0	0.0
199	18	0	0.09045226130653267	105557	0.0	0.0
199	19	0	0.09547738693467336	109199	0.0	0.0
199	20	0	0.10050251256281408	114645	0.0	0.0
199	21	0	0.10552763819095477	120288	0.0	0.0
199	22	0	0.11055276381909548	129640	0.0	0.0
199	23	0	0.11557788944723618	134934	0.0	0.0
199	24	0	0.12060301507537688	145875	0.0	0.0
199	25	0	0.12562814070351758	156321	0.0	0.0
199	26	0	0.1306532663316583	168402	0.0	0.0
199	27	0	0.135678391959799	182666	0.0	0.0
199	28	0	0.1407035175879397	209613	0.0	0.0
199	29	0	0.1457286432160804	231138	0.0	0.0
199	30	0	0.1507537688442211	268652	0.0	0.0
199	31	0	0.15577889447236182	312271	0.0	0.0
199	32	0	0.16080402010050251	372618	0.0	0.0
199	33	0	0.1658291457286432	452137	0.0	0.0
199	34	0	0.1708542713567839	557747	0.0	0.0
199	35	0	0.17587939698492464	704011	0.0	0.0
199	36	0	0.18090452261306533	907002	0.0	0.0
199	37	0	0.18592964824120603	1179610	0.0	0.0
199	38	0	0.19095477386934673	1546188	0.0	0.0
199	39	0	0.19597989949748743	2042421	0.0	0.0
199	40	0	0.20100502512562815	2673960	0.0	0.0
199	41	0	0.20603015075376885	3490306	0.0	0.0
199	42	0	0.21105527638190955	4540340	0.0	0.0
199	43	0	0.21608040201005024	5832542	0.0	0.0
199	44	2	0.22110552763819097	7453605	1.1252312954749326	0.0
199	45	1	0.22613065326633167	9402616	0.4459944769683477	0.3036575380341503
199	46	0	0.23115577889447236	11688864	0.0	0.380295849368488
199	47	0	0.23618090452261306	14371613	0.0	0.42245064644134117
199	48	2	0.24120603015075376	17422511	0.4813904040645138	0.47605855200824254
199	49	3	0.24623115577889448	20920668	0.6013452541363714	0.526027513023568
199	50	5	0.25125628140703515	24747223	0.8472697734720007	0.5432283755804185
199	51	2	0.2562814070351759	28924256	0.28996526687180596	0.5949189487846837
199	52	2	0.2613065326633166	33377192	0.2512802637833774	0.6434198367632599
199	53	1	0.2663316582914573	38128656	0.10998328409619834	0.7004357070502746
199	54	6	0.271356783919598	43054002	0.5844076662217209	0.7391992748787451
199	55	2	0.27638190954773867	48165368	0.17412987709568492	0.7817184061977215
199	56	6	0.2814070351758794	53284550	0.47220233314019366	0.8257410923523336
199	57	10	0.2864321608040201	58352536	0.7186516803749914	0.8719027512339275
199	58	14	0.2914572864321608	63423996	0.9256623829056599	0.9213362890644093
199	59	14	0.2964824120603015	68313408	0.8594097262832948	0.9444076343738661
199	60	15	0.3015075376884422	73053591	0.8610490081974651	1.021537146332606
199	61	19	0.3065326633165829	77519420	1.0278299463028766	1.0541511558425185
199	62	21	0.31155778894472363	81834118	1.0761258636176485	1.1047350118696018
199	63	18	0.3165829145728643	85910843	0.8786232779833846	1.1537999421327447
199	64	21	0.32160804020100503	89683625	0.9819385746967584	1.192402836769102
199	65	22	0.32663316582914576	93122461	0.9907097033356194	1.2157114266188702
199	66	21	0.3316582914572864	96240262	0.9150412631476271	1.226586846366235
199	67	16	0.33668341708542715	98985349	0.6778400799583733	1.2366728366820634
199	68	24	0.3417085427135678	101336298	0.9931718180715584	1.2581579088203172
199	69	22	0.34673366834170855	103363169	0.8925551200079092	1.2918995824345427
199	70	34	0.35175879396984927	105026791	1.3575536490669642	1.3229984008695899
199	71	23	0.35678391959798994	106217915	0.9080468253989641	1.3845797386251397
199	72	23	0.36180904522613067	106971373	0.9016509540010018	1.4241907433415593
199	73	28	0.36683417085427134	107262494	1.0946828678206764	1.4479910264118352
199	74	24	0.37185929648241206	107158135	0.9392133907640444	1.496926116927256
199	75	27	0.3768844221105528	106555459	1.0625912627945593	1.5425838037850568
199	76	29	0.38190954773869346	105457129	1.1531883192702155	1.5742486873201538
199	77	20	0.3869346733668342	104099843	0.8056716867583014	1.5931935522899912
199	78	32	0.39195979899497485	102541685	1.3086626552092933	1.6299297847444847
199	79	32	0.3969849246231156	100859288	1.330491979694869	1.675265208342039
199	80	38	0.4020100502512563	98970934	1.6101046655986926	1.705879186568113
199	81	24	0.40703517587939697	97040373	1.0371389990566218	1.720590546376017
199	82	29	0.4120603015075377	95012824	1.279952791915461	1.793473453305373
199	83	34	0.41708542713567837	93018521	1.5328076800086232	1.814170418914172
199	84	26	0.4221105527638191	91143172	1.196264981115751	1.856025800806598
199	85	42	0.4271356783919598	89252232	1.97336938097276	1.8622975291674375
199	86	31	0.4321608040201005	87421360	1.4870388536243402	1.8710546835986035
199	87	32	0.4371859296482412	85634878	1.5670305942601443	1.8855940451000235
199	88	20	0.44221105527638194	83913547	0.9994845778725616	1.8894772905565043
199	89	24	0.4472361809045226	82169972	1.224831320635003	1.8945990824187626
199	90	26	0.45226130653266333	80509982	1.35425921386257	1.9382756809717148
199	91	29	0.457286432160804	78874311	1.5418445854515586	1.9520142779254137
199	92	28	0.4623115577889447	77248592	1.5200071807330557	1.9858906216587355
199	93	21	0.46733668341708545	75543246	1.1657403615690352	2.0084046071456947
199	94	34	0.4723618090452261	73746073	1.9333843494533383	2.018367298913642
199	95	21	0.47738693467336685	71863285	1.225435365307035	2.056294785955493
199	96	23	0.4824120603015075	69826575	1.381291299426429	2.096423821251118
199	97	30	0.48743718592964824	67732331	1.8573913269222424	2.1155609936013064
199	98	23	0.49246231155778897	65658613	1.4689746875439937	2.151998383085868
199	99	29	0.49748743718592964	63607068	1.9119247777082307	2.183395428290262
199	100	23	0.5025125628140703	61645763	1.564598048956698	2.183395428290262
199	101	26	0.507537688442211	59806106	1.8230811571549175	2.2152108222194515
199	102	35	0.5125628140703518	58057272	2.5280729376484934	2.2259566083505495
199	103	16	0.5175879396984925	56229706	1.1932524932793973	2.295156937882109
199	104	27	0.5226130653266332	54138420	2.091396456277517	2.3631938138227873
199	105	29	0.5276381909547738	51622132	2.3558098946121078	2.3788683139383657
199	106	26	0.5326633165829145	48622156	2.242421848414325	2.407304297360092
199	107	17	0.5376884422110553	45165972	1.5783951618692431	2.468283121663153
199	108	23	0.542713567839196	41368938	2.3314797328432024	2.468283121663153
199	109	19	0.5477386934673367	37458425	2.127072382141805	2.5364389596877257
199	110	14	0.5527638190954773	33676994	1.7433030771914813	2.641343498572288
199	111	20	0.5577889447236181	30092957	2.787040705274804	2.7023834524122132
199	112	12	0.5628140703517588	26875802	1.8723972464394034	2.770355744957869
199	113	9	0.5678391959798995	24023788	1.5710109182402023	2.8367601539293346
199	114	14	0.5728643216080402	21545931	2.724839658623201	2.8936521066842396
199	115	13	0.5778894472361809	19416667	2.807675100247886	2.9977457852961953
199	116	10	0.5829145728643216	17555265	2.388750500236948	3.0838075695974427
199	117	7	0.5879396984924623	15952340	1.8401440563189804	3.089503531769085
199	118	11	0.592964824120603	14569934	3.166017282960677	3.12504028308818
199	119	9	0.5979899497487438	13381557	2.8204216628519356	3.147837914690772
199	120	7	0.6030150753768844	12324242	2.381858749234194	3.147837914690772
199	121	4	0.6080402010050251	11395238	1.4720235961913977	3.132624202634379
199	122	5	0.6130653266331658	10524348	1.9922919714618985	3.1535441022241755
199	123	7	0.6180904522613065	9731666	3.0164006487049106	3.173257671711564
199	124	1	0.6231155778894473	9017076	0.4650637085740674	3.1876635520447514
199	125	1	0.628140703517588	8323310	0.5038277806610854	3.1473357069051495
199	126	6	0.6331658291457286	7659035	3.2851513056573456	3.1001060738548585
199	127	4	0.6381909547738693	7020252	2.3893813527230745	3.0964241165814888
199	128	4	0.6432160804020101	6420996	2.6123765254201796	3.0964241165814888
199	129	3	0.6482412060301508	5860630	2.1466198028475865	3.065090543941568
199	130	4	0.6532663316582915	5338230	3.142251124477003	3.01255137939677
199	131	1	0.6582914572864321	4821737	0.8697103979446033	3.006129202686858
199	132	2	0.6633165829145728	4339676	1.9326395818739546	3.006129202686858
199	133	3	0.6683417085427136	3898275	3.2272080382124537	2.953190002042138
199	134	2	0.6733668341708543	3495084	2.3996646747570116	2.930821785615736
199	135	2	0.678391959798995	3144436	2.667260395857456	2.8280211723801703
199	136	3	0.6834170854271356	2822736	4.45686185855236	2.76422592672642
199	137	1	0.6884422110552764	2524415	1.6611828106924644	2.6221650681167343
199	138	2	0.6934673366834171	2276209	3.6846482946462453	2.469695598570048
199	139	0	0.6984924623115578	2065849	0.0	2.3844522068011496
199	140	1	0.7035175879396985	1870894	2.24144970535702	2.351385665882039
199	141	0	0.7085427135678392	1706807	0.0	2.1614618968751027
199	142	0	0.7135678391959799	1558473	0.0	2.007200458515791
199	143	0	0.7185929648241206	1426317	0.0	1.4133785851793321
199	144	0	0.7236180904522613	1305953	0.0	0.6362142741874172
199	145	0	0.7286432160804021	1201241	0.0	0.0
199	146	0	0.7336683417085427	1102438	0.0	0.0
199	147	1	0.7386934673366834	1015070	4.131256765596675	0.0
199	148	1	0.7437185929648241	935570	4.482310040995562	0.0
199	149	1	0.7487437185929648	872688	4.8052852852957955	0.0
199	150	3	0.7537688442211056	812101	15.49135441917034	0.0
199	151	0	0.7587939698492462	756097	0.0	0.0
199	152	1	0.7638190954773869	703369	5.962040984254662	0.0
199	153	0	0.7688442211055276	655505	0.0	0.0
199	154	2	0.7738693467336684	611707	13.710860935232775	0.0
199	155	0	0.7788944723618091	574792	0.0	0.0
199	156	0	0.7839195979899497	540481	0.0	0.0
199	157	0	0.7889447236180904	509718	0.0	0.0
199	158	0	0.7939698492462312	477026	0.0	0.0
199	159	0	0.7989949748743719	440038	0.0	0.0
199	160	0	0.8040201005025126	396042	0.0	0.0
199	161	0	0.8090452261306532	349646	0.0	0.0
199	162	0	0.8140703517587939	305038	0.0	0.0
199	163	0	0.8190954773869347	257712	0.0	0.0
199	164	0	0.8241206030150754	218726	0.0	0.0
199	165	0	0.8291457286432161	180761	0.0	0.0
199	166	0	0.8341708542713567	149253	0.0	0.0
199	167	0	0.8391959798994975	125775	0.0	0.0
199	168	0	0.8442211055276382	103206	0.0	0.0
199	169	0	0.8492462311557789	82144	0.0	0.0
199	170	0	0.8542713567839196	65118	0.0	0.0
199	171	0	0.8592964824120602	52159	0.0	0.0
199	172	0	0.864321608040201	39921	0.0	0.0
199	173	0	0.8693467336683417	31997	0.0	0.0
199	174	0	0.8743718592964824	24572	0.0	0.0
199	175	0	0.8793969849246231	19539	0.0	0.0
199	176	0	0.8844221105527639	14868	0.0	0.0
199	177	0	0.8894472361809045	10839	0.0	0.0
199	178	0	0.8944723618090452	7511	0.0	0.0
199	179	0	0.8994974874371859	5680	0.0	0.0
199	180	0	0.9045226130653267	3660	0.0	0.0
199	181	0	0.9095477386934674	3030	0.0	0.0
199	182	0	0.914572864321608	2391	0.0	0.0
199	183	0	0.9195979899497487	1702	0.0	0.0
199	184	0	0.9246231155778895	1566	0.0	0.0
199	185	0	0.9296482412060302	909	0.0	0.0
199	186	0	0.9346733668341709	705	0.0	0.0
199	187	0	0.9396984924623115	487	0.0	0.0
199	188	0	0.9447236180904522	263	0.0	0.0
199	189	0	0.949748743718593	203	0.0	0.0
199	190	0	0.9547738693467337	110	0.0	0.0
199	191	0	0.9597989949748744	131	0.0	0.0
199	192	0	0.964824120603015	136	0.0	0.0
199	193	0	0.9698492462311558	47	0.0	0.0
199	194	0	0.9748743718592965	14	0.0	0.0
199	195	0	0.9798994974874372	12	0.0	0.0
199	196	0	0.9849246231155779	0		
199	197	0	0.9899497487437185	0		
199	198	0	0.9949748743718593	0		
199	199	0	1.0	0		
200	0	0	0.0	59677	0.0	0.0
200	1	0	0.005	49551	0.0	0.0
200	2	0	0.01	58113	0.0	0.0
200	3	0	0.015	65401	0.0	0.0
200	4	0	0.02	65748	0.0	0.0
200	5	0	0.025	73784	0.0	0.0
200	6	0	0.03	76876	0.0	0.0
200	7	0	0.035	80283	0.0	0.0
200	8	0	0.04	85563	0.0	0.0
200	9	0	0.045	87520	0.0	0.0
200	10	0	0.05	89816	0.0	0.0
200	11	0	0.055	91921	0.0	0.0
200	12	0	0.06	92345	0.0	0.0
200	13	0	0.065	91441	0.0	0.0
200	14	0	0.07	94386	0.0	0.0
200	15	0	0.075	95455	0.0	0.0
200	16	0	0.08	97530	0.0	0.0
200	17	0	0.085	100539	0.0	0.0
200	18	0	0.09	104222	0.0	0.0
200	19	0	0.095	107833	0.0	0.0
200	20	0	0.1	113277	0.0	0.0
200	21	0	0.105	118249	0.0	0.0
200	22	0	0.11	127506	0.0	0.0
200	23	0	0.115	132978	0.0	0.0
200	24	0	0.12	143232	0.0	0.0
200	25	0	0.125	153225	0.0	0.0
200	26	0	0.13	164823	0.0	0.0
200	27	0	0.135	178338	0.0	0.0
200	28	0	0.14	203746	0.0	0.0
200	29	0	0.145	224176	0.0	0.0
200	30	0	0.15	259483	0.0	0.0
200	31	0	0.155	300798	0.0	0.0
200	32	0	0.16	355307	0.0	0.0
200	33	0	0.165	431373	0.0	0.0
200	34	0	0.17	529312	0.0	0.0
200	35	0	0.175	663595	0.0	0.0
200	36	0	0.18	850467	0.0	0.0
200	37	0	0.185	1104828	0.0	0.0
200	38	0	0.19	1444371	0.0	0.0
200	39	0	0.195	1902961	0.0	0.0
200	40	0	0.2	2497539	0.0	0.0
200	41	0	0.205	3256414	0.0	0.0
200	42	1	0.21	4237357	0.9931489989594877	0.0
200	43	0	0.215	5459506	0.0	0.0
200	44	1	0.22	6977076	0.6031648304796993	0.0
200	45	2	0.225	8831515	0.9530249029263899	0.22601235482008414
200	46	1	0.23	11007383	0.38231856407503745	0.32946713755796364
200	47	2	0.235	13566489	0.6204002911562422	0.4108356778623801
200	48	1	0.24	16490544	0.25519636361201775	0.4727239039984735
200	49	1	0.245	19841940	0.21209251024768636	0.5219557316125355
200	50	1	0.25	23557236	0.17864264138560135	0.5480385172869623
200	51	0	0.255	27602628	0.0	0.6045768195673066
200	52	0	0.26	31954813	0.0	0.6486048829523258
200	53	9	0.265	36580384	1.0353893979094315	0.6946756709556698
200	54	6	0.27	41419492	0.6096154239821161	0.7462003426755911
200	55	7	0.275	46445411	0.634256160193907	0.7834367797603687
200	56	6	0.28	51530528	0.49000004767472727	0.8284186689150841
200	57	6	0.285	56579772	0.4462718792275068	0.8659104454545725
200	58	8	0.29	61595969	0.5465717229364769	0.9116923562497586
200	59	11	0.295	66521721	0.6958869192609096	0.9466926565384134
200	60	22	0.3	71271861	1.2990146417145965	0.9959141881295857
200	61	18	0.305	75793646	0.9994226103084103	1.0417743726340072
200	62	19	0.31	80098818	0.9982445732581918	1.103910802856214
200	63	17	0.315	84247304	0.8491851165626335	1.1513870962902613
200	64	17	0.32	88076330	0.8122676849424542	1.1741628770509132
200	65	20	0.325	91607704	0.9187713869095503	1.225809019403601
200	66	19	0.33	94809093	0.8433601447162413	1.2388413763766215
200	67	32	0.335	97667623	1.378823969219434	1.2424069155139366
200	68	27	0.34	100141558	1.1346420763212752	1.2661769834794399
200	69	17	0.345	102249054	0.6996793991593079	1.3022075719113424
200	70	19	0.35	104036160	0.7685617230864306	1.3266045850742112
200	71	27	0.355	105400081	1.0780335671200043	1.3842620028449335
200	72	23	0.36	106312552	0.910442991191026	1.4346898800667702
200	73	36	0.365	106765053	1.4190014691438706	1.4638148182401955
200	74	18	0.37	106805020	0.709235235666934	1.4717721086610778
200	75	28	0.375	106400789	1.1074462254030033	1.5158615950826053
200	76	27	0.38	105502168	1.076990430141373	1.5550860663934236
200	77	26	0.385	104208575	1.0499759586232076	1.5977677275397784
200	78	31	0.39	102765336	1.2694760492614292	1.6283310614011244
200	79	36	0.395	101144307	1.4978575814476953	1.6676781962702754
200	80	33	0.4	99353334	1.3977868772060662	1.7331366099366032
200	81	29	0.405	97456530	1.2522657950240519	1.73336450865764
200	82	29	0.41	95490939	1.2780425064281267	1.7866356432006931
200	83	37	0.415	93486064	1.6655754586374198	1.8246973173067857
200	84	29	0.42	91588728	1.3324945294658461	1.880223906634589
200	85	25	0.425	89724968	1.1725629321996465	1.887568702552532
200	86	27	0.43	87877462	1.2929916580336311	1.9005820320584355
200	87	45	0.435	86117855	2.199017948429846	1.9061778941007401
200	88	23	0.44	84377296	1.1471275145393554	1.9261892130568399
200	89	29	0.445	82650117	1.47660382647414	1.912287217073072
200	90	31	0.45	80979665	1.6109986716579194	1.9608868308243348
200	91	19	0.455	79329879	1.00792048848197	1.9963301616357452
200	92	16	0.46	77710712	0.8664600808771852	2.00616847271436
200	93	23	0.465	76051809	1.272705003559238	2.022933780605299
200	94	29	0.47	74293997	1.6426829077554592	2.029049625773934
200	95	23	0.475	72442119	1.3361221231536793	2.07720594506891
200	96	25	0.48	70465066	1.493054325239679	2.1049844141867045
200	97	30	0.485	68379262	1.8463171755717303	2.130107247652931
200	98	23	0.49	66280796	1.4603252176396841	2.1733631273779417
200	99	26	0.495	64193298	1.7044847646304668	2.2168270191556925
200	100	27	0.5	62188236	1.827111244885084	2.2205083969482526
200	101	24	0.505	60292022	1.6751775998956457	2.2205083969482526
200	102	16	0.51	58532708	1.1503522065738638	2.2413734794327613
200	103	29	0.515	56787461	2.1490920155901203	2.243296675847236
200	104	19	0.52	54885107	1.4568289061164732	2.3378411198334885
200	105	17	0.525	52657032	1.3586325311181158	2.3801246022471623
200	106	19	0.53	49947306	1.600851313039698	2.4120664429043623
200	107	17	0.535	46791922	1.5289296444657183	2.4529349843360135
200	108	26	0.54	43187853	2.533501686976276	2.4686408950932184
200	109	14	0.545	39345007	1.4974346320227034	2.4911408012612757
200	110	9	0.55	35529444	1.066015605677809	2.5613481136240814
200	111	17	0.555	31842848	2.246707225036141	2.655226446969897
200	112	13	0.56	28456896	1.9224953141829564	2.730996282182367
200	113	9	0.565	25427358	1.489535081271747	2.896395661086675
200	114	12	0.57	22768723	2.217951457067124	2.9039594875537844
200	115	9	0.575	20469376	1.8503222455367374	2.9923297008230856
200	116	3	0.58	18487145	0.6829059104773578	3.0672894898526217
200	117	6	0.585	16753353	1.5071586670861568	3.0876922359628267
200	118	11	0.59	15260598	3.0334063901443282	3.1482364375922454
200	119	9	0.595	13981814	2.7088718076964695	3.1482364375922454
200	120	8	0.6	12855961	2.6187552141976647	3.178887745059056
200	121	5	0.605	11868258	1.7729336785499514	3.088421156854436
200	122	9	0.61	10980746	3.4492139026852824	3.0965120357332596
200	123	7	0.615	10137467	2.9058825088641815	3.1220598604498138
200	124	7	0.62	9393165	3.1361408044559895	3.163111329277503
200	125	5	0.625	8702737	2.417818016782524	3.0965120357332596
200	126	3	0.63	8019713	1.574243440925122	3.0644773301674713
200	127	4	0.635	7374470	2.282646407285664	3.0965120357332596
200	128	3	0.64	6755700	1.8687894057391439	3.0434117597113506
200	129	4	0.645	6177655	2.724870108663548	3.1220598604498138
200	130	4	0.65	5636538	2.9864621601301917	3.0779123640631987
200	131	4	0.655	5124014	3.2851798318927137	3.1163550177324666
200	132	0	0.66	4622218	0.0	3.038514189800569
200	133	0	0.665	4157110	0.0	3.017982090329211
200	134	2	0.67	3733288	2.254488195276645	2.9741268661373845
200	135	2	0.675	3353817	2.509574531218595	3.017982090329211
200	136	1	0.68	3016004	1.395331989872685	2.8826804592849933
200	137	2	0.685	2706721	3.1095387095928824	2.7004580542905496
200	138	2	0.69	2424899	3.4709296039001853	2.5399651761372235
200	139	0	0.695	2192613	0.0	2.485987971708692
200	140	1	0.7	1993064	2.1114860650656366	2.3659297237340744
200	141	1	0.705	1806079	2.330090136026153	2.267909462871322
200	142	2	0.71	1651017	5.097860122317308	2.2506149998572846
200	143	3	0.715	1509720	8.362464952674625	1.995049435461165
200	144	0	0.72	1382549	0.0	0.0
200	145	0	0.725	1268898	0.0	0.0
200	146	1	0.73	1166665	3.607142464018358	0.0
200	147	0	0.735	1072212	0.0	0.0
200	148	0	0.74	987141	0.0	0.0
200	149	0	0.745	912768	0.0	0.0
200	150	0	0.75	852966	0.0	0.0
200	151	0	0.755	792373	0.0	0.0
200	152	0	0.76	738949	0.0	0.0
200	153	0	0.765	687292	0.0	0.0
200	154	1	0.77	640051	6.574986778841026	0.0
200	155	0	0.775	599666	0.0	0.0
200	156	0	0.78	563067	0.0	0.0
200	157	0	0.785	530445	0.0	0.0
200	158	0	0.79	499856	0.0	0.0
200	159	0	0.795	466995	0.0	0.0
200	160	1	0.8	428998	9.809665459475283	0.0
200	161	2	0.805	384177	21.908270733458682	0.0
200	162	0	0.81	338669	0.0	0.0
200	163	0	0.815	294104	0.0	0.0
200	164	0	0.82	248110	0.0	0.0
200	165	0	0.825	210029	0.0	0.0
200	166	0	0.83	173102	0.0	0.0
200	167	0	0.835	143540	0.0	0.0
200	168	0	0.84	120904	0.0	0.0
200	169	0	0.845	98802	0.0	0.0
200	170	0	0.85	78540	0.0	0.0
200	171	0	0.855	62398	0.0	0.0
200	172	0	0.86	49806	0.0	0.0
200	173	0	0.865	37908	0.0	0.0
200	174	0	0.87	30701	0.0	0.0
200	175	0	0.875	23704	0.0	0.0
200	176	0	0.88	18636	0.0	0.0
200	177	0	0.885	14053	0.0	0.0
200	178	0	0.89	10378	0.0	0.0
200	179	0	0.895	7126	0.0	0.0
200	180	0	0.9	5364	0.0	0.0
200	181	0	0.905	3471	0.0	0.0
200	182	0	0.91	2923	0.0	0.0
200	183	0	0.915	2300	0.0	0.0
200	184	0	0.92	1658	0.0	0.0
200	185	0	0.925	1513	0.0	0.0
200	186	0	0.93	848	0.0	0.0
200	187	0	0.935	692	0.0	0.0
200	188	0	0.94	458	0.0	0.0
200	189	0	0.945	251	0.0	0.0
200	190	0	0.95	202	0.0	0.0
200	191	0	0.955	108	0.0	0.0
200	192	0	0.96	130	0.0	0.0
200	193	0	0.965	130	0.0	0.0
200	194	0	0.97	45	0.0	0.0
200	195	0	0.975	12	0.0	0.0
200	196	0	0.98	10	0.0	0.0
200	197	0	0.985	0		
200	198	0	0.99	0		
200	199	0	0.995	0		
200	200	0	1.0	0		
201	0	0	0.0	59014	0.0	0.0
201	1	0	0.004975124378109453	49044	0.0	0.0
201	2	0	0.009950248756218905	57532	0.0	0.0
201	3	0	0.014925373134328358	64830	0.0	0.0
201	4	0	0.01990049751243781	65037	0.0	0.0
201	5	0	0.024875621890547265	73207	0.0	0.0
201	6	0	0.029850746268656716	76174	0.0	0.0
201	7	0	0.03482587064676617	79586	0.0	0.0
201	8	0	0.03980099502487562	84807	0.0	0.0
201	9	0	0.04477611940298507	86716	0.0	0.0
201	10	0	0.04975124378109453	89100	0.0	0.0
201	11	0	0.05472636815920398	91195	0.0	0.0
201	12	0	0.05970149253731343	91531	0.0	0.0
201	13	0	0.06467661691542288	90544	0.0	0.0
201	14	0	0.06965174129353234	93514	0.0	0.0
201	15	0	0.07462686567164178	94586	0.0	0.0
201	16	0	0.07960199004975124	96844	0.0	0.0
201	17	0	0.0845771144278607	99366	0.0	0.0
201	18	0	0.08955223880597014	102817	0.0	0.0
201	19	0	0.0945273631840796	106429	0.0	0.0
201	20	0	0.09950248756218906	112035	0.0	0.0
201	21	0	0.1044776119402985	116319	0.0	0.0
201	22	0	0.10945273631840796	125422	0.0	0.0
201	23	0	0.11442786069651742	131105	0.0	0.0
201	24	0	0.11940298507462686	140677	0.0	0.0
201	25	0	0.12437810945273632	150150	0.0	0.0
201	26	0	0.12935323383084577	161550	0.0	0.0
201	27	0	0.13432835820895522	173928	0.0	0.0
201	28	0	0.13930348258706468	198464	0.0	0.0
201	29	0	0.14427860696517414	217598	0.0	0.0
201	30	0	0.14925373134328357	250369	0.0	0.0
201	31	0	0.15422885572139303	290736	0.0	0.0
201	32	0	0.15920398009950248	339551	0.0	0.0
201	33	0	0.16417910447761194	410862	0.0	0.0
201	34	0	0.1691542288557214	503157	0.0	0.0
201	35	0	0.17412935323383086	626764	0.0	0.0
201	36	0	0.1791044776119403	798293	0.0	0.0
201	37	0	0.18407960199004975	1035506	0.0	0.0
201	38	0	0.1890547263681592	1350069	0.0	0.0
201	39	0	0.19402985074626866	1773940	0.0	0.0
201	40	0	0.19900497512437812	2330884	0.0	0.0
201	41	1	0.20398009950248755	3041514	1.7046988014809814	0.0
201	42	0	0.208955223880597	3953805	0.0	0.0
201	43	0	0.21393034825870647	5107372	0.0	0.0
201	44	0	0.21890547263681592	6531477	0.0	0.0
201	45	1	0.22388059701492538	8289106	0.6255035549657134	0.0
201	46	0	0.22885572139303484	10363388	0.0	0.2936925279587601
201	47	0	0.23383084577114427	12797361	0.0	0.3835738672058707
201	48	2	0.23880597014925373	15601625	0.6646570816165143	0.4479731167499507
201	49	1	0.24378109452736318	18809117	0.27565702688157157	0.5319922796303705
201	50	1	0.24875621890547264	22411918	0.23134411211426106	0.5585766042572513
201	51	2	0.2537313432835821	26322216	0.3939535539475571	0.5975876501595601
201	52	3	0.25870646766169153	30569260	0.5088312838277039	0.6610767338356219
201	53	5	0.263681592039801	35082343	0.7389565272889022	0.6775070558649394
201	54	6	0.26865671641791045	39820998	0.7812258151572633	0.7486119245337103
201	55	7	0.2736318407960199	44759608	0.810866281344854	0.7797934695001761
201	56	9	0.27860696517412936	49806764	0.9368965916835839	0.8317492654135493
201	57	4	0.2835820895522388	54812710	0.37836956213167533	0.8567549345382098
201	58	7	0.2885572139303483	59812771	0.6067944401608375	0.9236830653653916
201	59	5	0.2935323383084577	64720179	0.40056017694941987	0.9648963579828357
201	60	6	0.29850746268656714	69506558	0.44757203518732364	1.0234447972688405
201	61	13	0.3034825870646766	74057613	0.9101461117351856	1.049312942464707
201	62	18	0.30845771144278605	78389128	1.1905678408462108	1.1186184770567542
201	63	12	0.31343283582089554	82560990	0.753605101463191	1.1444988381377112
201	64	18	0.31840796019900497	86471978	1.0792811385530843	1.1967405428998417
201	65	22	0.32338308457711445	90072692	1.266388662511916	1.249379775195344
201	66	14	0.3283582089552239	93357181	0.7775311230405163	1.2626627278963605
201	67	17	0.3333333333333333	96323317	0.9150713694617642	1.2626627278963605
201	68	25	0.3383084577114428	98909691	1.310504870166773	1.2733122312336966
201	69	13	0.34328358208955223	101115607	0.666595894700401	1.3256119988749564
201	70	27	0.3482587064676617	103005306	1.3590694279687483	1.3415617244354596
201	71	23	0.35323383084577115	104529397	1.1408455864450782	1.3640689115123732
201	72	30	0.3582089552238806	105583425	1.4732043226920206	1.4410124269983813
201	73	24	0.36318407960199006	106225244	1.1714425103293056	1.4785846185027063
201	74	26	0.3681592039800995	106395720	1.2670293225392737	1.4830887206832037
201	75	34	0.373134328358209	106181388	1.6602289960325178	1.5232397509474147
201	76	27	0.3781094527363184	105467152	1.3273456203990972	1.5682870879636097
201	77	28	0.38308457711442784	104317106	1.3916818932232793	1.6177911878254922
201	78	23	0.3880597014925373	102932848	1.1585407723413559	1.63883459966969
201	79	23	0.39303482587064675	101399449	1.176060643300097	1.6803882842519846
201	80	27	0.39800995024875624	99685321	1.4043327633279716	1.7490198891822282
201	81	18	0.40298507462686567	97871099	0.9535764472081513	1.7691977572922482
201	82	26	0.4079601990049751	95925980	1.4053179027483302	1.7810409108376926
201	83	23	0.4129353233830846	93965219	1.2691068300624657	1.8488887806847478
201	84	26	0.417910447761194	92031636	1.4647843164787189	1.8804615042681994
201	85	33	0.4228855721393035	90178079	1.8973630379295576	1.9163782323374974
201	86	13	0.42786069651741293	88343579	0.7629671480293903	1.9233851991021722
201	87	16	0.43283582089552236	86564460	0.9583360691882328	1.9371278187435583
201	88	36	0.43781094527363185	84850981	2.199799549018231	1.9468755611616393
201	89	25	0.4427860696517413	83128679	1.55928896406727	1.9428312821295926
201	90	22	0.44776119402985076	81435791	1.4006990605731053	1.9745383601958892
201	91	26	0.4527363184079602	79800931	1.6892847657714452	1.9815722620634821
201	92	25	0.4577114427860697	78167179	1.6582616057078206	2.0249106804262427
201	93	15	0.4626865671641791	76537838	1.0161376528210058	2.049587099887412
201	94	20	0.46766169154228854	74820639	1.3859451990212552	2.0680656816695855
201	95	19	0.472636815920398	73020202	1.3491121284389884	2.0775694636171163
201	96	29	0.47761194029850745	71070482	2.115661644790043	2.145460599943895
201	97	14	0.48258706467661694	69041535	1.0513687707961121	2.169854752434485
201	98	22	0.48756218905472637	66931600	1.7042329176461903	2.173229459868128
201	99	17	0.4925373134328358	64807632	1.3600668143265848	2.2390955871670752
201	100	22	0.4975124378109453	62763089	1.817422274272188	2.244242034863006
201	101	25	0.5024875621890548	60817011	2.1313384138886837	2.242191008172796
201	102	26	0.5074626865671642	58998160	2.2849271406545264	2.2632059626615857
201	103	21	0.5124378109452736	57288627	1.900589635011503	2.2773790734336488
201	104	16	0.5174129353233831	55507376	1.4945373084795435	2.3160177152397687
201	105	18	0.5223880597014925	53506031	1.744244024917065	2.388895628158213
201	106	20	0.527363184079602	51097312	2.0294082281618357	2.393262844609314
201	107	16	0.5323383084577115	48233303	1.719928745659446	2.432947369694604
201	108	13	0.5373134328358209	44894078	1.5013839579540786	2.479477052846404
201	109	15	0.5422885572139303	41190087	1.888147967672765	2.475331941501603
201	110	13	0.5472636815920398	37387076	1.802848891321138	2.5885026100093094
201	111	6	0.5522388059701493	33644947	0.9246319104894339	2.610599595647968
201	112	14	0.5572139303482587	30116039	2.4102809066898456	2.67513210415323
201	113	18	0.5621890547263682	26915133	3.4674758942776633	2.7238509427533755
201	114	14	0.5671641791044776	24085754	3.0137364097809334	2.790269942232659
201	115	12	0.572139303482587	21604822	2.879837808700831	2.9520896833389774
201	116	9	0.5771144278606966	19469818	2.396724377926318	3.049868413224464
201	117	6	0.582089552238806	17620985	1.7654626925183665	3.12174052273192
201	118	12	0.5870646766169154	16013868	3.885281385225075	3.1470646492033083
201	119	9	0.5920398009950248	14614351	3.1930112691551353	3.240013732502521
201	120	4	0.5970149253731343	13431216	1.5441238590720676	3.147807586320982
201	121	7	0.6019900497512438	12365217	2.935173470341311	3.240013732502521
201	122	6	0.6069651741293532	11436596	2.720144317673349	3.1470646492033083
201	123	7	0.6119402985074627	10576755	3.431492635823878	3.151545719548074
201	124	6	0.6169154228855721	9777908	3.181579497672278	3.176278579984507
201	125	4	0.6218905472636815	9069107	2.2868250514577126	3.176278579984507
201	126	2	0.6268656716417911	8396426	1.2350172014825416	3.1560540425590635
201	127	8	0.6318407960199005	7727407	5.3677672424787515	3.147807586320982
201	128	2	0.6368159203980099	7096993	1.4611442537670885	3.147807586320982
201	129	3	0.6417910447761194	6503666	2.391665840690908	3.147807586320982
201	130	2	0.6467661691542289	5944573	1.7444029270016954	3.168889731351597
201	131	1	0.6517412935323383	5418494	0.9568830879000004	3.0892017251207227
201	132	5	0.6567164179104478	4915129	5.274393887207869	3.168889731351597
201	133	5	0.6616915422885572	4431961	5.84940308645273	2.9869989838956585
201	134	1	0.6666666666666666	3982933	1.3017706475322646	3.031315561069237
201	135	0	0.6716417910447762	3575699	0.0	2.87303894513016
201	136	1	0.6766169154228856	3220408	1.6100026054113719	2.938110755567602
201	137	0	0.681592039800995	2892800	0.0	2.752384444385555
201	138	0	0.6865671641791045	2597175	0.0	2.5888054913401497
201	139	0	0.6915422885572139	2330342	0.0	2.533790373595786
201	140	1	0.6965174129353234	2115664	2.45070354767469	2.4114235574845337
201	141	1	0.7014925373134329	1920765	2.699375129434171	2.311518491081223
201	142	0	0.7064676616915423	1747964	0.0	2.097710812428825
201	143	1	0.7114427860696517	1596760	3.2471162043686124	2.097710812428825
201	144	0	0.7164179104477612	1463319	0.0	0.0
201	145	1	0.7213930348258707	1341820	3.8640542475798734	0.0
201	146	0	0.7263681592039801	1232399	0.0	0.0
201	147	0	0.7313432835820896	1133862	0.0	0.0
201	148	0	0.736318407960199	1043137	0.0	0.0
201	149	0	0.7412935323383084	960510	0.0	0.0
201	150	1	0.746268656716418	891245	5.81755327714335	0.0
201	151	1	0.7512437810945274	833186	6.222938540119044	0.0
201	152	1	0.7562189054726368	773865	6.699960936969142	0.0
201	153	0	0.7611940298507462	722155	0.0	0.0
201	154	0	0.7661691542288557	671126	0.0	0.0
201	155	0	0.7711442786069652	625801	0.0	0.0
201	156	0	0.7761194029850746	587756	0.0	0.0
201	157	1	0.7810945273631841	551879	9.394931262989939	0.0
201	158	1	0.7860696517412935	520899	9.953686358560152	0.0
201	159	0	0.7910447761194029	490385	0.0	0.0
201	160	0	0.7960199004975125	456465	0.0	0.0
201	161	0	0.8009950248756219	417573	0.0	0.0
201	162	0	0.8059701492537313	372809	0.0	0.0
201	163	0	0.8109452736318408	327879	0.0	0.0
201	164	0	0.8159203980099502	283479	0.0	0.0
201	165	0	0.8208955223880597	238823	0.0	0.0
201	166	0	0.8258706467661692	201420	0.0	0.0
201	167	0	0.8308457711442786	165900	0.0	0.0
201	168	0	0.835820895522388	138054	0.0	0.0
201	169	0	0.8407960199004975	116479	0.0	0.0
201	170	0	0.845771144278607	94285	0.0	0.0
201	171	0	0.8507462686567164	75052	0.0	0.0
201	172	0	0.8557213930348259	59913	0.0	0.0
201	173	0	0.8606965174129353	47382	0.0	0.0
201	174	0	0.8656716417910447	36222	0.0	0.0
201	175	0	0.8706467661691543	29461	0.0	0.0
201	176	0	0.8756218905472637	22735	0.0	0.0
201	177	0	0.8805970149253731	17833	0.0	0.0
201	178	0	0.8855721393034826	13263	0.0	0.0
201	179	0	0.8905472636815921	9959	0.0	0.0
201	180	0	0.8955223880597015	6731	0.0	0.0
201	181	0	0.900497512437811	5091	0.0	0.0
201	182	0	0.9054726368159204	3287	0.0	0.0
201	183	0	0.9104477611940298	2815	0.0	0.0
201	184	0	0.9154228855721394	2212	0.0	0.0
201	185	0	0.9203980099502488	1628	0.0	0.0
201	186	0	0.9253731343283582	1450	0.0	0.0
201	187	0	0.9303482587064676	801	0.0	0.0
201	188	0	0.9353233830845771	662	0.0	0.0
201	189	0	0.9402985074626866	440	0.0	0.0
201	190	0	0.945273631840796	242	0.0	0.0
201	191	0	0.9502487562189055	206	0.0	0.0
201	192	0	0.9552238805970149	94	0.0	0.0
201	193	0	0.9601990049751243	135	0.0	0.0
201	194	0	0.9651741293532339	124	0.0	0.0
201	195	0	0.9701492537313433	43	0.0	0.0
201	196	0	0.9751243781094527	10	0.0	0.0
201	197	0	0.9800995024875622	8	0.0	0.0
201	198	0	0.9850746268656716	0		
201	199	0	0.9900497512437811	0		
201	200	0	0.9950248756218906	0		
201	201	0	1.0	0		
202	0	0	0.0	58353	0.0	0.0
202	1	0	0.0049504950495049506	48569	0.0	0.0
202	2	0	0.009900990099009901	56922	0.0	0.0
202	3	0	0.01485148514851485	64303	0.0	0.0
202	4	0	0.019801980198019802	64298	0.0	0.0
202	5	0	0.024752475247524754	72661	0.0	0.0
202	6	0	0.0297029702970297	75436	0.0	0.0
202	7	0	0.034653465346534656	78945	0.0	0.0
202	8	0	0.039603960396039604	84069	0.0	0.0
202	9	0	0.04455445544554455	85828	0.0	0.0
202	10	0	0.04950495049504951	88564	0.0	0.0
202	11	0	0.054455445544554455	90392	0.0	0.0
202	12	0	0.0594059405940594	90704	0.0	0.0
202	13	0	0.06435643564356436	89662	0.0	0.0
202	14	0	0.06930693069306931	92725	0.0	0.0
202	15	0	0.07425742574257425	93615	0.0	0.0
202	16	0	0.07920792079207921	96264	0.0	0.0
202	17	0	0.08415841584158416	98141	0.0	0.0
202	18	0	0.0891089108910891	101539	0.0	0.0
202	19	0	0.09405940594059406	105131	0.0	0.0
202	20	0	0.09900990099009901	110590	0.0	0.0
202	21	0	0.10396039603960396	114653	0.0	0.0
202	22	0	0.10891089108910891	123283	0.0	0.0
202	23	0	0.11386138613861387	129260	0.0	0.0
202	24	0	0.1188118811881188	138325	0.0	0.0
202	25	0	0.12376237623762376	147144	0.0	0.0
202	26	0	0.12871287128712872	158353	0.0	0.0
202	27	0	0.13366336633663367	169963	0.0	0.0
202	28	0	0.13861386138613863	192968	0.0	0.0
202	29	0	0.14356435643564355	211674	0.0	0.0
202	30	0	0.1485148514851485	242314	0.0	0.0
202	31	0	0.15346534653465346	280142	0.0	0.0
202	32	0	0.15841584158415842	326304	0.0	0.0
202	33	0	0.16336633663366337	390763	0.0	0.0
202	34	0	0.16831683168316833	478826	0.0	0.0
202	35	0	0.17326732673267325	592698	0.0	0.0
202	36	0	0.1782178217821782	751120	0.0	0.0
202	37	0	0.18316831683168316	969823	0.0	0.0
202	38	0	0.18811881188118812	1264055	0.0	0.0
202	39	0	0.19306930693069307	1653719	0.0	0.0
202	40	0	0.19801980198019803	2176664	0.0	0.0
202	41	2	0.20297029702970298	2839843	3.5635389117976595	0.0
202	42	0	0.2079207920792079	3690027	0.0	0.0
202	43	0	0.21287128712871287	4774688	0.0	0.0
202	44	0	0.21782178217821782	6116678	0.0	0.0
202	45	0	0.22277227722772278	7775378	0.0	0.0
202	46	1	0.22772277227722773	9749365	0.5190025726750512	0.2533992094833446
202	47	0	0.23267326732673269	12069836	0.0	0.3314929648432504
202	48	1	0.2376237623762376	14751978	0.34300115665493125	0.4133618239665161
202	49	3	0.24257425742574257	17823932	0.8516547611853714	0.49539643707837544
202	50	2	0.24752475247524752	21301192	0.4750856681586739	0.5456340471875251
202	51	2	0.2524752475247525	25089787	0.4033470285696806	0.5540505108944284
202	52	2	0.25742574257425743	29226483	0.34625757173369787	0.6223360952571917
202	53	1	0.2623762376237624	33627036	0.15047253992139242	0.6611909100187008
202	54	5	0.26732673267326734	38259318	0.6612696960447778	0.7162494622571044
202	55	3	0.2722772277227723	43118883	0.3520461453244116	0.7666370673740768
202	56	8	0.27722772277227725	48090995	0.8417285634365602	0.8167643293776407
202	57	7	0.28217821782178215	53082368	0.6672576969180557	0.8397984632619031
202	58	11	0.2871287128712871	58040638	0.9589729300775277	0.9056087561549729
202	59	10	0.29207920792079206	62942472	0.8039000306419646	0.9525136796262129
202	60	12	0.297029702970297	67742329	0.8963279990473489	0.9909393079185521
202	61	14	0.30198019801980197	72322237	0.9794945534839223	1.0481800341055498
202	62	15	0.3069306930693069	76687306	0.9897228982619561	1.1106985287627333
202	63	11	0.3118811881188119	80880307	0.6881699977527175	1.1369348197054698
202	64	13	0.31683168316831684	84856625	0.775181569150615	1.178501066480303
202	65	8	0.3217821782178218	88519438	0.45729576520339865	1.2333462729714826
202	66	13	0.32673267326732675	91899876	0.715771278302109	1.2464587632911643
202	67	16	0.3316831683168317	94938106	0.8527569348304631	1.2565347278322252
202	68	15	0.33663366336633666	97655084	0.7772169112487938	1.2603925279638426
202	69	15	0.3415841584158416	99961714	0.7592825264502918	1.3027732423266418
202	70	16	0.3465346534653465	101930767	0.7942560490216816	1.3347616103397646
202	71	13	0.35148514851485146	103602521	0.6349197981420288	1.3413764841641547
202	72	23	0.3564356435643564	104814752	1.1103279325586373	1.4046443898415173
202	73	26	0.3613861386138614	105621891	1.2455617125871248	1.459609691711352
202	74	22	0.36633663366336633	105932907	1.0508425051797947	1.4808217398854517
202	75	21	0.3712871287128713	105891703	1.0034672485710245	1.5022697468019905
202	76	27	0.37623762376237624	105363705	1.2966374802176774	1.557425528595912
202	77	26	0.3811881188118812	104386087	1.260307644644737	1.597029799556911
202	78	25	0.38613861386138615	103072600	1.2272770641635362	1.6178031577334409
202	79	19	0.3910891089108911	101617378	0.9460878317684394	1.6588235768448294
202	80	28	0.39603960396039606	99995747	1.4168450031634525	1.7201527577110494
202	81	32	0.400990099009901	98240146	1.6481882726674613	1.7581845112291432
202	82	28	0.40594059405940597	96358944	1.470319916276239	1.7581845112291432
202	83	26	0.41089108910891087	94415609	1.3933986639926306	1.8175236645029111
202	84	29	0.4158415841584158	92486724	1.5865890113211807	1.8415950549725317
202	85	33	0.4207920792079208	90628177	1.8424535016222086	1.9010690106237482
202	86	21	0.42574257425742573	88786377	1.1967923396165845	1.899973269050681
202	87	26	0.4306930693069307	87014043	1.511923580434604	1.9140174266372736
202	88	24	0.43564356435643564	85300400	1.4236591200833102	1.9186583559493313
202	89	23	0.4405940594059406	83597895	1.3921253267179312	1.924045487261613
202	90	26	0.44554455445544555	81907518	1.6061844706446922	1.924045487261613
202	91	12	0.4504950495049505	80261048	0.7565232166340166	1.9561424096668645
202	92	30	0.45544554455445546	78630220	1.9305346660411609	1.9989246587678895
202	93	30	0.4603960396039604	77004641	1.9712885293295894	2.0159880744071015
202	94	19	0.46534653465346537	75327626	1.2762776411142163	2.0355561062110965
202	95	24	0.47029702970297027	73584111	1.650338514067995	2.049914532569038
202	96	27	0.4752475247524752	71660665	1.9064647105577197	2.1179275407545632
202	97	23	0.4801980198019802	69688000	1.6699969419384442	2.120998625567027
202	98	21	0.48514851485148514	67593781	1.5720211872141034	2.1491824334070384
202	99	10	0.4900990099009901	65462450	0.7729538868386533	2.230457843448074
202	100	24	0.49504950495049505	63364884	1.9164982990697876	2.23416185729361
202	101	17	0.5	61370142	1.4016437144323002	2.2454977099520823
202	102	12	0.504950495049505	59492279	1.0206256546900347	2.23416185729361
202	103	19	0.5099009900990099	57761373	1.6644161976900014	2.255155234981459
202	104	24	0.5148514851485149	56060534	2.1662064868442816	2.260591604875049
202	105	19	0.5198019801980198	54205189	1.7736118367194311	2.3522160355362445
202	106	20	0.5247524752475248	52059652	1.9439029354049853	2.362549697251595
202	107	26	0.5297029702970297	49507138	2.6573659628769213	2.3959499504851385
202	108	16	0.5346534653465347	46438097	1.7433773884224757	2.443565587525963
202	109	13	0.5396039603960396	42959704	1.5311858694446616	2.476451488545848
202	110	14	0.5445544554455446	39222907	1.8060680009585572	2.4977275173773283
202	111	8	0.5495049504950495	35472869	1.1411415337052326	2.577097328960572
202	112	11	0.5544554455445545	31833600	1.748448202101839	2.6408016808563124
202	113	16	0.5594059405940595	28491138	2.841554741378516	2.6888953023507005
202	114	18	0.5643564356435643	25480476	3.5744630243589564	2.7521377850305164
202	115	12	0.5693069306930693	22826959	2.6599840216726722	2.8268477819259656
202	116	10	0.5742574257425742	20534281	2.464145453618805	3.010728935415746
202	117	6	0.5792079207920792	18536029	1.6378736298744785	3.086149637139158
202	118	6	0.5841584158415841	16822256	1.804732557968955	3.1984340876124806
202	119	8	0.5891089108910891	15313137	2.643453404458198	3.2318318302206537
202	120	10	0.594059405940594	14027346	3.6072009038260693	3.2318318302206537
202	121	6	0.599009900990099	12903836	2.3527634031995293	3.22085449214551
202	122	7	0.6039603960396039	11909678	2.9740198365259496	3.141256779749497
202	123	7	0.6089108910891089	11022377	3.213428339335218	3.1155518665877215
202	124	5	0.6138613861386139	10190596	2.4826543594447763	3.1355168590995803
202	125	3	0.6188118811881188	9438014	1.6083719043905105	3.210001123050616
202	126	5	0.6237623762376238	8760393	2.8879671933371593	3.141256779749497
202	127	3	0.6287128712871287	8095014	1.8752081899851316	3.1355168590995803
202	128	5	0.6336633663366337	7444411	3.3984861374177893	3.141256779749497
202	129	5	0.6386138613861386	6830992	3.703668161921504	3.1355168590995803
202	130	3	0.6435643564356436	6262288	2.4240080543795335	3.1355168590995803
202	131	2	0.6485148514851485	5719177	1.7694663120054164	3.1282228328123973
202	132	6	0.6534653465346535	5205294	5.832460779677113	3.057197403543992
202	133	3	0.6584158415841584	4716025	3.218777795038046	3.036539056314992
202	134	1	0.6633663366336634	4248200	1.1910798731105174	3.057197403543992
202	135	2	0.6683168316831684	3814427	2.6530566803077367	2.9486663201197665
202	136	3	0.6732673267326733	3430785	4.424595697732239	2.9486663201197665
202	137	1	0.6782178217821783	3089315	1.6378859122323557	2.8057002339088197
202	138	1	0.6831683168316832	2778786	1.8209194651722371	2.7170626287245985
202	139	2	0.6881188118811881	2489827	4.064495659295284	2.5555829120839286
202	140	2	0.693069306930693	2245072	4.507601998464281	2.5012738126617857
202	141	1	0.698019801980198	2040501	2.479756450473732	2.3752681589777462
202	142	0	0.7029702970297029	1854289	0.0	2.3752681589777462
202	143	1	0.7079207920792079	1691255	2.9918288590118585	2.2818543828548408
202	144	0	0.7128712871287128	1545806	0.0	2.0501698422319814
202	145	0	0.7178217821782178	1418717	0.0	0.0
202	146	1	0.7227722772277227	1304220	3.8796717708270845	0.0
202	147	0	0.7277227722772277	1196300	0.0	0.0
202	148	1	0.7326732673267327	1102389	4.589981863886614	0.0
202	149	0	0.7376237623762376	1015080	0.0	0.0
202	150	0	0.7425742574257426	935668	0.0	0.0
202	151	0	0.7475247524752475	870837	0.0	0.0
202	152	0	0.7524752475247525	813845	0.0	0.0
202	153	0	0.7574257425742574	755859	0.0	0.0
202	154	0	0.7623762376237624	705462	0.0	0.0
202	155	0	0.7673267326732673	655405	0.0	0.0
202	156	0	0.7722772277227723	612920	0.0	0.0
202	157	0	0.7772277227722773	575521	0.0	0.0
202	158	0	0.7821782178217822	541452	0.0	0.0
202	159	1	0.7871287128712872	511493	9.892501983307886	0.0
202	160	0	0.7920792079207921	481121	0.0	0.0
202	161	0	0.7970297029702971	445340	0.0	0.0
202	162	0	0.801980198019802	406739	0.0	0.0
202	163	1	0.806930693069307	361835	13.984124026001078	0.0
202	164	0	0.8118811881188119	316911	0.0	0.0
202	165	0	0.8168316831683168	272893	0.0	0.0
202	166	0	0.8217821782178217	230073	0.0	0.0
202	167	0	0.8267326732673267	193139	0.0	0.0
202	168	0	0.8316831683168316	158952	0.0	0.0
202	169	0	0.8366336633663366	132784	0.0	0.0
202	170	0	0.8415841584158416	112267	0.0	0.0
202	171	0	0.8465346534653465	89917	0.0	0.0
202	172	0	0.8514851485148515	71765	0.0	0.0
202	173	0	0.8564356435643564	57480	0.0	0.0
202	174	0	0.8613861386138614	45051	0.0	0.0
202	175	0	0.8663366336633663	34720	0.0	0.0
202	176	0	0.8712871287128713	28278	0.0	0.0
202	177	0	0.8762376237623762	21742	0.0	0.0
202	178	0	0.8811881188118812	17093	0.0	0.0
202	179	0	0.8861386138613861	12481	0.0	0.0
202	180	0	0.8910891089108911	9574	0.0	0.0
202	181	0	0.8960396039603961	6338	0.0	0.0
202	182	0	0.900990099009901	4860	0.0	0.0
202	183	0	0.905940594059406	3104	0.0	0.0
202	184	0	0.9108910891089109	2730	0.0	0.0
202	185	0	0.9158415841584159	2115	0.0	0.0
202	186	0	0.9207920792079208	1597	0.0	0.0
202	187	0	0.9257425742574258	1386	0.0	0.0
202	188	0	0.9306930693069307	763	0.0	0.0
202	189	0	0.9356435643564357	634	0.0	0.0
202	190	0	0.9405940594059405	418	0.0	0.0
202	191	0	0.9455445544554455	239	0.0	0.0
202	192	0	0.9504950495049505	206	0.0	0.0
202	193	0	0.9554455445544554	83	0.0	0.0
202	194	0	0.9603960396039604	138	0.0	0.0
202	195	0	0.9653465346534653	121	0.0	0.0
202	196	0	0.9702970297029703	37	0.0	0.0
202	197	0	0.9752475247524752	10	0.0	0.0
202	198	0	0.9801980198019802	6	0.0	0.0
202	199	0	0.9851485148514851	0		
202	200	0	0.9900990099009901	0		
202	201	0	0.995049504950495	0		
202	202	0	1.0	0		
203	0	0	0.0	57695	0.0	0.0
203	1	0	0.0049261083743842365	48110	0.0	0.0
203	2	0	0.009852216748768473	56319	0.0	0.0
203	3	0	0.014778325123152709	63763	0.0	0.0
203	4	0	0.019704433497536946	63621	0.0	0.0
203	5	0	0.024630541871921183	72060	0.0	0.0
203	6	0	0.029556650246305417	74698	0.0	0.0
203	7	0	0.034482758620689655	78374	0.0	0.0
203	8	0	0.03940886699507389	83283	0.0	0.0
203	9	0	0.04433497536945813	85039	0.0	0.0
203	10	0	0.04926108374384237	87943	0.0	0.0
203	11	0	0.054187192118226604	89606	0.0	0.0
203	12	0	0.059113300492610835	89907	0.0	0.0
203	13	0	0.06403940886699508	88920	0.0	0.0
203	14	0	0.06896551724137931	91726	0.0	0.0
203	15	0	0.07389162561576355	92792	0.0	0.0
203	16	0	0.07881773399014778	95712	0.0	0.0
203	17	0	0.08374384236453201	96811	0.0	0.0
203	18	0	0.08866995073891626	100511	0.0	0.0
203	19	0	0.09359605911330049	103658	0.0	0.0
203	20	0	0.09852216748768473	109366	0.0	0.0
203	21	0	0.10344827586206896	112960	0.0	0.0
203	22	0	0.10837438423645321	121083	0.0	0.0
203	23	0	0.11330049261083744	127585	0.0	0.0
203	24	0	0.11822660098522167	135923	0.0	0.0
203	25	0	0.12315270935960591	144599	0.0	0.0
203	26	0	0.12807881773399016	154934	0.0	0.0
203	27	0	0.1330049261083744	166426	0.0	0.0
203	28	0	0.13793103448275862	187539	0.0	0.0
203	29	0	0.14285714285714285	206113	0.0	0.0
203	30	0	0.1477832512315271	234901	0.0	0.0
203	31	0	0.15270935960591134	269882	0.0	0.0
203	32	0	0.15763546798029557	314006	0.0	0.0
203	33	0	0.1625615763546798	372487	0.0	0.0
203	34	0	0.16748768472906403	455988	0.0	0.0
203	35	0	0.1724137931034483	560478	0.0	0.0
203	36	0	0.17733990147783252	708347	0.0	0.0
203	37	0	0.18226600985221675	909648	0.0	0.0
203	38	0	0.18719211822660098	1183522	0.0	0.0
203	39	0	0.1921182266009852	1542657	0.0	0.0
203	40	0	0.19704433497536947	2031877	0.0	0.0
203	41	0	0.2019704433497537	2652538	0.0	0.0
203	42	1	0.20689655172413793	3445517	1.7109091363244098	0.0
203	43	0	0.21182266009852216	4461114	0.0	0.0
203	44	0	0.21674876847290642	5726840	0.0	0.0
203	45	0	0.22167487684729065	7291659	0.0	0.0
203	46	0	0.22660098522167488	9166068	0.0	0.0
203	47	2	0.2315270935960591	11381315	1.03590253229281	0.3097519511363549
203	48	0	0.23645320197044334	13939199	0.0	0.3598422608173526
203	49	1	0.2413793103448276	16883658	0.34915221065607177	0.45463948605395865
203	50	3	0.24630541871921183	20230474	0.8741712895102315	0.5143856173458013
203	51	1	0.2512315270935961	23901564	0.24663517896406575	0.5569623310589723
203	52	2	0.2561576354679803	27924932	0.4222009575286394	0.6145057575994938
203	53	1	0.26108374384236455	32211351	0.1830089807366686	0.6563332862655323
203	54	3	0.2660098522167488	36740598	0.481344902006854	0.7087880311090946
203	55	7	0.270935960591133	41511031	0.9940674709483245	0.7472241256663863
203	56	2	0.27586206896551724	46416318	0.2540040558435105	0.8048530348361201
203	57	5	0.28078817733990147	51363626	0.5738464136723009	0.8423137332452293
203	58	6	0.2857142857142857	56289408	0.6283562102476975	0.90156869724906
203	59	11	0.29064039408866993	61184845	1.0598152477344969	0.9510914792757003
203	60	5	0.2955665024630542	65988832	0.44666395327781155	0.9954117093876991
203	61	6	0.30049261083743845	70588469	0.5010704947852945	1.0317672690948902
203	62	12	0.3054187192118227	74981042	0.9434331170795527	1.1126220661804231
203	63	13	0.3103448275862069	79208008	0.9675103139898926	1.138677461244544
203	64	12	0.31527093596059114	83229436	0.8499348496838649	1.187092287134825
203	65	9	0.32019704433497537	86968124	0.6100476380512663	1.2390433735065163
203	66	7	0.3251231527093596	90412174	0.4564071825396821	1.257037209526913
203	67	10	0.33004926108374383	93547000	0.6301609367121416	1.2693340731026095
203	68	19	0.33497536945812806	96355890	1.1624028772767327	1.2667764989841142
203	69	18	0.3399014778325123	98783094	1.0741655577613238	1.3061241787354307
203	70	14	0.3448275862068966	100855472	0.8182950272173135	1.3453713738562583
203	71	13	0.3497536945812808	102608745	0.7468619238116004	1.3495510062837475
203	72	19	0.35467980295566504	103996016	1.0770062939580336	1.4092437218619083
203	73	14	0.35960591133004927	104947108	0.7863916669838582	1.4770522364195595
203	74	12	0.3645320197044335	105443762	0.6708751360363342	1.4896346438357904
203	75	24	0.3694581280788177	105514750	1.3408475720396031	1.493686615157112
203	76	24	0.37438423645320196	105194681	1.344927281559661	1.532998659361585
203	77	21	0.3793103448275862	104402449	1.1857413115652344	1.579128321956076
203	78	19	0.3842364532019704	103188082	1.0854389538760916	1.6228161952537392
203	79	28	0.3891625615763547	101811675	1.6212193975839215	1.6507529826926626
203	80	15	0.39408866995073893	100251499	0.882026688896852	1.692695892528349
203	81	17	0.39901477832512317	98598797	1.016385937743624	1.7551228344175016
203	82	16	0.4039408866995074	96755673	0.974821024030055	1.775050828230399
203	83	21	0.4088669950738916	94856169	1.3050737565406263	1.8067008314407866
203	84	22	0.41379310344827586	92945663	1.3953234517520583	1.8879296977286542
203	85	24	0.4187192118226601	91066842	1.553575299688834	1.9127431659684866
203	86	25	0.4236453201970443	89232206	1.651580404350048	1.9254460730589336
203	87	23	0.42857142857142855	87451195	1.5503988234489492	1.9234379567917668
203	88	23	0.43349753694581283	85739187	1.5813566069527185	1.9322414041139753
203	89	21	0.43842364532019706	84045449	1.472944677919235	1.975834789376634
203	90	21	0.4433497536945813	82377389	1.5027703391750193	1.9353346130542683
203	91	17	0.4482758620689655	80725475	1.241422620916609	1.9659055040051574
203	92	12	0.45320197044334976	79090723	0.8944108170048319	1.9985656232880993
203	93	20	0.458128078817734	77467496	1.5219199842630955	2.0203660804841386
203	94	12	0.4630541871921182	75813213	0.9330774330317969	2.038825227863991
203	95	25	0.46798029556650245	74120848	1.9882956933591314	2.0708128362588387
203	96	9	0.4729064039408867	72263941	0.7341794247278824	2.102680405520058
203	97	20	0.47783251231527096	70291660	1.6772876084192838	2.1480044655509367
203	98	21	0.4827586206896552	68264872	1.8134406933024425	2.1671799273503476
203	99	10	0.4876847290640394	66134033	0.8913665547451297	2.183659247334558
203	100	20	0.49261083743842365	64006547	1.8419886061533894	2.261274463789914
203	101	15	0.4975369458128079	61955567	1.4272244126168043	2.261274463789914
203	102	9	0.5024630541871922	60019307	0.8839605334321778	2.2539657733901137
203	103	20	0.5073891625615764	58241571	2.0243157639621607	2.259670149481604
203	104	12	0.5123152709359606	56556007	1.2507884118469124	2.267256050641261
203	105	9	0.5172413793103449	54808079	0.9680087242603346	2.308437401586682
203	106	19	0.5221674876847291	52862357	2.118792466604551	2.374914211576359
203	107	17	0.5270935960591133	50581835	1.9812335940212176	2.374914211576359
203	108	19	0.5320197044334976	47831539	2.3416424836039744	2.414264086521662
203	109	13	0.5369458128078818	44581549	1.7189749214544772	2.457678060191666
203	110	15	0.541871921182266	41023704	2.1554489014428357	2.461006016913979
203	111	14	0.5467980295566502	37288091	2.2132946201309958	2.574201679399187
203	112	14	0.5517241379310345	33607935	2.455656118272515	2.599082222894854
203	113	9	0.5566502463054187	30129936	1.760863303259245	2.644688950074378
203	114	12	0.5615763546798029	26963276	2.6235535391149374	2.7035108485653403
203	115	8	0.5665024630541872	24139475	1.9536353676825435	2.7676478949015437
203	116	15	0.5714285714285714	21664869	4.081469300364386	2.957393796351869
203	117	2	0.5763546798029556	19528852	0.6037186942336469	3.070779771334191
203	118	6	0.5812807881773399	17681527	2.0003814765526995	3.114875440850409
203	119	7	0.5862068965517241	16072622	2.5673947662445804	3.128882518196445
203	120	5	0.5911330049261084	14671189	2.009028209868018	3.2699806384980916
203	121	5	0.5960591133004927	13464865	2.1890180535271133	3.2202900462269413
203	122	8	0.6009852216748769	12418881	3.7974220155011205	3.2093044972971025
203	123	3	0.6059113300492611	11474956	1.5411736257623307	3.1270255721368887
203	124	3	0.6108374384236454	10622426	1.6648644616571782	3.174711282285701
203	125	3	0.6157635467980296	9825302	1.799934449239648	3.174711282285701
203	126	2	0.6206896551724138	9119964	1.2927609176222783	3.2406544768845738
203	127	6	0.625615763546798	8456420	4.18259725604528	3.1969184822280936
203	128	2	0.6305418719211823	7802534	1.5110389816080447	3.162325267216692
203	129	4	0.6354679802955665	7170672	3.2883760488060654	3.162325267216692
203	130	5	0.6403940886699507	6578770	4.480295339904778	3.1046059414115525
203	131	3	0.645320197044335	6028163	2.933712897939756	3.1520105296319914
203	132	3	0.6502463054187192	5500064	3.21539886517379	3.1419638371261294
203	133	4	0.6551724137931034	5000655	4.715355500158336	3.159436850517136
203	134	1	0.6600985221674877	4524160	1.3029969131642274	3.132546644589918
203	135	1	0.6650246305418719	4070265	1.4483004213880597	3.0968055518981643
203	136	1	0.6699507389162561	3654795	1.6129404014892958	3.033862357464642
203	137	2	0.6748768472906403	3294108	3.579097294114869	3.066462278290317
203	138	2	0.6798029556650246	2964891	3.976514829490238	2.8197039985515318
203	139	3	0.6847290640394089	2667213	6.630478909627095	2.5983997799908636
203	140	2	0.6896551724137931	2390902	4.931165321423522	2.519262440584981
203	141	2	0.6945812807881774	2163208	5.450207760567705	2.343535972383621
203	142	1	0.6995073891625616	1971322	2.990362058893002	2.280425133113559
203	143	0	0.7044334975369458	1790567	0.0	2.1737849819221253
203	144	0	0.7093596059113301	1637139	0.0	2.0422545613217786
203	145	1	0.7142857142857143	1497551	3.9364045128754017	0.746055237296133
203	146	1	0.7192118226600985	1377768	4.278635092890146	0.0
203	147	1	0.7241379310344828	1265854	4.6569087072135265	0.0
203	148	0	0.729064039408867	1163406	0.0	0.0
203	149	2	0.7339901477832512	1070988	11.008464174502555	0.0
203	150	1	0.7389162561576355	988987	5.960610720526226	0.0
203	151	0	0.7438423645320197	912071	0.0	0.0
203	152	1	0.7487684729064039	850753	6.929116341242489	0.0
203	153	0	0.7536945812807881	794876	0.0	0.0
203	154	0	0.7586206896551724	738301	0.0	0.0
203	155	0	0.7635467980295566	689307	0.0	0.0
203	156	0	0.7684729064039408	640682	0.0	0.0
203	157	0	0.7733990147783252	600418	0.0	0.0
203	158	0	0.7783251231527094	563182	0.0	0.0
203	159	0	0.7832512315270936	532082	0.0	0.0
203	160	0	0.7881773399014779	502120	0.0	0.0
203	161	0	0.7931034482758621	471286	0.0	0.0
203	162	0	0.7980295566502463	435102	0.0	0.0
203	163	0	0.8029556650246306	395626	0.0	0.0
203	164	0	0.8078817733990148	350581	0.0	0.0
203	165	0	0.812807881773399	306051	0.0	0.0
203	166	0	0.8177339901477833	263245	0.0	0.0
203	167	0	0.8226600985221675	221128	0.0	0.0
203	168	0	0.8275862068965517	185257	0.0	0.0
203	169	0	0.8325123152709359	152097	0.0	0.0
203	170	0	0.8374384236453202	128307	0.0	0.0
203	171	0	0.8423645320197044	107682	0.0	0.0
203	172	0	0.8472906403940886	85895	0.0	0.0
203	173	0	0.8522167487684729	68741	0.0	0.0
203	174	0	0.8571428571428571	54924	0.0	0.0
203	175	0	0.8620689655172413	43001	0.0	0.0
203	176	0	0.8669950738916257	33212	0.0	0.0
203	177	0	0.8719211822660099	27196	0.0	0.0
203	178	0	0.8768472906403941	20822	0.0	0.0
203	179	0	0.8817733990147784	16293	0.0	0.0
203	180	0	0.8866995073891626	11835	0.0	0.0
203	181	0	0.8916256157635468	9126	0.0	0.0
203	182	0	0.896551724137931	6004	0.0	0.0
203	183	0	0.9014778325123153	4608	0.0	0.0
203	184	0	0.9064039408866995	2955	0.0	0.0
203	185	0	0.9113300492610837	2662	0.0	0.0
203	186	0	0.916256157635468	2000	0.0	0.0
203	187	0	0.9211822660098522	1583	0.0	0.0
203	188	0	0.9261083743842364	1324	0.0	0.0
203	189	0	0.9310344827586207	713	0.0	0.0
203	190	0	0.9359605911330049	604	0.0	0.0
203	191	0	0.9408866995073891	414	0.0	0.0
203	192	0	0.9458128078817734	225	0.0	0.0
203	193	0	0.9507389162561576	208	0.0	0.0
203	194	0	0.9556650246305419	78	0.0	0.0
203	195	0	0.9605911330049262	137	0.0	0.0
203	196	0	0.9655172413793104	115	0.0	0.0
203	197	0	0.9704433497536946	34	0.0	0.0
203	198	0	0.9753694581280788	10	0.0	0.0
203	199	0	0.9802955665024631	4	0.0	0.0
203	200	0	0.9852216748768473	0		
203	201	0	0.9901477832512315	0		
203	202	0	0.9950738916256158	0		
203	203	0	1.0	0		
204	0	0	0.0	57046	0.0	0.0
204	1	0	0.004901960784313725	47654	0.0	0.0
204	2	0	0.00980392156862745	55717	0.0	0.0
204	3	0	0.014705882352941176	63249	0.0	0.0
204	4	0	0.0196078431372549	62938	0.0	0.0
204	5	0	0.024509803921568627	71456	0.0	0.0
204	6	0	0.029411764705882353	74013	0.0	0.0
204	7	0	0.03431372549019608	77717	0.0	0.0
204	8	0	0.0392156862745098	82605	0.0	0.0
204	9	0	0.04411764705882353	84175	0.0	0.0
204	10	0	0.049019607843137254	87440	0.0	0.0
204	11	0	0.05392156862745098	88750	0.0	0.0
204	12	0	0.058823529411764705	89163	0.0	0.0
204	13	0	0.06372549019607843	88167	0.0	0.0
204	14	0	0.06862745098039216	90821	0.0	0.0
204	15	0	0.07352941176470588	91774	0.0	0.0
204	16	0	0.0784313725490196	95215	0.0	0.0
204	17	0	0.08333333333333333	95626	0.0	0.0
204	18	0	0.08823529411764706	99539	0.0	0.0
204	19	0	0.09313725490196079	102260	0.0	0.0
204	20	0	0.09803921568627451	107994	0.0	0.0
204	21	0	0.10294117647058823	111433	0.0	0.0
204	22	0	0.10784313725490197	119064	0.0	0.0
204	23	0	0.11274509803921569	125624	0.0	0.0
204	24	0	0.11764705882352941	133739	0.0	0.0
204	25	0	0.12254901960784313	142284	0.0	0.0
204	26	0	0.12745098039215685	151740	0.0	0.0
204	27	0	0.1323529411764706	162728	0.0	0.0
204	28	0	0.13725490196078433	182553	0.0	0.0
204	29	0	0.14215686274509803	200846	0.0	0.0
204	30	0	0.14705882352941177	227608	0.0	0.0
204	31	0	0.15196078431372548	260482	0.0	0.0
204	32	0	0.1568627450980392	302590	0.0	0.0
204	33	0	0.16176470588235295	355821	0.0	0.0
204	34	0	0.16666666666666666	434531	0.0	0.0
204	35	0	0.1715686274509804	530351	0.0	0.0
204	36	0	0.17647058823529413	668544	0.0	0.0
204	37	0	0.18137254901960784	854460	0.0	0.0
204	38	0	0.18627450980392157	1108035	0.0	0.0
204	39	0	0.19117647058823528	1442133	0.0	0.0
204	40	0	0.19607843137254902	1894477	0.0	0.0
204	41	0	0.20098039215686275	2480058	0.0	0.0
204	42	0	0.20588235294117646	3216200	0.0	0.0
204	43	0	0.2107843137254902	4167619	0.0	0.0
204	44	1	0.21568627450980393	5360878	1.1940736192951698	0.0
204	45	0	0.22058823529411764	6836983	0.0	0.0
204	46	0	0.22549019607843138	8613465	0.0	0.0
204	47	0	0.23039215686274508	10722142	0.0	0.2045780512369096
204	48	0	0.23529411764705882	13171539	0.0	0.3325546777059744
204	49	0	0.24019607843137256	15981686	0.0	0.45637669544765364
204	50	0	0.24509803921568626	19203418	0.0	0.4956580700095384
204	51	1	0.25	22756814	0.28129082551098106	0.5590905232268982
204	52	0	0.2549019607843137	26660776	0.0	0.5963566855273893
204	53	0	0.25980392156862747	30838042	0.0	0.6553379953128657
204	54	7	0.2647058823529412	35265518	1.2706174051496695	0.6718117087106305
204	55	3	0.2696078431372549	39937057	0.48085288277950866	0.7400178868143178
204	56	6	0.27450980392156865	44771460	0.8578611905075043	0.781623190783615
204	57	1	0.27941176470588236	49671747	0.12887171043248893	0.8347374224416725
204	58	8	0.28431372549019607	54564312	0.9385303707023523	0.8922465778525631
204	59	7	0.28921568627450983	59435993	0.7539031268884321	0.9611695844204449
204	60	12	0.29411764705882354	64245284	1.1956581272598656	0.9992152474110925
204	61	10	0.29901960784313725	68857897	0.9296367264977394	1.0485818612380482
204	62	7	0.30392156862745096	73292661	0.6113706387658508	1.0977135244652854
204	63	10	0.3088235294117647	77531983	0.8256312747811251	1.137745592005699
204	64	15	0.3137254901960784	81593537	1.176799639668737	1.1814539652579659
204	65	13	0.31862745098039214	85405981	0.9743659398839768	1.2557216599247802
204	66	15	0.3235294117647059	88910335	1.079955945963962	1.2698680091898134
204	67	10	0.3284313725490196	92137639	0.6947522278121161	1.272456245974361
204	68	17	0.3333333333333333	95037153	1.1450449376678768	1.2962441096955384
204	69	11	0.3382352941176471	97567165	0.7216988723271642	1.3228635473503931
204	70	17	0.3431372549019608	99745492	1.090994778320583	1.3664051401952328
204	71	18	0.3480392156862745	101613996	1.133929364701663	1.3831377408443266
204	72	14	0.35294117647058826	103094572	0.8692791502625173	1.4098003152244292
204	73	23	0.35784313725490197	104239457	1.412416307093547	1.475591740382845
204	74	16	0.3627450980392157	104883415	0.9765178597298497	1.4953266423881066
204	75	23	0.36764705882352944	105102303	1.4008209592645804	1.4977002264194061
204	76	16	0.37254901960784315	104953650	0.975864373816038	1.5577621370246895
204	77	21	0.37745098039215685	104344355	1.2883010577549392	1.6011360955098755
204	78	18	0.38235294117647056	103274190	1.1157007760513766	1.629017089863893
204	79	19	0.3872549019607843	101973237	1.1927087979480064	1.6423828360846902
204	80	16	0.39215686274509803	100477695	1.0193359624437806	1.687648542602644
204	81	22	0.39705882352941174	98910860	1.4237893181124572	1.7550955423069243
204	82	21	0.4019607843137255	97131241	1.3839722578779456	1.785279768020434
204	83	13	0.4068627450980392	95279776	0.8733928903105111	1.8027306609245628
204	84	21	0.4117647058823529	93390813	1.4394022131197945	1.8492305804494475
204	85	24	0.4166666666666667	91517798	1.678698518351987	1.9190951463469896
204	86	14	0.4215686274509804	89665632	0.9994683575624373	1.9407089734628942
204	87	13	0.4264705882352941	87893508	0.9467898237578373	1.9307875482575891
204	88	15	0.43137254901960786	86162850	1.1143926290843185	1.9396246341700527
204	89	13	0.4362745098039216	84483758	0.9850020988505042	1.9833845928182272
204	90	19	0.4411764705882353	82829471	1.4683708039755219	1.9565238759295411
204	91	14	0.44607843137254904	81195660	1.1037284744632645	1.9701918612281635
204	92	14	0.45098039215686275	79547181	1.126601355550713	1.9759627652589618
204	93	20	0.45588235294117646	77918518	1.6430710337842542	2.0119235866477143
204	94	23	0.46078431372549017	76297278	1.9296823264045748	2.028086041115326
204	95	21	0.46568627450980393	74629453	1.8012585850958451	2.0600676202948627
204	96	21	0.47058823529411764	72841212	1.845479217414132	2.0908741737598735
204	97	16	0.47549019607843135	70911651	1.4443399144233382	2.1562121414121815
204	98	18	0.4803921568627451	68895471	1.6724335033441795	2.1663081121358654
204	99	10	0.4852941176470588	66820398	0.9579833685007161	2.192003162620104
204	100	16	0.49019607843137253	64674126	1.5836399232818026	2.275919395181067
204	101	23	0.4950980392156863	62580101	2.3526569397735004	2.27287880095114
204	102	13	0.5	60584234	1.3735698787373967	2.2793078465290506
204	103	15	0.5049019607843137	58737596	1.6347152672182528	2.27287880095114
204	104	13	0.5098039215686274	57043823	1.458820159174431	2.3047163095037817
204	105	21	0.5147058823529411	55344633	2.4289065737820845	2.3172581029595434
204	106	17	0.5196078431372549	53535843	2.0326907140141133	2.386166663046888
204	107	17	0.5245098039215687	51486441	2.113601344731081	2.419834323143697
204	108	12	0.5294117647058824	49028651	1.566745043683095	2.420435659881374
204	109	14	0.5343137254901961	46078866	1.9448821059276487	2.4565824771962714
204	110	6	0.5392156862745098	42702182	0.899431742770407	2.4961998795778215
204	111	9	0.5441176470588235	39096556	1.4735708936751017	2.527805740856127
204	112	7	0.5490196078431373	35386906	1.266258795623979	2.609013498534345
204	113	4	0.553921568627451	31833357	0.8043490978422227	2.6834735620939667
204	114	10	0.5588235294117647	28518488	2.244608127913321	2.7138411533148195
204	115	5	0.5637254901960784	25527003	1.2538258008705236	2.7782232718077466
204	116	7	0.5686274509803921	22890837	1.957507319300686	2.83675502185031
204	117	6	0.5735294117647058	20587516	1.8655819369543711	2.9306311028572454
204	118	11	0.5784313725490197	18597651	3.78618315596192	3.1028285424785116
204	119	14	0.5833333333333334	16888782	5.306360277777161	3.1028285424785116
204	120	7	0.5882352941176471	15370502	2.9152581335612173	3.1259756655619557
204	121	3	0.5931372549019608	14072098	1.3646756146936692	3.2325950005706208
204	122	5	0.5980392156862745	12946165	2.4722699718641974	3.156441304115821
204	123	7	0.6029411764705882	11959696	3.7466655483901063	3.1868420769725523
204	124	3	0.6078431372549019	11057057	1.736795694205027	3.1389741563775364
204	125	6	0.6127450980392157	10242976	3.7496620099821683	3.153541850573278
204	126	1	0.6176470588235294	9484822	0.6748975358799407	3.1706385284553154
204	127	4	0.6225490196078431	8811997	2.9057127441418107	3.2091341321849574
204	128	5	0.6274509803921569	8158961	3.92285426787789	3.1706385284553154
204	129	4	0.6323529411764706	7521965	3.404048275183334	3.174408734070417
204	130	1	0.6372549019607843	6902669	0.9273634584042565	3.1706385284553154
204	131	2	0.6421568627450981	6340600	2.019141089505678	3.1164688586692524
204	132	0	0.6470588235294118	5803408	0.0	3.171509280527874
204	133	4	0.6519607843137255	5283778	4.8459893629594974	3.1640545831492703
204	134	1	0.6568627450980392	4804156	1.332446947197354	3.198924320047159
204	135	1	0.6617647058823529	4340269	1.4748585850461922	3.1086386633199155
204	136	1	0.6666666666666666	3898219	1.6421045087666577	3.078179445933395
204	137	1	0.6715686274509803	3504787	1.8264399508614506	3.0454549585216024
204	138	1	0.6764705882352942	3164332	2.0229492341700714	3.0454549585216024
204	139	0	0.6813725490196079	2846593	0.0	2.7761646539330687
204	140	0	0.6862745098039216	2559451	0.0	2.528888719232603
204	141	0	0.6911764705882353	2298536	0.0	2.4361680949115723
204	142	1	0.696078431372549	2088141	3.0655415491865017	2.2531949666422286
204	143	1	0.7009803921568627	1902470	3.3647221748883562	2.1631748636988095
204	144	2	0.7058823529411765	1732933	7.38780206281472	1.9321593563275512
204	145	0	0.7107843137254902	1584715	0.0	1.5807349498743655
204	146	0	0.7156862745098039	1451267	0.0	0.0
204	147	1	0.7205882352941176	1339824	4.777704382112764	0.0
204	148	0	0.7254901960784313	1227594	0.0	0.0
204	149	0	0.7303921568627451	1132184	0.0	0.0
204	150	0	0.7352941176470589	1041718	0.0	0.0
204	151	0	0.7401960784313726	962206	0.0	0.0
204	152	1	0.7450980392156863	891108	7.183509738505154	0.0
204	153	1	0.75	831102	7.702162906670724	0.0
204	154	1	0.7549019607843137	776199	8.24696114792708	0.0
204	155	0	0.7598039215686274	720725	0.0	0.0
204	156	1	0.7647058823529411	674321	9.49293140219547	0.0
204	157	0	0.7696078431372549	626384	0.0	0.0
204	158	0	0.7745098039215687	587790	0.0	0.0
204	159	0	0.7794117647058824	551903	0.0	0.0
204	160	0	0.7843137254901961	523391	0.0	0.0
204	161	0	0.7892156862745098	492577	0.0	0.0
204	162	1	0.7941176470588235	461454	13.871985064729856	0.0
204	163	0	0.7990196078431373	424887	0.0	0.0
204	164	0	0.803921568627451	384211	0.0	0.0
204	165	0	0.8088235294117647	339723	0.0	0.0
204	166	0	0.8137254901960784	295339	0.0	0.0
204	167	0	0.8186274509803921	253866	0.0	0.0
204	168	0	0.8235294117647058	212354	0.0	0.0
204	169	0	0.8284313725490197	177564	0.0	0.0
204	170	0	0.8333333333333334	146055	0.0	0.0
204	171	0	0.8382352941176471	123668	0.0	0.0
204	172	0	0.8431372549019608	103152	0.0	0.0
204	173	0	0.8480392156862745	82278	0.0	0.0
204	174	0	0.8529411764705882	65731	0.0	0.0
204	175	0	0.8578431372549019	52554	0.0	0.0
204	176	0	0.8627450980392157	40878	0.0	0.0
204	177	0	0.8676470588235294	32039	0.0	0.0
204	178	0	0.8725490196078431	25997	0.0	0.0
204	179	0	0.8774509803921569	19996	0.0	0.0
204	180	0	0.8823529411764706	15467	0.0	0.0
204	181	0	0.8872549019607843	11278	0.0	0.0
204	182	0	0.8921568627450981	8641	0.0	0.0
204	183	0	0.8970588235294118	5739	0.0	0.0
204	184	0	0.9019607843137255	4339	0.0	0.0
204	185	0	0.9068627450980392	2837	0.0	0.0
204	186	0	0.9117647058823529	2581	0.0	0.0
204	187	0	0.9166666666666666	1916	0.0	0.0
204	188	0	0.9215686274509803	1551	0.0	0.0
204	189	0	0.9264705882352942	1254	0.0	0.0
204	190	0	0.9313725490196079	681	0.0	0.0
204	191	0	0.9362745098039216	579	0.0	0.0
204	192	0	0.9411764705882353	392	0.0	0.0
204	193	0	0.946078431372549	226	0.0	0.0
204	194	0	0.9509803921568627	203	0.0	0.0
204	195	0	0.9558823529411765	75	0.0	0.0
204	196	0	0.9607843137254902	137	0.0	0.0
204	197	0	0.9656862745098039	109	0.0	0.0
204	198	0	0.9705882352941176	31	0.0	0.0
204	199	0	0.9754901960784313	10	0.0	0.0
204	200	0	0.9803921568627451	2	0.0	0.0
204	201	0	0.9852941176470589	0		
204	202	0	0.9901960784313726	0		
204	203	0	0.9950980392156863	0		
204	204	0	1.0	0		
205	0	0	0.0	56409	0.0	0.0
205	1	0	0.004878048780487805	47197	0.0	0.0
205	2	0	0.00975609756097561	55119	0.0	0.0
205	3	0	0.014634146341463415	62746	0.0	0.0
205	4	0	0.01951219512195122	62285	0.0	0.0
205	5	0	0.024390243902439025	70817	0.0	0.0
205	6	0	0.02926829268292683	73358	0.0	0.0
205	7	0	0.03414634146341464	77049	0.0	0.0
205	8	0	0.03902439024390244	81959	0.0	0.0
205	9	0	0.04390243902439024	83342	0.0	0.0
205	10	0	0.04878048780487805	86909	0.0	0.0
205	11	0	0.05365853658536585	87955	0.0	0.0
205	12	0	0.05853658536585366	88307	0.0	0.0
205	13	0	0.06341463414634146	87574	0.0	0.0
205	14	0	0.06829268292682927	89849	0.0	0.0
205	15	0	0.07317073170731707	90862	0.0	0.0
205	16	0	0.07804878048780488	94572	0.0	0.0
205	17	0	0.08292682926829269	94543	0.0	0.0
205	18	0	0.08780487804878048	98631	0.0	0.0
205	19	0	0.09268292682926829	100844	0.0	0.0
205	20	0	0.0975609756097561	106556	0.0	0.0
205	21	0	0.1024390243902439	110174	0.0	0.0
205	22	0	0.1073170731707317	117114	0.0	0.0
205	23	0	0.11219512195121951	123458	0.0	0.0
205	24	0	0.11707317073170732	131799	0.0	0.0
205	25	0	0.12195121951219512	140054	0.0	0.0
205	26	0	0.12682926829268293	148689	0.0	0.0
205	27	0	0.13170731707317074	159330	0.0	0.0
205	28	0	0.13658536585365855	177649	0.0	0.0
205	29	0	0.14146341463414633	195597	0.0	0.0
205	30	0	0.14634146341463414	221228	0.0	0.0
205	31	0	0.15121951219512195	251315	0.0	0.0
205	32	0	0.15609756097560976	291492	0.0	0.0
205	33	0	0.16097560975609757	341056	0.0	0.0
205	34	0	0.16585365853658537	414368	0.0	0.0
205	35	0	0.17073170731707318	502520	0.0	0.0
205	36	0	0.17560975609756097	631302	0.0	0.0
205	37	0	0.18048780487804877	803367	0.0	0.0
205	38	0	0.18536585365853658	1038413	0.0	0.0
205	39	0	0.1902439024390244	1350130	0.0	0.0
205	40	0	0.1951219512195122	1765426	0.0	0.0
205	41	0	0.2	2318313	0.0	0.0
205	42	0	0.2048780487804878	3003897	0.0	0.0
205	43	0	0.2097560975609756	3894849	0.0	0.0
205	44	0	0.2146341463414634	5013235	0.0	0.0
205	45	0	0.21951219512195122	6409567	0.0	0.0
205	46	1	0.22439024390243903	8093894	0.6609228808697957	0.0
205	47	0	0.22926829268292684	10093124	0.0	0.0
205	48	1	0.23414634146341465	12440547	0.4300003641266541	0.33332244587026605
205	49	1	0.23902439024390243	15124780	0.35368711081647164	0.426736703902404
205	50	0	0.24390243902439024	18212714	0.0	0.48508248822718375
205	51	3	0.24878048780487805	21657927	0.7409905490864505	0.5473290382434268
205	52	0	0.25365853658536586	25432793	0.0	0.5671257492976011
205	53	6	0.25853658536585367	29509247	1.0876807002092777	0.6287216829245806
205	54	3	0.2634146341463415	33826864	0.4744252739421621	0.659765378393811
205	55	4	0.2682926829268293	38412402	0.5570533954044066	0.7134004042918919
205	56	3	0.2731707317073171	43146809	0.3719468389841822	0.7696580339724092
205	57	3	0.2780487804878049	48011999	0.33425642660294697	0.8250421565116264
205	58	5	0.28292682926829266	52857282	0.5060267514261094	0.887490418556812
205	59	9	0.28780487804878047	57713538	0.8342056184358821	0.9431148810914911
205	60	5	0.2926829268292683	62496149	0.427981549705947	0.9938888869571598
205	61	3	0.2975609756097561	67153516	0.2389795825404624	1.05650522751902
205	62	13	0.3024390243902439	71599192	0.971277952677899	1.1161222322985476
205	63	10	0.3073170731707317	75860326	0.7051696218567204	1.1287815879775678
205	64	11	0.3121951219512195	79958819	0.7359267917561702	1.1726909918706616
205	65	9	0.3170731707317073	83834549	0.5742854018265523	1.242109844706195
205	66	7	0.32195121951219513	87394134	0.4284735881648908	1.2656733624610461
205	67	9	0.32682926829268294	90702370	0.5308015397989356	1.2742103412030055
205	68	9	0.33170731707317075	93704571	0.5137951878506843	1.2957339752610275
205	69	15	0.33658536585365856	96323104	0.8330462035258053	1.3268075023401737
205	70	21	0.34146341463414637	98607089	1.1392510992655898	1.3451515803783698
205	71	13	0.3463414634146341	100585762	0.6913773404545248	1.381737948487919
205	72	17	0.35121951219512193	102178184	0.890018514900312	1.3840188532020927
205	73	17	0.35609756097560974	103438808	0.8791717280702889	1.4462982291011095
205	74	19	0.36097560975609755	104284709	0.9746333478166999	1.4866357909090897
205	75	16	0.36585365853658536	104638345	0.8179700839014232	1.5177320759539872
205	76	17	0.37073170731707317	104655524	0.8689505541904393	1.5363505026658826
205	77	22	0.375609756097561	104211088	1.1293200803983985	1.5926011697242812
205	78	20	0.3804878048780488	103311939	1.0355898440614408	1.6203335432219534
205	79	15	0.3853658536585366	102105765	0.7858674395027676	1.6436588715188325
205	80	18	0.3902439024390244	100674586	0.9564470949880596	1.6901063356154518
205	81	15	0.3951219512195122	99181599	0.809037128943861	1.752067737322049
205	82	15	0.4	97490063	0.8230746152971643	1.7879097784157112
205	83	17	0.40487804878048783	95677528	0.9504893936943147	1.7973520286839957
205	84	17	0.4097560975609756	93816911	0.9693399048162097	1.8393731761920278
205	85	21	0.4146341463414634	91965223	1.2215295181595964	1.9168733967361513
205	86	23	0.4195121951219512	90115372	1.3653288144724003	1.9394874609131547
205	87	22	0.424390243902439	88315270	1.3325857949431008	1.9303639396419758
205	88	17	0.4292682926829268	86595268	1.0501783489935133	1.9363496762493295
205	89	21	0.43414634146341463	84902019	1.3231515087836703	1.9815344115064895
205	90	20	0.43902439024390244	83272407	1.2848048789882474	1.9945191903327502
205	91	18	0.44390243902439025	81645345	1.1793680989262225	1.9596896675882096
205	92	19	0.44878048780487806	80015248	1.2702498286171695	1.9654298095633922
205	93	18	0.45365853658536587	78377043	1.2285474372747842	1.9955081340790162
205	94	13	0.4585365853658537	76751637	0.9060747019526346	1.9881450374939016
205	95	17	0.4634146341463415	75129703	1.2104463607275384	2.030023917314911
205	96	10	0.4682926829268293	73388184	0.728923846914478	2.0676448202441953
205	97	21	0.47317073170731705	71523862	1.5706399430532685	2.1049907389346996
205	98	15	0.47804878048780486	69523305	1.1541683195156116	2.157763923014416
205	99	16	0.48292682926829267	67488032	1.2682402094486334	2.172939800547808
205	100	18	0.4878048780487805	65362300	1.4731720780759792	2.2437232352453935
205	101	14	0.4926829268292683	63235558	1.1843361350442507	2.266832342894926
205	102	11	0.4975609756097561	61188875	0.96167542121476	2.268846390345234
205	103	18	0.5024390243902439	59274188	1.6244830771671739	2.260763121378261
205	104	13	0.5073170731707317	57528075	1.2088483165680721	2.267157896648336
205	105	12	0.5121951219512195	55854890	1.1492866046145118	2.3049058575818457
205	106	11	0.5170731707317073	54124545	1.0871931974538038	2.349520570899791
205	107	9	0.5219512195121951	52234875	0.9217014046537451	2.4075334220367424
205	108	15	0.526829268292683	50050473	1.6032135420382803	2.4228999176351116
205	109	13	0.5317073170731708	47388401	1.467505025526221	2.4434875571655135
205	110	12	0.5365853658536586	44262931	1.4502717156081923	2.4828937772558812
205	111	10	0.5414634146341464	40820797	1.3104692051786138	2.4684263663712263
205	112	9	0.5463414634146342	37180367	1.2949027011866985	2.5951060382965485
205	113	14	0.551219512195122	33557291	2.2317700305154715	2.669169189240026
205	114	6	0.5560975609756098	30149890	1.064569006374767	2.669169189240026
205	115	12	0.5609756097560976	26996532	2.3778341928962226	2.7240889311778016
205	116	7	0.5658536585365853	24196275	1.5475968172598171	2.763413831493968
205	117	7	0.5707317073170731	21727489	1.723442510063785	2.8505302955539458
205	118	9	0.5756097560975609	19590283	2.4575937805192907	3.0435032899850873
205	119	5	0.5804878048780487	17738988	1.507819876741208	3.097549467489781
205	120	2	0.5853658536585366	16140654	0.6628529104130173	3.086288779612792
205	121	4	0.5902439024390244	14721174	1.4535361758334637	3.1524804379517355
205	122	7	0.5951219512195122	13512257	2.771267463277473	3.1222417177405513
205	123	6	0.6	12463299	2.5752923395008436	3.0994878904526764
205	124	7	0.6048780487804878	11518315	3.2510031354015996	3.0660852762194124
205	125	4	0.6097560975609756	10663988	2.0065437957862495	3.0994878904526764
205	126	1	0.6146341463414634	9880526	0.5414124450393384	3.1537373015020287
205	127	1	0.6195121951219512	9162201	0.5838596795611397	3.1537373015020287
205	128	2	0.624390243902439	8511621	1.2569731993317734	3.0998563855031986
205	129	2	0.6292682926829268	7874725	1.3586353148674408	3.066723680316419
205	130	1	0.6341463414634146	7245544	0.7383075363195303	3.1537373015020287
205	131	3	0.6390243902439025	6650800	2.412990801077203	3.133066906787589
205	132	3	0.6439024390243903	6109515	2.6267746653873933	3.1537373015020287
205	133	3	0.6487804878048781	5582437	2.8747873410491263	3.1277543438262208
205	134	0	0.6536585365853659	5078643	0.0	3.1277543438262208
205	135	0	0.6585365853658537	4614834	0.0	3.1277543438262208
205	136	0	0.6634146341463415	4158705	0.0	3.0292210280473317
205	137	4	0.6682926829268293	3734422	5.7298717069841105	3.0292210280473317
205	138	1	0.6731707317073171	3367531	1.5885346682583632	3.1174049315146135
205	139	0	0.6780487804878049	3036760	0.0	2.9608213128776115
205	140	1	0.6829268292682927	2735251	1.9557399814257463	2.7149800067786685
205	141	1	0.6878048780487804	2455597	2.1784681036565665	2.519218471659761
205	142	2	0.6926829268292682	2214396	4.831511382728974	2.376246653777083
205	143	2	0.697560975609756	2015824	5.307447217549502	2.207552099032238
205	144	0	0.7024390243902439	1837900	0.0	2.0705584119195684
205	145	0	0.7073170731707317	1677812	0.0	1.820387869446872
205	146	0	0.7121951219512195	1533544	0.0	1.0090314170085848
205	147	0	0.7170731707317073	1409511	0.0	0.0
205	148	1	0.7219512195121951	1301621	4.1098290054745235	0.0
205	149	1	0.7268292682926829	1192379	4.486358565468492	0.0
205	150	1	0.7317073170731707	1101294	4.857412952340387	0.0
205	151	1	0.7365853658536585	1013433	5.2785332034133035	0.0
205	152	0	0.7414634146341463	937351	0.0	0.0
205	153	0	0.7463414634146341	869988	0.0	0.0
205	154	0	0.751219512195122	813647	0.0	0.0
205	155	0	0.7560975609756098	756903	0.0	0.0
205	156	1	0.7609756097560976	703711	7.601756601694096	0.0
205	157	0	0.7658536585365854	660265	0.0	0.0
205	158	0	0.7707317073170732	612827	0.0	0.0
205	159	0	0.775609756097561	574923	0.0	0.0
205	160	0	0.7804878048780488	541770	0.0	0.0
205	161	0	0.7853658536585366	514290	0.0	0.0
205	162	0	0.7902439024390244	483680	0.0	0.0
205	163	0	0.7951219512195122	451203	0.0	0.0
205	164	0	0.8	414681	0.0	0.0
205	165	0	0.8048780487804879	372986	0.0	0.0
205	166	0	0.8097560975609757	328737	0.0	0.0
205	167	0	0.8146341463414634	285751	0.0	0.0
205	168	0	0.8195121951219512	243953	0.0	0.0
205	169	0	0.824390243902439	204006	0.0	0.0
205	170	0	0.8292682926829268	170246	0.0	0.0
205	171	0	0.8341463414634146	140338	0.0	0.0
205	172	0	0.8390243902439024	119221	0.0	0.0
205	173	1	0.8439024390243902	98722	54.18690605877873	0.0
205	174	0	0.848780487804878	78844	0.0	0.0
205	175	0	0.8536585365853658	62959	0.0	0.0
205	176	0	0.8585365853658536	50052	0.0	0.0
205	177	0	0.8634146341463415	39157	0.0	0.0
205	178	0	0.8682926829268293	30743	0.0	0.0
205	179	0	0.8731707317073171	24829	0.0	0.0
205	180	0	0.8780487804878049	19281	0.0	0.0
205	181	0	0.8829268292682927	14659	0.0	0.0
205	182	0	0.8878048780487805	10722	0.0	0.0
205	183	0	0.8926829268292683	8187	0.0	0.0
205	184	0	0.8975609756097561	5502	0.0	0.0
205	185	0	0.9024390243902439	4088	0.0	0.0
205	186	0	0.9073170731707317	2724	0.0	0.0
205	187	0	0.9121951219512195	2485	0.0	0.0
205	188	0	0.9170731707317074	1872	0.0	0.0
205	189	0	0.9219512195121952	1483	0.0	0.0
205	190	0	0.926829268292683	1197	0.0	0.0
205	191	0	0.9317073170731708	662	0.0	0.0
205	192	0	0.9365853658536586	547	0.0	0.0
205	193	0	0.9414634146341463	374	0.0	0.0
205	194	0	0.9463414634146341	230	0.0	0.0
205	195	0	0.9512195121951219	195	0.0	0.0
205	196	0	0.9560975609756097	70	0.0	0.0
205	197	0	0.9609756097560975	139	0.0	0.0
205	198	0	0.9658536585365853	103	0.0	0.0
205	199	0	0.9707317073170731	28	0.0	0.0
205	200	0	0.975609756097561	10	0.0	0.0
205	201	0	0.9804878048780488	0		
205	202	0	0.9853658536585366	0		
205	203	0	0.9902439024390244	0		
205	204	0	0.9951219512195122	0		
205	205	0	1.0	0		
206	0	0	0.0	55776	0.0	0.0
206	1	0	0.0048543689320388345	46753	0.0	0.0
206	2	0	0.009708737864077669	54538	0.0	0.0
206	3	0	0.014563106796116505	62222	0.0	0.0
206	4	0	0.019417475728155338	61663	0.0	0.0
206	5	0	0.024271844660194174	70169	0.0	0.0
206	6	0	0.02912621359223301	72667	0.0	0.0
206	7	0	0.03398058252427184	76506	0.0	0.0
206	8	0	0.038834951456310676	81169	0.0	0.0
206	9	0	0.043689320388349516	82629	0.0	0.0
206	10	0	0.04854368932038835	86330	0.0	0.0
206	11	0	0.05339805825242718	87231	0.0	0.0
206	12	0	0.05825242718446602	87437	0.0	0.0
206	13	0	0.06310679611650485	87062	0.0	0.0
206	14	0	0.06796116504854369	88862	0.0	0.0
206	15	0	0.07281553398058252	89864	0.0	0.0
206	16	0	0.07766990291262135	93948	0.0	0.0
206	17	0	0.0825242718446602	93487	0.0	0.0
206	18	0	0.08737864077669903	97818	0.0	0.0
206	19	0	0.09223300970873786	99464	0.0	0.0
206	20	0	0.0970873786407767	105270	0.0	0.0
206	21	0	0.10194174757281553	108623	0.0	0.0
206	22	0	0.10679611650485436	115508	0.0	0.0
206	23	0	0.11165048543689321	121356	0.0	0.0
206	24	0	0.11650485436893204	129562	0.0	0.0
206	25	0	0.12135922330097088	138082	0.0	0.0
206	26	0	0.1262135922330097	146022	0.0	0.0
206	27	0	0.13106796116504854	155704	0.0	0.0
206	28	0	0.13592233009708737	173392	0.0	0.0
206	29	0	0.1407766990291262	190378	0.0	0.0
206	30	0	0.14563106796116504	214930	0.0	0.0
206	31	0	0.15048543689320387	243193	0.0	0.0
206	32	0	0.1553398058252427	280637	0.0	0.0
206	33	0	0.16019417475728157	327648	0.0	0.0
206	34	0	0.1650485436893204	395617	0.0	0.0
206	35	0	0.16990291262135923	476551	0.0	0.0
206	36	0	0.17475728155339806	596969	0.0	0.0
206	37	0	0.1796116504854369	755675	0.0	0.0
206	38	0	0.18446601941747573	974323	0.0	0.0
206	39	0	0.18932038834951456	1263840	0.0	0.0
206	40	0	0.1941747572815534	1648661	0.0	0.0
206	41	0	0.19902912621359223	2163652	0.0	0.0
206	42	0	0.20388349514563106	2807959	0.0	0.0
206	43	0	0.2087378640776699	3641095	0.0	0.0
206	44	0	0.21359223300970873	4685652	0.0	0.0
206	45	1	0.21844660194174756	6006925	1.236408555386325	0.0
206	46	0	0.22330097087378642	7603864	0.0	0.0
206	47	0	0.22815533980582525	9495522	0.0	0.0
206	48	0	0.23300970873786409	11742395	0.0	0.2536052949735581
206	49	1	0.23786407766990292	14312359	0.5189230832991263	0.3567233719986479
206	50	0	0.24271844660194175	17263751	0.0	0.4669135577037248
206	51	1	0.24757281553398058	20593579	0.3606470473910339	0.5021025404194814
206	52	1	0.2524271844660194	24252331	0.306239159508585	0.5726009275485707
206	53	3	0.25728155339805825	28211787	0.7897777047831815	0.6333837320893442
206	54	2	0.2621359223300971	32439427	0.4579004099896093	0.674442787436312
206	55	2	0.2669902912621359	36913134	0.40240492511765596	0.7223488570590514
206	56	3	0.27184466019417475	41568155	0.5360122522804296	0.7530949520385694
206	57	5	0.2766990291262136	46374396	0.800766597754071	0.8296388668876562
206	58	6	0.2815533980582524	51177270	0.8707397008356249	0.874077329642408
206	59	4	0.28640776699029125	56001241	0.5304892055205706	0.9480106459184059
206	60	5	0.2912621359223301	60774723	0.6110281622808877	0.9878974362367886
206	61	8	0.2961165048543689	65443742	0.9078959404936228	1.0705285931071156
206	62	9	0.30097087378640774	69915226	0.9560595735480567	1.1004659860473411
206	63	10	0.3058252427184466	74200830	1.000934014021676	1.1478863303810907
206	64	7	0.3106796116504854	78319375	0.6638088497379864	1.1842579145220984
206	65	11	0.3155339805825243	82234796	0.9934620385901365	1.2473142686165546
206	66	9	0.32038834951456313	85904857	0.7781064248099033	1.2888704287415398
206	67	16	0.32524271844660196	89222956	1.3318569649835856	1.2986053374307218
206	68	9	0.3300970873786408	92349066	0.7238093902766272	1.3393198403752875
206	69	10	0.33495145631067963	95068601	0.7812267545163518	1.3354182270605361
206	70	12	0.33980582524271846	97429721	0.914753328081151	1.3750307764876617
206	71	13	0.3446601941747573	99540646	0.9699673337495922	1.3862877191184257
206	72	13	0.34951456310679613	101224498	0.9538320950757594	1.3853600151466983
206	73	9	0.35436893203883496	102591047	0.6515492638853368	1.444958089067973
206	74	18	0.3592233009708738	103613083	1.2902448072909094	1.5221275267165422
206	75	15	0.3640776699029126	104134742	1.0698178128050675	1.545978667216461
206	76	17	0.36893203883495146	104287736	1.21068146350965	1.5525679221165511
206	77	12	0.3737864077669903	104021702	0.8567843039019685	1.5999956751912523
206	78	18	0.3786407766990291	103293453	1.2942373250718222	1.6370932583633229
206	79	16	0.38349514563106796	102209596	1.162632668903456	1.669563347460407
206	80	15	0.3883495145631068	100848183	1.1046822918312766	1.693197459324747
206	81	14	0.3932038834951456	99413412	1.0459171088695356	1.7422713830101393
206	82	13	0.39805825242718446	97825842	0.9869700380430357	1.8170510849382953
206	83	12	0.4029126213592233	96049279	0.9279003701711078	1.837329744146312
206	84	21	0.4077669902912621	94231799	1.655144912311862	1.8355613659236827
206	85	19	0.41262135922330095	92381967	1.5274978478182437	1.9184818247145892
206	86	22	0.4174757281553398	90568412	1.8040980574375975	1.9781015129240853
206	87	23	0.4223300970873786	88743037	1.9248981710640805	1.9950223445746587
206	88	23	0.42718446601941745	87023668	1.9629293218940393	1.980833986893934
206	89	14	0.4320388349514563	85313408	1.218778980929891	1.9950223445746587
206	90	21	0.4368932038834951	83698998	1.863430703111213	2.0434092331622913
206	91	20	0.441747572815534	82087492	1.8095359672004596	2.0210599680464902
206	92	17	0.44660194174757284	80470803	1.5690066973308072	2.0164291750719756
206	93	18	0.45145631067961167	78835759	1.6957563928337647	2.0390009615846942
206	94	13	0.4563106796116505	77214071	1.2504349757744544	2.0504189100561385
206	95	21	0.46116504854368934	75593336	2.0632411657668346	2.0504189100561385
206	96	11	0.46601941747572817	73926560	1.1051122638088937	2.1185486515470147
206	97	10	0.470873786407767	72098718	1.030117270818047	2.1337394033734203
206	98	19	0.47572815533980584	70163174	2.0112153958387915	2.1888388341325893
206	99	17	0.48058252427184467	68140615	1.8529217684135666	2.2137262025133237
206	100	12	0.4854368932038835	66040282	1.3495424132012035	2.231678247678714
206	101	13	0.49029126213592233	63928425	1.510301168851446	2.3206802380726472
206	102	13	0.49514563106796117	61820416	1.5618007973342012	2.3206802380726472
206	103	13	0.5	59864287	1.6128342930123265	2.32444024447829
206	104	10	0.5048543689320388	58037284	1.2796969378449894	2.32444024447829
206	105	11	0.5097087378640777	56342042	1.4500210708941648	2.352461788085129
206	106	13	0.5145631067961165	54662577	1.7663121700305495	2.3628443774676664
206	107	4	0.5194174757281553	52884135	0.5617573937109116	2.4402972248189596
206	108	11	0.5242718446601942	50896449	1.6051640081453227	2.474939540816424
206	109	13	0.529126213592233	48528871	1.9895615333876613	2.474939540816424
206	110	8	0.5339805825242718	45668123	1.301041159333656	2.482138187169481
206	111	9	0.5388349514563107	42426779	1.5754936558836108	2.529608635904456
206	112	13	0.5436893203883495	38926629	2.480337431744527	2.547702950500181
206	113	8	0.5485436893203883	35316184	1.6824045228814077	2.6580991655064943
206	114	10	0.5533980582524272	31807998	2.3349515620454957	2.694556375868894
206	115	6	0.558252427184466	28554922	1.5605744175867124	2.694556375868894
206	116	13	0.5631067961165048	25571195	3.7757787620145242	2.7292195606661522
206	117	8	0.5679611650485437	22956019	2.5882583427253656	2.824261048035225
206	118	4	0.5728155339805825	20653344	1.4384137428910302	2.852063694434625
206	119	5	0.5776699029126213	18666056	1.989443689005326	3.1115325175557262
206	120	5	0.5825242718446602	16942717	2.1918011914983886	3.186498486387613
206	121	3	0.587378640776699	15436333	1.4434153749269338	3.163336352889269
206	122	5	0.5922330097087378	14117717	2.6303875695921657	3.2736499744087615
206	123	3	0.5970873786407767	12996187	1.7144290386628016	3.210693926461382
206	124	5	0.6019417475728155	12006260	3.092975440130399	3.2464306238958223
206	125	3	0.6067961165048543	11094830	2.0082363032774726	3.163336352889269
206	126	5	0.6116504854368932	10293080	3.607770201710275	3.2464306238958223
206	127	2	0.616504854368932	9533458	1.5580943371364304	3.2736499744087615
206	128	1	0.6213592233009708	8857626	0.838488039748348	3.2464306238958223
206	129	1	0.6262135922330098	8221608	0.9033529039044431	3.2114518847359474
206	130	1	0.6310679611650486	7593122	0.9781238154166363	3.2114518847359474
206	131	1	0.6359223300970874	6981667	1.0637879838101703	3.2404985223571168
206	132	1	0.6407766990291263	6411273	1.158430386845795	2.8913432975054363
206	133	1	0.6456310679611651	5881368	1.2628037323228203	3.138206798828729
206	134	0	0.6504854368932039	5369582	0.0	3.0473919556650806
206	135	4	0.6553398058252428	4883687	6.083119955528682	3.138206798828729
206	136	2	0.6601941747572816	4429273	3.353603835917994	2.8913432975054363
206	137	3	0.6650485436893204	3982512	5.594720212943991	2.8718263079241777
206	138	0	0.6699029126213593	3583010	0.0	2.899639157025435
206	139	0	0.6747572815533981	3234570	0.0	3.092604552492027
206	140	2	0.6796116504854369	2917811	5.090811887105779	2.8718263079241777
206	141	0	0.6844660194174758	2625664	0.0	2.5928571078945253
206	142	0	0.6893203883495146	2358306	0.0	2.3582541852441645
206	143	1	0.6941747572815534	2135951	3.4771459933135174	2.2855975621868385
206	144	0	0.6990291262135923	1948401	0.0	2.140123612218331
206	145	0	0.7038834951456311	1776700	0.0	1.9808461078107726
206	146	0	0.7087378640776699	1623417	0.0	0.0
206	147	0	0.7135922330097088	1485791	0.0	0.0
206	148	0	0.7184466019417476	1370476	0.0	0.0
206	149	2	0.7233009708737864	1264059	11.751055071897751	0.0
206	150	1	0.7281553398058253	1159003	6.40810546785815	0.0
206	151	0	0.7330097087378641	1071401	0.0	0.0
206	152	0	0.7378640776699029	985556	0.0	0.0
206	153	0	0.7427184466019418	915098	0.0	0.0
206	154	0	0.7475728155339806	849604	0.0	0.0
206	155	0	0.7524271844660194	795241	0.0	0.0
206	156	0	0.7572815533980582	738579	0.0	0.0
206	157	0	0.7621359223300971	688498	0.0	0.0
206	158	0	0.7669902912621359	645371	0.0	0.0
206	159	1	0.7718446601941747	600215	12.373921780635273	0.0
206	160	0	0.7766990291262136	562019	0.0	0.0
206	161	0	0.7815533980582524	533285	0.0	0.0
206	162	0	0.7864077669902912	504967	0.0	0.0
206	163	0	0.7912621359223301	473925	0.0	0.0
206	164	0	0.7961165048543689	441642	0.0	0.0
206	165	0	0.8009708737864077	404080	0.0	0.0
206	166	0	0.8058252427184466	362132	0.0	0.0
206	167	0	0.8106796116504854	317841	0.0	0.0
206	168	0	0.8155339805825242	276254	0.0	0.0
206	169	1	0.8203883495145631	234593	31.659143544624094	0.0
206	170	0	0.8252427184466019	195975	0.0	0.0
206	171	0	0.8300970873786407	162844	0.0	0.0
206	172	0	0.8349514563106796	135248	0.0	0.0
206	173	0	0.8398058252427184	114781	0.0	0.0
206	174	0	0.8446601941747572	94700	0.0	0.0
206	175	0	0.8495145631067961	75212	0.0	0.0
206	176	0	0.8543689320388349	60379	0.0	0.0
206	177	0	0.8592233009708737	47754	0.0	0.0
206	178	0	0.8640776699029126	37512	0.0	0.0
206	179	0	0.8689320388349514	29479	0.0	0.0
206	180	0	0.8737864077669902	23719	0.0	0.0
206	181	0	0.8786407766990292	18576	0.0	0.0
206	182	0	0.883495145631068	13911	0.0	0.0
206	183	0	0.8883495145631068	10187	0.0	0.0
206	184	0	0.8932038834951457	7771	0.0	0.0
206	185	0	0.8980582524271845	5238	0.0	0.0
206	186	0	0.9029126213592233	3869	0.0	0.0
206	187	0	0.9077669902912622	2628	0.0	0.0
206	188	0	0.912621359223301	2392	0.0	0.0
206	189	0	0.9174757281553398	1816	0.0	0.0
206	190	0	0.9223300970873787	1438	0.0	0.0
206	191	0	0.9271844660194175	1120	0.0	0.0
206	192	0	0.9320388349514563	663	0.0	0.0
206	193	0	0.9368932038834952	503	0.0	0.0
206	194	0	0.941747572815534	365	0.0	0.0
206	195	0	0.9466019417475728	228	0.0	0.0
206	196	0	0.9514563106796117	186	0.0	0.0
206	197	0	0.9563106796116505	73	0.0	0.0
206	198	0	0.9611650485436893	134	0.0	0.0
206	199	0	0.9660194174757282	100	0.0	0.0
206	200	0	0.970873786407767	27	0.0	0.0
206	201	0	0.9757281553398058	6	0.0	0.0
206	202	0	0.9805825242718447	0		
206	203	0	0.9854368932038835	0		
206	204	0	0.9902912621359223	0		
206	205	0	0.9951456310679612	0		
206	206	0	1.0	0		
207	0	0	0.0	55154	0.0	0.0
207	1	0	0.004830917874396135	46299	0.0	0.0
207	2	0	0.00966183574879227	53971	0.0	0.0
207	3	0	0.014492753623188406	61728	0.0	0.0
207	4	0	0.01932367149758454	61024	0.0	0.0
207	5	0	0.024154589371980676	69553	0.0	0.0
207	6	0	0.028985507246376812	71941	0.0	0.0
207	7	0	0.033816425120772944	75971	0.0	0.0
207	8	0	0.03864734299516908	80405	0.0	0.0
207	9	0	0.043478260869565216	81943	0.0	0.0
207	10	0	0.04830917874396135	85736	0.0	0.0
207	11	0	0.05314009661835749	86554	0.0	0.0
207	12	0	0.057971014492753624	86554	0.0	0.0
207	13	0	0.06280193236714976	86543	0.0	0.0
207	14	0	0.06763285024154589	87950	0.0	0.0
207	15	0	0.07246376811594203	88843	0.0	0.0
207	16	0	0.07729468599033816	93244	0.0	0.0
207	17	0	0.0821256038647343	92592	0.0	0.0
207	18	0	0.08695652173913043	96802	0.0	0.0
207	19	0	0.09178743961352658	98498	0.0	0.0
207	20	0	0.0966183574879227	103734	0.0	0.0
207	21	0	0.10144927536231885	107110	0.0	0.0
207	22	0	0.10628019323671498	114000	0.0	0.0
207	23	0	0.1111111111111111	119580	0.0	0.0
207	24	0	0.11594202898550725	127119	0.0	0.0
207	25	0	0.12077294685990338	136228	0.0	0.0
207	26	0	0.12560386473429952	143331	0.0	0.0
207	27	0	0.13043478260869565	152433	0.0	0.0
207	28	0	0.13526570048309178	169329	0.0	0.0
207	29	0	0.14009661835748793	185304	0.0	0.0
207	30	0	0.14492753623188406	208730	0.0	0.0
207	31	0	0.1497584541062802	235951	0.0	0.0
207	32	0	0.15458937198067632	270607	0.0	0.0
207	33	0	0.15942028985507245	314333	0.0	0.0
207	34	0	0.1642512077294686	378273	0.0	0.0
207	35	0	0.16908212560386474	453879	0.0	0.0
207	36	0	0.17391304347826086	563959	0.0	0.0
207	37	0	0.178743961352657	711816	0.0	0.0
207	38	0	0.18357487922705315	913953	0.0	0.0
207	39	0	0.18840579710144928	1185213	0.0	0.0
207	40	0	0.1932367149758454	1540663	0.0	0.0
207	41	0	0.19806763285024154	2017680	0.0	0.0
207	42	0	0.2028985507246377	2627430	0.0	0.0
207	43	0	0.20772946859903382	3401720	0.0	0.0
207	44	0	0.21256038647342995	4382220	0.0	0.0
207	45	1	0.21739130434782608	5624452	1.5755767145909758	0.0
207	46	0	0.2222222222222222	7140198	0.0	0.0
207	47	0	0.22705314009661837	8934560	0.0	0.0
207	48	1	0.2318840579710145	11073377	0.8002757969438451	0.0
207	49	0	0.23671497584541062	13536292	0.0	0.31236601517318224
207	50	2	0.24154589371980675	16364583	1.0830408087434484	0.4178386093175562
207	51	1	0.2463768115942029	19559839	0.4530587191200625	0.4738323222814538
207	52	3	0.25120772946859904	23120011	1.149881235376745	0.5509192837224302
207	53	1	0.2560386473429952	26949932	0.3288229299997731	0.6196285372073773
207	54	6	0.2608695652173913	31093669	1.7100115660589255	0.6598323743394541
207	55	1	0.26570048309178745	35450399	0.24997618795587165	0.6936813472285931
207	56	2	0.27053140096618356	40022716	0.44283629344568437	0.7485049551939242
207	57	3	0.2753623188405797	44763372	0.5939067059247443	0.8027113680284432
207	58	3	0.28019323671497587	49532983	0.5367184691986737	0.8784530082626489
207	59	2	0.28502415458937197	54305435	0.3263671712982188	0.9615152571357325
207	60	6	0.2898550724637681	59064395	0.9002129560661354	1.0016555067253086
207	61	5	0.2946859903381642	63743217	0.6951136152678522	1.0859414679800488
207	62	9	0.2995169082125604	68233052	1.1688734138964176	1.0995828887610735
207	63	5	0.30434782608695654	72555191	0.6106906674351283	1.1212477616754108
207	64	6	0.30917874396135264	76677915	0.6934269616121912	1.178759782162525
207	65	14	0.3140096618357488	80636478	1.538566434529606	1.2152780704520676
207	66	11	0.3188405797101449	84380949	1.1552289088249184	1.291604503721158
207	67	12	0.32367149758454106	87761894	1.2116997753309167	1.2995317219508875
207	68	12	0.3285024154589372	90961815	1.169073717827813	1.2995317219508875
207	69	15	0.3333333333333333	93780139	1.417425218926362	1.3084912783283995
207	70	15	0.33816425120772947	96254267	1.3809915985648684	1.3185702307953227
207	71	12	0.34299516908212563	98425031	1.0804270637457634	1.4002184544158067
207	72	17	0.34782608695652173	100258797	1.5026097436625832	1.4044421493636512
207	73	21	0.3526570048309179	101726073	1.8293920347660282	1.4311559993144785
207	74	15	0.357487922705314	102864824	1.2922428570238906	1.5075322369227353
207	75	11	0.36231884057971014	103575535	0.9411422459838714	1.5519382318901567
207	76	19	0.3671497584541063	103853979	1.621250895617184	1.5568904050296632
207	77	14	0.3719806763285024	103783308	1.1954193871858951	1.5958248920928277
207	78	12	0.37681159420289856	103206388	1.0303729188004886	1.6439532169797022
207	79	18	0.38164251207729466	102270971	1.559695770011058	1.6930932949978066
207	80	17	0.3864734299516908	101019307	1.491297552259876	1.7186878650391415
207	81	11	0.391304347826087	99596700	0.9787403763265358	1.7862930141904054
207	82	18	0.3961352657004831	98106789	1.6258976824083358	1.8416533445391627
207	83	22	0.40096618357487923	96424991	2.0218682030031214	1.8649900033508657
207	84	15	0.4057971014492754	94616819	1.4048911753524462	1.872028568233469
207	85	17	0.4106280193236715	92801901	1.6233486990755603	1.9201184580545239
207	86	16	0.41545893719806765	91002282	1.5580718036999808	2.010654644668205
207	87	15	0.42028985507246375	89185134	1.490453936560993	2.041667100777539
207	88	14	0.4251207729468599	87430341	1.4190105749385677	2.0184008721328017
207	89	14	0.42995169082125606	85741219	1.4469654140266541	2.0244416901535125
207	90	23	0.43478260869565216	84102499	2.4234758931633746	2.079222356798923
207	91	13	0.4396135265700483	82510264	1.3962241454705608	2.0911351975221577
207	92	14	0.4444444444444444	80925508	1.5330713580381234	2.0467857040661928
207	93	7	0.4492753623188406	79284765	0.7823986011025259	2.051486211763612
207	94	17	0.45410628019323673	77677854	1.939418218995712	2.0696972997327343
207	95	17	0.45893719806763283	76058758	1.9807034616590629	2.096952125766599
207	96	13	0.463768115942029	74414588	1.5481214899147244	2.1225064728030394
207	97	18	0.46859903381642515	72675796	2.1948380292060867	2.1504425481248854
207	98	15	0.47342995169082125	70772097	1.8782308238375311	2.1903233218307685
207	99	11	0.4782608695652174	68790870	1.4170385058203376	2.2470529587825867
207	100	15	0.4830917874396135	66717599	1.992372867809881	2.2545785568381604
207	101	13	0.48792270531400966	64613338	1.782957302808754	2.2652752647566903
207	102	11	0.4927536231884058	62511761	1.559375549168757	2.340872605695641
207	103	18	0.4975845410628019	60468508	2.6379285042657843	2.3437253802483067
207	104	22	0.5024154589371981	58592499	3.3273648778448957	2.3240867615702006
207	105	12	0.5072463768115942	56838903	1.870920472240918	2.3437253802483067
207	106	11	0.5120772946859904	55173619	1.766773929382466	2.3677781907223077
207	107	8	0.5169082125603864	53461263	1.3260824913223086	2.4139231786328694
207	108	10	0.5217391304347826	51618162	1.7167902265746393	2.477034916564111
207	109	8	0.5265700483091788	49484233	1.432659263977622	2.477034916564111
207	110	9	0.5314009661835749	46922033	1.6997515949876212	2.545247672965346
207	111	8	0.5362318840579711	43899910	1.614901826183178	2.5459130660571656
207	112	13	0.5410628019323671	40582490	2.83873224254969	2.51950577774889
207	113	6	0.5458937198067633	37053813	1.4349544437223738	2.620216326901742
207	114	13	0.5507246376811594	33512829	3.437573797364298	2.6981157777360423
207	115	7	0.5555555555555556	30142959	2.0579362903536613	2.6981157777360423
207	116	5	0.5603864734299517	27042275	1.6385003856988074	2.7034784420550793
207	117	4	0.5652173913043478	24249589	1.461757657589107	2.815179534957736
207	118	1	0.5700483091787439	21800759	0.4064883981119485	2.879875354414385
207	119	8	0.5748792270531401	19658043	3.606363300165594	2.9654766824388687
207	120	2	0.5797101449275363	17807806	0.9952664133397056	3.2374947268006222
207	121	8	0.5845410628019324	16195405	4.377417225952494	3.3229334561167225
207	122	2	0.5893719806763285	14784121	1.198820762294173	3.390321189333173
207	123	2	0.5942028985507246	13558853	1.3071541676179605	3.4265221374500388
207	124	3	0.5990338164251208	12513643	2.12450257775485	3.390321189333173
207	125	4	0.6038647342995169	11563881	3.0653223095376525	3.295304329246019
207	126	4	0.6086956521739131	10705924	3.3109727300640817	3.295304329246019
207	127	5	0.6135265700483091	9931340	4.461510533087501	3.2892829223081543
207	128	0	0.6183574879227053	9207494	0.0	3.2892829223081543
207	129	2	0.6231884057971014	8563929	2.069553730194317	3.2597989992578555
207	130	1	0.6280193236714976	7940715	1.1159896311018145	3.0430533727348674
207	131	0	0.6328502415458938	7317773	0.0	3.093269214039697
207	132	2	0.6376811594202898	6728720	2.6340093222885317	2.982217359552435
207	133	2	0.642512077294686	6178921	2.868382878996072	2.78492470465191
207	134	0	0.6473429951690821	5663396	0.0	2.8503076542449195
207	135	3	0.6521739130434783	5163700	5.148491742472245	2.8503076542449195
207	136	2	0.6570048309178744	4696421	3.7738335654042277	2.9150604961915363
207	137	2	0.6618357487922706	4244576	4.175566936973042	2.8503076542449195
207	138	1	0.6666666666666666	3816175	2.3221565058034925	2.9095729773317216
207	139	2	0.6714975845410628	3442829	5.1479499002330025	2.9150604961915363
207	140	2	0.6763285024154589	3106754	5.704832505911086	3.042641660287103
207	141	2	0.6811594202898551	2802291	6.324650511695355	2.8503076542449195
207	142	1	0.6859903381642513	2520969	3.5152179989260657	2.631891527226835
207	143	1	0.6908212560386473	2270083	3.903714359137813	2.623936532864844
207	144	0	0.6956521739130435	2060658	0.0	2.3200063128255315
207	145	0	0.7004830917874396	1884397	0.0	2.172342311138513
207	146	0	0.7053140096618358	1717476	0.0	0.0
207	147	0	0.7101449275362319	1572483	0.0	0.0
207	148	0	0.714975845410628	1440916	0.0	0.0
207	149	0	0.7198067632850241	1334401	0.0	0.0
207	150	0	0.7246376811594203	1225613	0.0	0.0
207	151	1	0.7294685990338164	1127190	7.861811765128012	0.0
207	152	0	0.7342995169082126	1041874	0.0	0.0
207	153	0	0.7391304347826086	960691	0.0	0.0
207	154	1	0.7439613526570048	892981	9.92378964785885	0.0
207	155	1	0.748792270531401	831270	10.660502127509286	0.0
207	156	0	0.7536231884057971	775260	0.0	0.0
207	157	0	0.7584541062801933	721917	0.0	0.0
207	158	0	0.7632850241545893	673590	0.0	0.0
207	159	0	0.7681159420289855	631188	0.0	0.0
207	160	0	0.7729468599033816	587063	0.0	0.0
207	161	0	0.7777777777777778	550909	0.0	0.0
207	162	0	0.782608695652174	524759	0.0	0.0
207	163	0	0.7874396135265701	495323	0.0	0.0
207	164	0	0.7922705314009661	464883	0.0	0.0
207	165	0	0.7971014492753623	431256	0.0	0.0
207	166	0	0.8019323671497585	393904	0.0	0.0
207	167	0	0.8067632850241546	351084	0.0	0.0
207	168	0	0.8115942028985508	307865	0.0	0.0
207	169	0	0.8164251207729468	266646	0.0	0.0
207	170	0	0.821256038647343	225426	0.0	0.0
207	171	0	0.8260869565217391	187922	0.0	0.0
207	172	0	0.8309178743961353	156126	0.0	0.0
207	173	0	0.8357487922705314	130327	0.0	0.0
207	174	0	0.8405797101449275	110633	0.0	0.0
207	175	0	0.8454106280193237	90503	0.0	0.0
207	176	0	0.8502415458937198	71950	0.0	0.0
207	177	0	0.855072463768116	57855	0.0	0.0
207	178	0	0.8599033816425121	45579	0.0	0.0
207	179	0	0.8647342995169082	36004	0.0	0.0
207	180	0	0.8695652173913043	28183	0.0	0.0
207	181	0	0.8743961352657005	22690	0.0	0.0
207	182	0	0.8792270531400966	17877	0.0	0.0
207	183	0	0.8840579710144928	13222	0.0	0.0
207	184	0	0.8888888888888888	9678	0.0	0.0
207	185	0	0.893719806763285	7378	0.0	0.0
207	186	0	0.8985507246376812	4970	0.0	0.0
207	187	0	0.9033816425120773	3664	0.0	0.0
207	188	0	0.9082125603864735	2537	0.0	0.0
207	189	0	0.9130434782608695	2316	0.0	0.0
207	190	0	0.9178743961352657	1745	0.0	0.0
207	191	0	0.9227053140096618	1409	0.0	0.0
207	192	0	0.927536231884058	1053	0.0	0.0
207	193	0	0.9323671497584541	652	0.0	0.0
207	194	0	0.9371980676328503	453	0.0	0.0
207	195	0	0.9420289855072463	368	0.0	0.0
207	196	0	0.9468599033816425	226	0.0	0.0
207	197	0	0.9516908212560387	173	0.0	0.0
207	198	0	0.9565217391304348	76	0.0	0.0
207	199	0	0.961352657004831	131	0.0	0.0
207	200	0	0.966183574879227	97	0.0	0.0
207	201	0	0.9710144927536232	26	0.0	0.0
207	202	0	0.9758454106280193	2	0.0	0.0
207	203	0	0.9806763285024155	0		
207	204	0	0.9855072463768116	0		
207	205	0	0.9903381642512077	0		
207	206	0	0.9951690821256038	0		
207	207	0	1.0	0		
208	0	0	0.0	54540	0.0	0.0
208	1	0	0.004807692307692308	45853	0.0	0.0
208	2	0	0.009615384615384616	53407	0.0	0.0
208	3	0	0.014423076923076924	61233	0.0	0.0
208	4	0	0.019230769230769232	60416	0.0	0.0
208	5	0	0.02403846153846154	68902	0.0	0.0
208	6	0	0.028846153846153848	71285	0.0	0.0
208	7	0	0.03365384615384615	75391	0.0	0.0
208	8	0	0.038461538461538464	79677	0.0	0.0
208	9	0	0.04326923076923077	81220	0.0	0.0
208	10	0	0.04807692307692308	85188	0.0	0.0
208	11	0	0.052884615384615384	85836	0.0	0.0
208	12	0	0.057692307692307696	85802	0.0	0.0
208	13	0	0.0625	85935	0.0	0.0
208	14	0	0.0673076923076923	87065	0.0	0.0
208	15	0	0.07211538461538461	87934	0.0	0.0
208	16	0	0.07692307692307693	92453	0.0	0.0
208	17	0	0.08173076923076923	91774	0.0	0.0
208	18	0	0.08653846153846154	95703	0.0	0.0
208	19	0	0.09134615384615384	97541	0.0	0.0
208	20	0	0.09615384615384616	102347	0.0	0.0
208	21	0	0.10096153846153846	105649	0.0	0.0
208	22	0	0.10576923076923077	112418	0.0	0.0
208	23	0	0.11057692307692307	117927	0.0	0.0
208	24	0	0.11538461538461539	124985	0.0	0.0
208	25	0	0.1201923076923077	133908	0.0	0.0
208	26	0	0.125	141277	0.0	0.0
208	27	0	0.12980769230769232	149119	0.0	0.0
208	28	0	0.1346153846153846	165163	0.0	0.0
208	29	0	0.13942307692307693	180720	0.0	0.0
208	30	0	0.14423076923076922	202915	0.0	0.0
208	31	0	0.14903846153846154	228907	0.0	0.0
208	32	0	0.15384615384615385	261484	0.0	0.0
208	33	0	0.15865384615384615	301611	0.0	0.0
208	34	0	0.16346153846153846	362278	0.0	0.0
208	35	0	0.16826923076923078	432296	0.0	0.0
208	36	0	0.17307692307692307	534392	0.0	0.0
208	37	0	0.1778846153846154	670728	0.0	0.0
208	38	0	0.18269230769230768	858188	0.0	0.0
208	39	1	0.1875	1111533	7.454948113379141	0.0
208	40	0	0.19230769230769232	1441472	0.0	0.0
208	41	0	0.1971153846153846	1882453	0.0	0.0
208	42	0	0.20192307692307693	2456825	0.0	0.0
208	43	1	0.20673076923076922	3179129	2.606506637921473	0.0
208	44	0	0.21153846153846154	4098941	0.0	0.0
208	45	0	0.21634615384615385	5266787	0.0	0.0
208	46	0	0.22115384615384615	6697275	0.0	0.0
208	47	0	0.22596153846153846	8406532	0.0	0.0
208	48	0	0.23076923076923078	10436370	0.0	0.0
208	49	0	0.23557692307692307	12796205	0.0	0.0
208	50	0	0.2403846153846154	15504457	0.0	0.4320877560134937
208	51	1	0.24519230769230768	18572624	0.44616317227488456	0.483957049538948
208	52	0	0.25	22018110	0.0	0.5677727217573284
208	53	1	0.2548076923076923	25739196	0.3219378274794852	0.624819309925368
208	54	0	0.25961538461538464	29772857	0.0	0.6693897421306407
208	55	2	0.2644230769230769	34037927	0.4868933904998771	0.6792171836953912
208	56	1	0.2692307692307692	38513635	0.21515551158203206	0.756285811570407
208	57	4	0.27403846153846156	43174978	0.7677058541925517	0.8096678738863393
208	58	4	0.27884615384615385	47912605	0.6917946407888826	0.8687361760951419
208	59	3	0.28365384615384615	52638947	0.4722598748779296	0.9791400629200177
208	60	1	0.28846153846153844	57371622	0.14443413925631482	1.0139806823753104
208	61	5	0.2932692307692308	62043596	0.6677901810614472	1.076655147104342
208	62	9	0.2980769230769231	66562977	1.1204094367921358	1.1342617347064907
208	63	7	0.30288461538461536	70909154	0.8180177398416091	1.1460680659921336
208	64	11	0.3076923076923077	75058224	1.214398961190385	1.1649234062266804
208	65	4	0.3125	79024427	0.41943592156934745	1.2031963220742528
208	66	6	0.3173076923076923	82837714	0.6001919010929241	1.2724347855578626
208	67	14	0.32211538461538464	86303125	1.344214265454712	1.290670054968523
208	68	7	0.3269230769230769	89549194	0.6477439192714631	1.290670054968523
208	69	9	0.3317307692307692	92475977	0.8064557952361823	1.290670054968523
208	70	12	0.33653846153846156	95048269	1.0461742348585419	1.2911187950535243
208	71	9	0.34134615384615385	97292638	0.7665306348439016	1.374780394434317
208	72	12	0.34615384615384615	99253719	1.0018470954796552	1.3978406068707925
208	73	15	0.35096153846153844	100818986	1.2328661252319066	1.4158408492364403
208	74	8	0.3557692307692308	102088633	0.6493511058226163	1.4992618025637396
208	75	15	0.3605769230769231	102949163	1.2073562231839596	1.5314987234896933
208	76	12	0.36538461538461536	103369797	0.9619545842360885	1.5625498555046256
208	77	15	0.3701923076923077	103466843	1.20131540709742	1.566615796582716
208	78	15	0.375	103070391	1.205936170549987	1.634641642089156
208	79	16	0.3798076923076923	102279605	1.2962773317411471	1.657790084966781
208	80	16	0.38461538461538464	101144617	1.3108234268259527	1.6872178913296971
208	81	5	0.3894230769230769	99782876	0.4152225899616611	1.751343292832851
208	82	9	0.3942307692307692	98342185	0.7583499143503666	1.7911656311963893
208	83	18	0.39903846153846156	96751350	1.5416381801758405	1.8294890179599679
208	84	10	0.40384615384615385	94999914	0.8722556150217837	1.8546098641585098
208	85	11	0.40865384615384615	93214904	0.9778546706908073	1.8800814763894138
208	86	18	0.41346153846153844	91417596	1.631584964710249	1.974101533769708
208	87	12	0.4182692307692308	89617909	1.1095667284058577	1.9990956709070558
208	88	14	0.4230769230769231	87863367	1.320344254259243	2.0265414035461595
208	89	15	0.42788461538461536	86142981	1.442907027092896	2.0087100405841394
208	90	15	0.4326923076923077	84515787	1.4706875133237514	2.0415940266397765
208	91	14	0.4375	82915700	1.3991305841755082	2.083412307315529
208	92	16	0.4423076923076923	81354107	1.629699327422259	2.0707548953301367
208	93	8	0.44711538461538464	79739636	0.8313477469406713	2.0475322931225564
208	94	16	0.4519230769230769	78130087	1.6969484938745618	2.07506469273506
208	95	7	0.4567307692307692	76530302	0.7579343655165582	2.083412307315529
208	96	10	0.46153846153846156	74881526	1.1066041631294554	2.106623117808579
208	97	10	0.46634615384615385	73219540	1.131722603188801	2.155951453148415
208	98	4	0.47115384615384615	71366919	0.4644404414492746	2.1754636739415525
208	99	17	0.47596153846153844	69430978	2.0289092615438475	2.219350040102104
208	100	10	0.4807692307692308	67389068	1.2296387362574381	2.218041312152858
208	101	16	0.4855769230769231	65296114	2.030484286720929	2.2344347531591002
208	102	12	0.49038461538461536	63216968	1.572948738947807	2.3198711727776904
208	103	4	0.4951923076923077	61127061	0.5422423853362527	2.3115167196367032
208	104	16	0.5	59178907	2.240371446213741	2.3203945020782193
208	105	13	0.5048076923076923	57375806	1.8775068874328757	2.3484059356955727
208	106	10	0.5096153846153846	55666630	1.4885795747485802	2.398262369963071
208	107	19	0.5144230769230769	54004425	2.915353621205382	2.365203646273845
208	108	12	0.5192307692307693	52238263	1.903529029969926	2.4598161282081725
208	109	9	0.5240384615384616	50286821	1.48304836314425	2.4921759294027495
208	110	12	0.5288461538461539	47990599	2.072011022319264	2.46103890787759
208	111	13	0.5336538461538461	45236526	2.3813382782093506	2.492827448178167
208	112	14	0.5384615384615384	42105253	2.755235594435715	2.5655813888338703
208	113	8	0.5432692307692307	38736910	1.711323043848083	2.5655813888338703
208	114	4	0.5480769230769231	35219352	0.941121329127084	2.712542339734586
208	115	7	0.5528846153846154	31788866	1.8246937745171716	2.7564793589595866
208	116	7	0.5576923076923077	28568970	2.0303478175503207	2.7564793589595866
208	117	2	0.5625	25630575	0.6466043653963016	2.8198261859483336
208	118	2	0.5673076923076923	23020533	0.7199156371669287	2.83463581980391
208	119	5	0.5721153846153846	20731269	1.998531985984229	3.00119009584783
208	120	7	0.5769230769230769	18734949	3.0960824013537795	3.1670270081593768
208	121	7	0.5817307692307693	17008114	3.4104278633810066	3.2726920098764576
208	122	2	0.5865384615384616	15495349	1.0695365223859954	3.319628557466232
208	123	6	0.5913461538461539	14183165	3.505460526465844	3.360680599271493
208	124	3	0.5961538461538461	13039966	1.9063901335268794	3.3704045066599604
208	125	6	0.6009615384615384	12051666	4.125448302985823	3.360680599271493
208	126	1	0.6057692307692307	11145785	0.7434578041213478	3.2265929232087807
208	127	4	0.6105769230769231	10335888	3.2068539602242807	3.253645946641019
208	128	2	0.6153846153846154	9586206	1.7288217760621158	3.253645946641019
208	129	0	0.6201923076923077	8900051	0.0	3.3712946071799053
208	130	5	0.625	8282231	5.002529415871554	3.220697070482511
208	131	0	0.6298076923076923	7658527	0.0	3.0287705044479787
208	132	0	0.6346153846153846	7056841	0.0	3.191827925797384
208	133	3	0.6394230769230769	6485125	3.833274227393607	2.8736754001854665
208	134	2	0.6442307692307693	5952308	2.7842715267115397	3.0287705044479787
208	135	1	0.6490384615384616	5453493	1.5194703360412594	2.848904574578717
208	136	0	0.6538461538461539	4968020	0.0	2.8736754001854665
208	137	0	0.6586538461538461	4509161	0.0	2.8736754001854665
208	138	1	0.6634615384615384	4068558	2.036697238016185	2.8736754001854665
208	139	0	0.6682692307692307	3660761	0.0	3.0287705044479787
208	140	0	0.6730769230769231	3308676	0.0	3.073706824321235
208	141	1	0.6778846153846154	2983123	2.7777670720612777	3.073706824321235
208	142	0	0.6826923076923077	2692059	0.0	2.7594488610671384
208	143	1	0.6875	2422843	3.4201229057386944	2.7268553814436776
208	144	2	0.6923076923076923	2186616	7.57921906846804	2.343843792387934
208	145	0	0.6971153846153846	1992006	0.0	2.241340987412663
208	146	0	0.7019230769230769	1820342	0.0	0.0
208	147	0	0.7067307692307693	1663649	0.0	0.0
208	148	0	0.7115384615384616	1521929	0.0	0.0
208	149	1	0.7163461538461539	1401137	5.914068960643146	0.0
208	150	0	0.7211538461538461	1297694	0.0	0.0
208	151	1	0.7259615384615384	1189617	6.965620734495771	0.0
208	152	0	0.7307692307692307	1095265	0.0	0.0
208	153	0	0.7355769230769231	1014595	0.0	0.0
208	154	0	0.7403846153846154	936782	0.0	0.0
208	155	1	0.7451923076923077	871856	9.504345719142444	0.0
208	156	0	0.75	812831	0.0	0.0
208	157	0	0.7548076923076923	756470	0.0	0.0
208	158	0	0.7596153846153846	705723	0.0	0.0
208	159	0	0.7644230769230769	659054	0.0	0.0
208	160	0	0.7692307692307693	617476	0.0	0.0
208	161	1	0.7740384615384616	573997	14.4363486939978	0.0
208	162	0	0.7788461538461539	541003	0.0	0.0
208	163	0	0.7836538461538461	516612	0.0	0.0
208	164	0	0.7884615384615384	484979	0.0	0.0
208	165	0	0.7932692307692307	455888	0.0	0.0
208	166	0	0.7980769230769231	421307	0.0	0.0
208	167	0	0.8028846153846154	383549	0.0	0.0
208	168	1	0.8076923076923077	340236	24.354920823512668	0.0
208	169	0	0.8125	298079	0.0	0.0
208	170	0	0.8173076923076923	257360	0.0	0.0
208	171	0	0.8221153846153846	216331	0.0	0.0
208	172	0	0.8269230769230769	180161	0.0	0.0
208	173	0	0.8317307692307693	150032	0.0	0.0
208	174	0	0.8365384615384616	125512	0.0	0.0
208	175	0	0.8413461538461539	106500	0.0	0.0
208	176	0	0.8461538461538461	86460	0.0	0.0
208	177	0	0.8509615384615384	68947	0.0	0.0
208	178	0	0.8557692307692307	55417	0.0	0.0
208	179	0	0.8605769230769231	43419	0.0	0.0
208	180	0	0.8653846153846154	34591	0.0	0.0
208	181	0	0.8701923076923077	27009	0.0	0.0
208	182	0	0.875	21650	0.0	0.0
208	183	0	0.8798076923076923	17275	0.0	0.0
208	184	0	0.8846153846153846	12502	0.0	0.0
208	185	0	0.8894230769230769	9204	0.0	0.0
208	186	0	0.8942307692307693	7046	0.0	0.0
208	187	0	0.8990384615384616	4652	0.0	0.0
208	188	0	0.9038461538461539	3492	0.0	0.0
208	189	0	0.9086538461538461	2469	0.0	0.0
208	190	0	0.9134615384615384	2224	0.0	0.0
208	191	0	0.9182692307692307	1693	0.0	0.0
208	192	0	0.9230769230769231	1377	0.0	0.0
208	193	0	0.9278846153846154	990	0.0	0.0
208	194	0	0.9326923076923077	627	0.0	0.0
208	195	0	0.9375	419	0.0	0.0
208	196	0	0.9423076923076923	370	0.0	0.0
208	197	0	0.9471153846153846	226	0.0	0.0
208	198	0	0.9519230769230769	156	0.0	0.0
208	199	0	0.9567307692307693	81	0.0	0.0
208	200	0	0.9615384615384616	129	0.0	0.0
208	201	0	0.9663461538461539	94	0.0	0.0
208	202	0	0.9711538461538461	22	0.0	0.0
208	203	0	0.9759615384615384	0		
208	204	0	0.9807692307692307	0		
208	205	0	0.9855769230769231	0		
208	206	0	0.9903846153846154	0		
208	207	0	0.9951923076923077	0		
208	208	0	1.0	0		
209	0	0	0.0	53940	0.0	0.0
209	1	0	0.004784688995215311	45411	0.0	0.0
209	2	0	0.009569377990430622	52828	0.0	0.0
209	3	0	0.014354066985645933	60780	0.0	0.0
209	4	0	0.019138755980861243	59795	0.0	0.0
209	5	0	0.023923444976076555	68239	0.0	0.0
209	6	0	0.028708133971291867	70684	0.0	0.0
209	7	0	0.03349282296650718	74786	0.0	0.0
209	8	0	0.03827751196172249	78907	0.0	0.0
209	9	0	0.0430622009569378	80580	0.0	0.0
209	10	0	0.04784688995215311	84580	0.0	0.0
209	11	0	0.05263157894736842	85221	0.0	0.0
209	12	0	0.05741626794258373	85032	0.0	0.0
209	13	0	0.06220095693779904	85294	0.0	0.0
209	14	0	0.06698564593301436	86257	0.0	0.0
209	15	0	0.07177033492822966	87030	0.0	0.0
209	16	0	0.07655502392344497	91570	0.0	0.0
209	17	0	0.08133971291866028	91069	0.0	0.0
209	18	0	0.0861244019138756	94616	0.0	0.0
209	19	0	0.09090909090909091	96577	0.0	0.0
209	20	0	0.09569377990430622	101099	0.0	0.0
209	21	0	0.10047846889952153	104175	0.0	0.0
209	22	0	0.10526315789473684	110955	0.0	0.0
209	23	0	0.11004784688995216	115980	0.0	0.0
209	24	0	0.11483253588516747	123301	0.0	0.0
209	25	0	0.11961722488038277	131429	0.0	0.0
209	26	0	0.12440191387559808	139369	0.0	0.0
209	27	0	0.1291866028708134	145931	0.0	0.0
209	28	0	0.1339712918660287	161515	0.0	0.0
209	29	0	0.13875598086124402	175925	0.0	0.0
209	30	0	0.14354066985645933	197483	0.0	0.0
209	31	0	0.14832535885167464	222307	0.0	0.0
209	32	0	0.15311004784688995	252862	0.0	0.0
209	33	0	0.15789473684210525	289879	0.0	0.0
209	34	0	0.16267942583732056	347237	0.0	0.0
209	35	0	0.1674641148325359	411930	0.0	0.0
209	36	0	0.1722488038277512	506816	0.0	0.0
209	37	0	0.17703349282296652	633557	0.0	0.0
209	38	0	0.18181818181818182	806607	0.0	0.0
209	39	0	0.18660287081339713	1042308	0.0	0.0
209	40	0	0.19138755980861244	1349419	0.0	0.0
209	41	0	0.19617224880382775	1759184	0.0	0.0
209	42	0	0.20095693779904306	2294408	0.0	0.0
209	43	0	0.20574162679425836	2973198	0.0	0.0
209	44	0	0.21052631578947367	3833093	0.0	0.0
209	45	0	0.215311004784689	4930297	0.0	0.0
209	46	0	0.22009569377990432	6281540	0.0	0.0
209	47	0	0.22488038277511962	7903363	0.0	0.0
209	48	1	0.22966507177033493	9833963	1.0646840394739818	0.0
209	49	0	0.23444976076555024	12090383	0.0	0.0
209	50	0	0.23923444976076555	14682633	0.0	0.357346875930463
209	51	3	0.24401913875598086	17629073	1.7817267165796538	0.457829338291409
209	52	0	0.24880382775119617	20950604	0.0	0.5289473949207184
209	53	2	0.2535885167464115	24569932	0.8522663759002406	0.5722619862170756
209	54	4	0.2583732057416268	28490925	1.4699506528310575	0.6442969911484203
209	55	1	0.2631578947368421	32658680	0.3205905275680975	0.6838232054370418
209	56	3	0.2679425837320574	37048129	0.8478212314752258	0.7236114246054249
209	57	5	0.2727272727272727	41620947	1.2577877493846639	0.7772822852162298
209	58	3	0.27751196172248804	46306161	0.6783155777615213	0.8629253020459206
209	59	4	0.2822966507177033	51004295	0.821112296592095	0.9496676395766037
209	60	2	0.28708133971291866	55702448	0.37592830573182984	0.9885244272380798
209	61	4	0.291866028708134	60349784	0.6939586362647248	1.0465650425069015
209	62	5	0.2966507177033493	64893909	0.8067061772220931	1.1065489022526025
209	63	8	0.3014354066985646	69270385	1.2091820711985564	1.1472207481946743
209	64	10	0.3062200956937799	73443986	1.4255848601242416	1.1633069759911419
209	65	7	0.31100478468899523	77426882	0.9465762053564772	1.2086964519457355
209	66	7	0.3157894736842105	81268652	0.9018292090798273	1.2746723735720684
209	67	8	0.32057416267942584	84837798	0.9873017638555566	1.2943231783185578
209	68	9	0.3253588516746411	88122231	1.0693166751293335	1.301284596768638
209	69	10	0.33014354066985646	91146021	1.1487131677287015	1.3416607892785042
209	70	9	0.3349282296650718	93825496	1.004317323916935	1.3013274111032802
209	71	10	0.3397129186602871	96143295	1.089006097708392	1.3793952268723566
209	72	7	0.3444976076555024	98203622	0.7463110083265944	1.4040466035906705
209	73	18	0.3492822966507177	99894779	1.8865965168790069	1.4123944360230618
209	74	11	0.35406698564593303	101260434	1.1373711667051953	1.4877694287519805
209	75	6	0.3588516746411483	102267949	0.6142724218050569	1.5316158488082923
209	76	10	0.36363636363636365	102843646	1.018056424300406	1.5515089399356894
209	77	21	0.3684210526315789	103080334	2.1330095075985223	1.5567537898143353
209	78	16	0.37320574162679426	102866395	1.6285300482635054	1.6174610256930722
209	79	13	0.37799043062200954	102237910	1.3313146254790398	1.6475664240433516
209	80	12	0.3827751196172249	101220974	1.2412522468963014	1.6724815170934297
209	81	12	0.3875598086124402	99957585	1.2569407455225345	1.700011680208395
209	82	8	0.3923444976076555	98556354	0.8498742517100563	1.7875015008317485
209	83	16	0.39712918660287083	97027954	1.7265232163304487	1.8175104168632341
209	84	11	0.4019138755980861	95370113	1.2076183443303086	1.8434422499512597
209	85	13	0.40669856459330145	93600964	1.4541605026782607	1.8641283219780855
209	86	10	0.41148325358851673	91837816	1.1400601524406542	1.9416406968203366
209	87	10	0.41626794258373206	90038865	1.1628382311213803	1.985577096149127
209	88	13	0.42105263157894735	88281173	1.5417876794796304	2.024777661206466
209	89	12	0.4258373205741627	86578695	1.4511741186504614	1.99850937226486
209	90	17	0.430622009569378	84906045	2.096329874568065	2.0425648579153437
209	91	11	0.4354066985645933	83321230	1.3822491333799853	2.0637217182242935
209	92	5	0.44019138755980863	81759841	0.6402937752091321	2.087127936866335
209	93	11	0.4449760765550239	80185853	1.4362969732286122	2.0425648579153437
209	94	10	0.44976076555023925	78578931	1.3324263027805348	2.051965047419165
209	95	18	0.45454545454545453	76974243	2.448366294629207	2.0694623901644102
209	96	11	0.45933014354066987	75372732	1.5280154361348404	2.088177207424859
209	97	10	0.46411483253588515	73712226	1.4203971334250134	2.1232797621496253
209	98	10	0.4688995215311005	71948772	1.4552108618167485	2.1616095480347055
209	99	11	0.47368421052631576	70046972	1.6441923850706128	2.2175954947985357
209	100	16	0.4784688995215311	68066538	2.4611361196898662	2.233614643709293
209	101	12	0.48325358851674644	65973140	1.9044229425874244	2.236897993494319
209	102	10	0.4880382775119617	63909219	1.638271225138532	2.240438751127073
209	103	12	0.49282296650717705	61823110	2.0322620685134103	2.3297934163851104
209	104	9	0.49760765550239233	59812280	1.5754385396761181	2.3382139265029993
209	105	8	0.5023923444976076	57936678	1.4457250656832863	2.3367380941803853
209	106	12	0.507177033492823	56187590	2.236094507889235	2.3297934163851104
209	107	10	0.5119617224880383	54516657	1.9205255837454733	2.382278150055809
209	108	14	0.5167464114832536	52806091	2.775832968062102	2.382278150055809
209	109	8	0.5215311004784688	50975427	1.6431546048063785	2.4414556672993366
209	110	6	0.5263157894736842	48896560	1.2847607419676568	2.4414556672993366
209	111	7	0.5311004784688995	46422882	1.5787568758902932	2.4792653984860737
209	112	6	0.5358851674641149	43495568	1.4442938348400476	2.5041322023712063
209	113	7	0.5406698564593302	40306287	1.818337773363836	2.4864766270937775
209	114	8	0.5454545454545454	36915101	2.269003885619097	2.5638401097974537
209	115	4	0.5502392344497608	33443162	1.2522815218103691	2.662745161286255
209	116	11	0.5550239234449761	30145368	3.8205105991625126	2.68514433797307
209	117	6	0.5598086124401914	27083617	2.319497455058017	2.699266093893364
209	118	9	0.5645933014354066	24315508	3.8753280851832943	2.8291974721838753
209	119	8	0.569377990430622	21879543	3.8282567239645453	2.844752152646224
209	120	5	0.5741626794258373	19736879	2.6524111159818315	2.926601131140864
209	121	7	0.5789473684210527	17874958	4.10017434201209	3.2793718692736653
209	122	2	0.583732057416268	16262766	1.2876116462448857	3.298568525891816
209	123	4	0.5885167464114832	14846997	2.820789537676252	3.397053615690576
209	124	3	0.5933014354066986	13621079	2.305998691633242	3.4949559768521685
209	125	3	0.5980861244019139	12550886	2.5026273326546846	3.397053615690576
209	126	2	0.6028708133971292	11612812	1.803191759390865	3.3872528233265258
209	127	3	0.6076555023923444	10756028	2.9202406643635577	3.252104943038476
209	128	2	0.6124401913875598	9980128	2.098182197839081	3.2461624729931806
209	129	2	0.6172248803827751	9256591	2.2621856039394364	3.252104943038476
209	130	2	0.6220095693779905	8610605	2.4318996054000097	3.2461624729931806
209	131	0	0.6267942583732058	7998896	0.0	3.0031608393708793
209	132	3	0.631578947368421	7391420	4.249547495966002	3.0031608393708793
209	133	1	0.6363636363636364	6802549	1.539138262859654	2.9431223484098306
209	134	1	0.6411483253588517	6247623	1.6758475104656085	2.748416077267345
209	135	0	0.645933014354067	5741401	0.0	2.871430288769921
209	136	2	0.6507177033492823	5245405	3.9920896292574835	2.6667426176696534
209	137	0	0.6555023923444976	4778411	0.0	3.052718382289423
209	138	0	0.6602870813397129	4326012	0.0	2.896396972301459
209	139	1	0.6650717703349283	3902637	2.6828176565941635	3.052718382289423
209	140	0	0.6698564593301436	3514502	0.0	3.2061185437895525
209	141	1	0.6746411483253588	3177939	3.2946080622937304	3.3963555547356266
209	142	0	0.6794258373205742	2867363	0.0	2.896396972301459
209	143	0	0.6842105263157895	2586372	0.0	2.748416077267345
209	144	1	0.6889952153110048	2330173	4.493255844470636	2.362376092784119
209	145	1	0.69377990430622	2108544	4.965541838765364	2.2937703298143184
209	146	0	0.6985645933014354	1925480	0.0	2.3292454610415243
209	147	0	0.7033492822966507	1761921	0.0	0.0
209	148	0	0.7081339712918661	1609889	0.0	0.0
209	149	0	0.7129186602870813	1475263	0.0	0.0
209	150	0	0.7177033492822966	1364799	0.0	0.0
209	151	0	0.722488038277512	1259618	0.0	0.0
209	152	0	0.7272727272727273	1155005	0.0	0.0
209	153	0	0.7320574162679426	1066600	0.0	0.0
209	154	0	0.7368421052631579	987649	0.0	0.0
209	155	0	0.7416267942583732	914203	0.0	0.0
209	156	1	0.7464114832535885	851275	12.299272797718334	0.0
209	157	0	0.7511961722488039	794300	0.0	0.0
209	158	0	0.7559808612440191	738112	0.0	0.0
209	159	1	0.7607655502392344	690680	15.159065632243118	0.0
209	160	0	0.7655502392344498	645222	0.0	0.0
209	161	0	0.7703349282296651	603714	0.0	0.0
209	162	0	0.7751196172248804	561491	0.0	0.0
209	163	1	0.7799043062200957	532138	19.67546660993516	0.0
209	164	0	0.784688995215311	507296	0.0	0.0
209	165	0	0.7894736842105263	475814	0.0	0.0
209	166	0	0.7942583732057417	446868	0.0	0.0
209	167	0	0.7990430622009569	411049	0.0	0.0
209	168	0	0.8038277511961722	373010	0.0	0.0
209	169	0	0.8086124401913876	329997	0.0	0.0
209	170	0	0.8133971291866029	288637	0.0	0.0
209	171	0	0.8181818181818182	247495	0.0	0.0
209	172	0	0.8229665071770335	208194	0.0	0.0
209	173	0	0.8277511961722488	172431	0.0	0.0
209	174	0	0.8325358851674641	144117	0.0	0.0
209	175	0	0.8373205741626795	121337	0.0	0.0
209	176	0	0.8421052631578947	102060	0.0	0.0
209	177	0	0.84688995215311	82701	0.0	0.0
209	178	0	0.8516746411483254	66077	0.0	0.0
209	179	0	0.8564593301435407	53102	0.0	0.0
209	180	0	0.861244019138756	41370	0.0	0.0
209	181	0	0.8660287081339713	33290	0.0	0.0
209	182	0	0.8708133971291866	25797	0.0	0.0
209	183	0	0.8755980861244019	20809	0.0	0.0
209	184	0	0.8803827751196173	16574	0.0	0.0
209	185	0	0.8851674641148325	11790	0.0	0.0
209	186	0	0.8899521531100478	8826	0.0	0.0
209	187	0	0.8947368421052632	6663	0.0	0.0
209	188	0	0.8995215311004785	4399	0.0	0.0
209	189	0	0.9043062200956937	3317	0.0	0.0
209	190	0	0.9090909090909091	2414	0.0	0.0
209	191	0	0.9138755980861244	2122	0.0	0.0
209	192	0	0.9186602870813397	1648	0.0	0.0
209	193	0	0.9234449760765551	1353	0.0	0.0
209	194	0	0.9282296650717703	920	0.0	0.0
209	195	0	0.9330143540669856	602	0.0	0.0
209	196	0	0.937799043062201	392	0.0	0.0
209	197	0	0.9425837320574163	371	0.0	0.0
209	198	0	0.9473684210526315	227	0.0	0.0
209	199	0	0.9521531100478469	137	0.0	0.0
209	200	0	0.9569377990430622	85	0.0	0.0
209	201	0	0.9617224880382775	129	0.0	0.0
209	202	0	0.9665071770334929	93	0.0	0.0
209	203	0	0.9712918660287081	14	0.0	0.0
209	204	0	0.9760765550239234	0		
209	205	0	0.9808612440191388	0		
209	206	0	0.9856459330143541	0		
209	207	0	0.9904306220095693	0		
209	208	0	0.9952153110047847	0		
209	209	0	1.0	0		
210	0	0	0.0	53346	0.0	0.0
210	1	0	0.004761904761904762	44988	0.0	0.0
210	2	0	0.009523809523809525	52244	0.0	0.0
210	3	0	0.014285714285714285	60320	0.0	0.0
210	4	0	0.01904761904761905	59204	0.0	0.0
210	5	0	0.023809523809523808	67535	0.0	0.0
210	6	0	0.02857142857142857	70166	0.0	0.0
210	7	0	0.03333333333333333	74115	0.0	0.0
210	8	0	0.0380952380952381	78202	0.0	0.0
210	9	0	0.04285714285714286	79931	0.0	0.0
210	10	0	0.047619047619047616	83926	0.0	0.0
210	11	0	0.05238095238095238	84599	0.0	0.0
210	12	0	0.05714285714285714	84351	0.0	0.0
210	13	0	0.06190476190476191	84719	0.0	0.0
210	14	0	0.06666666666666667	85382	0.0	0.0
210	15	0	0.07142857142857142	86213	0.0	0.0
210	16	0	0.0761904761904762	90633	0.0	0.0
210	17	0	0.08095238095238096	90362	0.0	0.0
210	18	0	0.08571428571428572	93603	0.0	0.0
210	19	0	0.09047619047619047	95660	0.0	0.0
210	20	0	0.09523809523809523	99718	0.0	0.0
210	21	0	0.1	102831	0.0	0.0
210	22	0	0.10476190476190476	109496	0.0	0.0
210	23	0	0.10952380952380952	114289	0.0	0.0
210	24	0	0.11428571428571428	121498	0.0	0.0
210	25	0	0.11904761904761904	129034	0.0	0.0
210	26	0	0.12380952380952381	137346	0.0	0.0
210	27	0	0.12857142857142856	143339	0.0	0.0
210	28	0	0.13333333333333333	157706	0.0	0.0
210	29	0	0.1380952380952381	171483	0.0	0.0
210	30	0	0.14285714285714285	192249	0.0	0.0
210	31	0	0.14761904761904762	215966	0.0	0.0
210	32	0	0.1523809523809524	244898	0.0	0.0
210	33	0	0.15714285714285714	279090	0.0	0.0
210	34	0	0.1619047619047619	332275	0.0	0.0
210	35	0	0.16666666666666666	394079	0.0	0.0
210	36	0	0.17142857142857143	480938	0.0	0.0
210	37	0	0.1761904761904762	598691	0.0	0.0
210	38	0	0.18095238095238095	758925	0.0	0.0
210	39	0	0.18571428571428572	978926	0.0	0.0
210	40	0	0.19047619047619047	1263496	0.0	0.0
210	41	0	0.19523809523809524	1644119	0.0	0.0
210	42	0	0.2	2144075	0.0	0.0
210	43	0	0.20476190476190476	2780120	0.0	0.0
210	44	0	0.20952380952380953	3585350	0.0	0.0
210	45	0	0.21428571428571427	4613829	0.0	0.0
210	46	1	0.21904761904761905	5888911	1.8617152515469242	0.0
210	47	0	0.22380952380952382	7426544	0.0	0.0
210	48	0	0.22857142857142856	9266206	0.0	0.0
210	49	1	0.23333333333333334	11413880	0.9605388722942986	0.0
210	50	1	0.23809523809523808	13898957	0.7887984273713812	0.25601579882775455
210	51	3	0.24285714285714285	16727229	1.9662806237128307	0.43887653275736754
210	52	0	0.24761904761904763	19923430	0.0	0.5045233009341602
210	53	0	0.2523809523809524	23437525	0.0	0.5645815189063026
210	54	2	0.2571428571428571	27247524	0.8047318665506964	0.6394040083124645
210	55	3	0.2619047619047619	31319657	1.0501528248252319	0.679906905486277
210	56	2	0.26666666666666666	35612427	0.6157106576141216	0.7251955187727696
210	57	3	0.2714285714285714	40109496	0.8200159451294863	0.7681682485472848
210	58	3	0.2761904761904762	44718273	0.7355030519874358	0.8511377718508082
210	59	2	0.28095238095238095	49395127	0.44390919062532014	0.9476768153470413
210	60	5	0.2857142857142857	54050462	1.0141888725856265	0.994523889921908
210	61	3	0.2904761904761905	58690776	0.5604019662494725	0.9972873449839535
210	62	2	0.29523809523809524	63209518	0.3468931822483585	1.0935710891140613
210	63	5	0.3	67638120	0.8104509279458425	1.1109258524356032
210	64	5	0.3047619047619048	71837774	0.7630717666517931	1.1151175126812234
210	65	2	0.30952380952380953	75836006	0.28913641427008824	1.1723150950773147
210	66	5	0.3142857142857143	79703675	0.6877647375546014	1.2086337252647783
210	67	8	0.319047619047619	83338850	1.0524239702086073	1.301121068604423
210	68	2	0.3238095238095238	86699872	0.25290638084684713	1.3114042975410423
210	69	9	0.32857142857142857	89784244	1.0989821199955978	1.3109485070450755
210	70	7	0.3333333333333333	92580101	0.8289505750908301	1.3114042975410423
210	71	9	0.3380952380952381	94985356	1.03880516922337	1.3669529507306846
210	72	12	0.34285714285714286	97115178	1.354697667180607	1.396763578785578
210	73	8	0.3476190476190476	98933724	0.8865309001167246	1.4393041883216964
210	74	15	0.3523809523809524	100407471	1.637847559725279	1.4887293042822054
210	75	9	0.35714285714285715	101544767	0.9717022523998902	1.5434532492571746
210	76	10	0.3619047619047619	102251666	1.0722050654609823	1.5606731062115906
210	77	11	0.36666666666666664	102641415	1.1749470684979055	1.5912297893154657
210	78	8	0.37142857142857144	102594243	0.8548998542697918	1.6184477584573123
210	79	7	0.3761904761904762	102130672	0.7514327132393406	1.6603244276111695
210	80	12	0.38095238095238093	101269720	1.2991218410046892	1.6838365688544097
210	81	12	0.38571428571428573	100089418	1.3144417033619817	1.713175795939889
210	82	9	0.3904761904761905	98755064	0.9991515859209209	1.776526732974198
210	83	11	0.3952380952380952	97286106	1.2396243885095672	1.8061682580923513
210	84	15	0.4	95696333	1.7184789239054408	1.8547934584987913
210	85	11	0.40476190476190477	93972580	1.2833342413364297	1.8617935411147921
210	86	17	0.4095238095238095	92251675	2.020332771225472	1.89220774144387
210	87	16	0.4142857142857143	90438825	1.9396051063162218	2.0031920776766277
210	88	15	0.41904761904761906	88710612	1.85380449585374	2.0305046011777135
210	89	14	0.4238095238095238	86984451	1.764552792680548	2.033608118812835
210	90	6	0.42857142857142855	85328829	0.7709100583369625	2.0402700276907346
210	91	13	0.43333333333333335	83705515	1.7026976120764783	2.067854529636073
210	92	11	0.4380952380952381	82171927	1.4676329747107786	2.1032897044748813
210	93	14	0.44285714285714284	80584375	1.9046949974090424	2.0583815493485367
210	94	10	0.44761904761904764	79035843	1.3871523358968219	2.067854529636073
210	95	14	0.4523809523809524	77425690	1.9823995876799325	2.0736706727737877
210	96	17	0.45714285714285713	75829515	2.4578698967406245	2.107667215560616
210	97	15	0.46190476190476193	74213835	2.2159228310400176	2.139721473018253
210	98	7	0.4666666666666667	72476994	1.0588784623975593	2.197070561338641
210	99	12	0.4714285714285714	70663418	1.8618078322284013	2.2347675437197463
210	100	7	0.47619047619047616	68713686	1.1168710694099155	2.257787687815288
210	101	10	0.48095238095238096	66664965	1.644563291033371	2.25289022204982
210	102	11	0.4857142857142857	64599299	1.8668659184788823	2.2542195121690005
210	103	11	0.49047619047619045	62520293	1.92894536915761	2.347834274880863
210	104	7	0.49523809523809526	60481718	1.2688847225853794	2.342738171282657
210	105	11	0.5	58546993	2.059853520756001	2.356851541216883
210	106	7	0.5047619047619047	56725158	1.3529151909266985	2.347834274880863
210	107	13	0.5095238095238095	55027282	2.5900821434017374	2.354832729096194
210	108	12	0.5142857142857142	53356298	2.465720262009733	2.347834274880863
210	109	6	0.5190476190476191	51568509	1.275601211239493	2.435942835508141
210	110	9	0.5238095238095238	49675679	1.9863096146772758	2.460361187380058
210	111	6	0.5285714285714286	47437860	1.3866741151943762	2.435942835508141
210	112	9	0.5333333333333333	44774864	2.2037203466061235	2.4648590523041363
210	113	9	0.5380952380952381	41745614	2.3636322324381682	2.505730768970441
210	114	8	0.5428571428571428	38511660	2.2774350259017555	2.498463699894661
210	115	10	0.5476190476190477	35127259	3.1210734158627207	2.5883066798402083
210	116	4	0.5523809523809524	31745976	1.3814003291254866	2.6735971107651744
210	117	4	0.5571428571428572	28590533	1.533860935534493	2.7059368720670185
210	118	1	0.5619047619047619	25679640	0.4269325981089474	2.755160636820024
210	119	4	0.5666666666666667	23104371	1.8980781469796255	2.8053369350949073
210	120	5	0.5714285714285714	20807274	2.634529497641654	2.9097258883803625
210	121	3	0.5761904761904761	18813073	1.7482750569833725	3.141107456544314
210	122	4	0.580952380952381	17077653	2.56791150955051	3.2167859726312633
210	123	5	0.5857142857142857	15563155	3.5222534967050216	3.3717851317629646
210	124	2	0.5904761904761905	14247412	1.5390128991430092	3.522019323234659
210	125	3	0.5952380952380952	13089076	2.512814981829684	3.434786350143028
210	126	2	0.6	12095180	1.8128668483978658	3.3717851317629646
210	127	1	0.6047619047619047	11198113	0.9790466861427858	3.27728776168586
210	128	2	0.6095238095238096	10383201	2.111771778992326	3.30476583057188
210	129	3	0.6142857142857143	9639554	3.412027804513295	3.241976551606683
210	130	3	0.6190476190476191	8944820	3.6770361249424077	3.241976551606683
210	131	4	0.6238095238095238	8331802	5.263435412268534	3.026415948326909
210	132	0	0.6285714285714286	7723848	0.0	3.006940489121328
210	133	1	0.6333333333333333	7128274	1.538026656060422	3.026415948326909
210	134	0	0.638095238095238	6557369	0.0	2.893665336373624
210	135	0	0.6428571428571429	6023836	0.0	2.678193788673537
210	136	0	0.6476190476190476	5533459	0.0	2.678193788673537
210	137	2	0.6523809523809524	5046469	4.345008529212188	2.678193788673537
210	138	1	0.6571428571428571	4590571	2.3882596356101344	2.893665336373624
210	139	1	0.6619047619047619	4151745	2.64069094409759	2.8028041332154583
210	140	1	0.6666666666666666	3744495	2.9278915911765	2.8991228530714537
210	141	0	0.6714285714285714	3377338	0.0	2.8991228530714537
210	142	1	0.6761904761904762	3050234	3.5943063462352227	3.1219995822529976
210	143	1	0.680952380952381	2757677	3.9756198509478993	2.8991228530714537
210	144	0	0.6857142857142857	2487176	0.0	2.6175020667176923
210	145	1	0.6904761904761905	2241954	4.890142894859774	2.3533278186539293
210	146	0	0.6952380952380952	2035206	0.0	2.2765559717733006
210	147	0	0.7	1863219	0.0	2.3073220365648983
210	148	1	0.7047619047619048	1706004	6.426406634276619	0.0
210	149	0	0.7095238095238096	1558291	0.0	0.0
210	150	2	0.7142857142857143	1432249	15.309454464555323	0.0
210	151	0	0.719047619047619	1329515	0.0	0.0
210	152	1	0.7238095238095238	1220713	8.98120641272965	0.0
210	153	1	0.7285714285714285	1123702	9.756568399542271	0.0
210	154	1	0.7333333333333333	1038404	10.55800577010725	0.0
210	155	0	0.7380952380952381	961895	0.0	0.0
210	156	0	0.7428571428571429	892897	0.0	0.0
210	157	0	0.7476190476190476	830826	0.0	0.0
210	158	0	0.7523809523809524	776513	0.0	0.0
210	159	0	0.7571428571428571	720218	0.0	0.0
210	160	0	0.7619047619047619	676829	0.0	0.0
210	161	0	0.7666666666666667	631742	0.0	0.0
210	162	0	0.7714285714285715	589227	0.0	0.0
210	163	0	0.7761904761904762	550457	0.0	0.0
210	164	0	0.780952380952381	524153	0.0	0.0
210	165	0	0.7857142857142857	496740	0.0	0.0
210	166	0	0.7904761904761904	467839	0.0	0.0
210	167	0	0.7952380952380952	437012	0.0	0.0
210	168	0	0.8	401168	0.0	0.0
210	169	0	0.8047619047619048	362698	0.0	0.0
210	170	0	0.8095238095238095	319753	0.0	0.0
210	171	0	0.8142857142857143	279185	0.0	0.0
210	172	0	0.819047619047619	238149	0.0	0.0
210	173	0	0.8238095238095238	199973	0.0	0.0
210	174	0	0.8285714285714286	165167	0.0	0.0
210	175	0	0.8333333333333334	138760	0.0	0.0
210	176	0	0.8380952380952381	117211	0.0	0.0
210	177	0	0.8428571428571429	97616	0.0	0.0
210	178	0	0.8476190476190476	79348	0.0	0.0
210	179	0	0.8523809523809524	63154	0.0	0.0
210	180	0	0.8571428571428571	50779	0.0	0.0
210	181	0	0.861904761904762	39651	0.0	0.0
210	182	0	0.8666666666666667	31916	0.0	0.0
210	183	0	0.8714285714285714	24705	0.0	0.0
210	184	0	0.8761904761904762	20023	0.0	0.0
210	185	0	0.8809523809523809	15764	0.0	0.0
210	186	0	0.8857142857142857	11208	0.0	0.0
210	187	0	0.8904761904761904	8416	0.0	0.0
210	188	0	0.8952380952380953	6334	0.0	0.0
210	189	0	0.9	4158	0.0	0.0
210	190	0	0.9047619047619048	3140	0.0	0.0
210	191	0	0.9095238095238095	2376	0.0	0.0
210	192	0	0.9142857142857143	2018	0.0	0.0
210	193	0	0.919047619047619	1625	0.0	0.0
210	194	0	0.9238095238095239	1293	0.0	0.0
210	195	0	0.9285714285714286	880	0.0	0.0
210	196	0	0.9333333333333333	563	0.0	0.0
210	197	0	0.9380952380952381	370	0.0	0.0
210	198	0	0.9428571428571428	379	0.0	0.0
210	199	0	0.9476190476190476	220	0.0	0.0
210	200	0	0.9523809523809523	124	0.0	0.0
210	201	0	0.9571428571428572	86	0.0	0.0
210	202	0	0.9619047619047619	134	0.0	0.0
210	203	0	0.9666666666666667	84	0.0	0.0
210	204	0	0.9714285714285714	10	0.0	0.0
210	205	0	0.9761904761904762	0		
210	206	0	0.9809523809523809	0		
210	207	0	0.9857142857142858	0		
210	208	0	0.9904761904761905	0		
210	209	0	0.9952380952380953	0		
210	210	0	1.0	0		
