length	num_GC	number_of_fragments
150	0	0
150	1	0
150	2	0
150	3	0
150	4	0
150	5	0
150	6	0
150	7	0
150	8	0
150	9	0
150	10	0
150	11	0
150	12	0
150	13	0
150	14	0
150	15	0
150	16	0
150	17	0
150	18	0
150	19	0
150	20	0
150	21	0
150	22	0
150	23	0
150	24	0
150	25	0
150	26	1
150	27	3
150	28	0
150	29	0
150	30	1
150	31	5
150	32	11
150	33	15
150	34	16
150	35	14
150	36	23
150	37	38
150	38	53
150	39	59
150	40	91
150	41	78
150	42	105
150	43	139
150	44	149
150	45	179
150	46	200
150	47	208
150	48	250
150	49	269
150	50	304
150	51	310
150	52	368
150	53	385
150	54	341
150	55	397
150	56	416
150	57	402
150	58	427
150	59	469
150	60	444
150	61	479
150	62	455
150	63	410
150	64	438
150	65	428
150	66	432
150	67	423
150	68	397
150	69	406
150	70	436
150	71	361
150	72	334
150	73	366
150	74	404
150	75	365
150	76	357
150	77	327
150	78	343
150	79	320
150	80	281
150	81	307
150	82	240
150	83	198
150	84	187
150	85	171
150	86	160
150	87	142
150	88	124
150	89	127
150	90	99
150	91	102
150	92	79
150	93	77
150	94	73
150	95	68
150	96	59
150	97	50
150	98	51
150	99	44
150	100	35
150	101	35
150	102	29
150	103	20
150	104	14
150	105	19
150	106	14
150	107	9
150	108	7
150	109	9
150	110	8
150	111	4
150	112	0
150	113	6
150	114	7
150	115	4
150	116	3
150	117	2
150	118	6
150	119	1
150	120	5
150	121	0
150	122	1
150	123	2
150	124	0
150	125	1
150	126	0
150	127	0
150	128	0
150	129	0
150	130	0
150	131	0
150	132	0
150	133	0
150	134	0
150	135	0
150	136	0
150	137	0
150	138	0
150	139	0
150	140	0
150	141	0
150	142	0
150	143	0
150	144	0
150	145	0
150	146	0
150	147	0
150	148	0
150	149	0
150	150	0
151	0	0
151	1	0
151	2	0
151	3	0
151	4	0
151	5	0
151	6	0
151	7	0
151	8	0
151	9	0
151	10	0
151	11	0
151	12	0
151	13	0
151	14	0
151	15	0
151	16	0
151	17	0
151	18	0
151	19	0
151	20	0
151	21	0
151	22	1
151	23	1
151	24	2
151	25	0
151	26	0
151	27	0
151	28	2
151	29	2
151	30	1
151	31	3
151	32	16
151	33	8
151	34	18
151	35	20
151	36	25
151	37	36
151	38	45
151	39	52
151	40	83
151	41	100
151	42	95
151	43	150
151	44	156
151	45	184
151	46	214
151	47	246
151	48	259
151	49	273
151	50	317
151	51	329
151	52	346
151	53	407
151	54	393
151	55	416
151	56	413
151	57	438
151	58	470
151	59	468
151	60	492
151	61	460
151	62	485
151	63	498
151	64	453
151	65	471
151	66	442
151	67	441
151	68	462
151	69	420
151	70	415
151	71	432
151	72	408
151	73	426
151	74	381
151	75	376
151	76	400
151	77	390
151	78	369
151	79	349
151	80	364
151	81	307
151	82	288
151	83	267
151	84	230
151	85	195
151	86	162
151	87	138
151	88	129
151	89	138
151	90	137
151	91	110
151	92	107
151	93	93
151	94	96
151	95	72
151	96	73
151	97	53
151	98	58
151	99	44
151	100	30
151	101	35
151	102	29
151	103	27
151	104	21
151	105	17
151	106	12
151	107	17
151	108	13
151	109	6
151	110	4
151	111	7
151	112	5
151	113	6
151	114	4
151	115	5
151	116	3
151	117	2
151	118	3
151	119	2
151	120	3
151	121	5
151	122	2
151	123	0
151	124	2
151	125	1
151	126	0
151	127	0
151	128	0
151	129	0
151	130	0
151	131	0
151	132	0
151	133	0
151	134	0
151	135	0
151	136	0
151	137	0
151	138	0
151	139	0
151	140	0
151	141	0
151	142	0
151	143	0
151	144	0
151	145	0
151	146	0
151	147	0
151	148	0
151	149	0
151	150	0
151	151	0
152	0	0
152	1	0
152	2	0
152	3	0
152	4	0
152	5	0
152	6	0
152	7	0
152	8	0
152	9	0
152	10	0
152	11	0
152	12	0
152	13	0
152	14	0
152	15	0
152	16	0
152	17	0
152	18	0
152	19	0
152	20	0
152	21	0
152	22	0
152	23	0
152	24	0
152	25	0
152	26	0
152	27	0
152	28	0
152	29	3
152	30	3
152	31	4
152	32	6
152	33	16
152	34	24
152	35	29
152	36	34
152	37	33
152	38	40
152	39	69
152	40	86
152	41	90
152	42	120
152	43	146
152	44	186
152	45	189
152	46	201
152	47	261
152	48	257
152	49	282
152	50	332
152	51	313
152	52	351
152	53	372
152	54	413
152	55	386
152	56	451
152	57	449
152	58	509
152	59	459
152	60	463
152	61	460
152	62	480
152	63	522
152	64	465
152	65	448
152	66	434
152	67	477
152	68	451
152	69	468
152	70	428
152	71	403
152	72	434
152	73	422
152	74	416
152	75	435
152	76	407
152	77	368
152	78	375
152	79	372
152	80	346
152	81	323
152	82	313
152	83	269
152	84	286
152	85	205
152	86	191
152	87	192
152	88	151
152	89	154
152	90	145
152	91	125
152	92	119
152	93	114
152	94	88
152	95	73
152	96	69
152	97	74
152	98	60
152	99	42
152	100	35
152	101	41
152	102	41
152	103	30
152	104	23
152	105	25
152	106	19
152	107	11
152	108	8
152	109	8
152	110	7
152	111	8
152	112	11
152	113	7
152	114	10
152	115	1
152	116	2
152	117	2
152	118	3
152	119	1
152	120	6
152	121	2
152	122	1
152	123	2
152	124	2
152	125	1
152	126	0
152	127	1
152	128	1
152	129	2
152	130	0
152	131	1
152	132	0
152	133	0
152	134	0
152	135	0
152	136	0
152	137	0
152	138	0
152	139	0
152	140	0
152	141	0
152	142	0
152	143	0
152	144	0
152	145	0
152	146	0
152	147	0
152	148	0
152	149	0
152	150	0
152	151	0
152	152	0
153	0	0
153	1	0
153	2	0
153	3	0
153	4	0
153	5	0
153	6	0
153	7	0
153	8	0
153	9	0
153	10	0
153	11	0
153	12	0
153	13	0
153	14	0
153	15	0
153	16	0
153	17	0
153	18	0
153	19	0
153	20	0
153	21	0
153	22	0
153	23	0
153	24	0
153	25	0
153	26	0
153	27	0
153	28	2
153	29	4
153	30	1
153	31	1
153	32	8
153	33	7
153	34	10
153	35	11
153	36	22
153	37	38
153	38	46
153	39	67
153	40	67
153	41	77
153	42	104
153	43	144
153	44	141
153	45	149
153	46	193
153	47	224
153	48	243
153	49	256
153	50	288
153	51	331
153	52	336
153	53	359
153	54	427
153	55	437
153	56	467
153	57	441
153	58	449
153	59	456
153	60	478
153	61	463
153	62	468
153	63	505
153	64	459
153	65	510
153	66	480
153	67	451
153	68	485
153	69	460
153	70	466
153	71	468
153	72	410
153	73	420
153	74	462
153	75	417
153	76	433
153	77	390
153	78	403
153	79	403
153	80	376
153	81	367
153	82	347
153	83	298
153	84	252
153	85	220
153	86	218
153	87	183
153	88	169
153	89	149
153	90	176
153	91	117
153	92	125
153	93	102
153	94	105
153	95	89
153	96	85
153	97	56
153	98	65
153	99	48
153	100	56
153	101	35
153	102	28
153	103	38
153	104	22
153	105	22
153	106	24
153	107	20
153	108	15
153	109	18
153	110	10
153	111	3
153	112	5
153	113	3
153	114	2
153	115	10
153	116	5
153	117	3
153	118	2
153	119	3
153	120	3
153	121	1
153	122	5
153	123	3
153	124	1
153	125	2
153	126	2
153	127	0
153	128	0
153	129	0
153	130	0
153	131	0
153	132	0
153	133	0
153	134	0
153	135	0
153	136	0
153	137	0
153	138	0
153	139	0
153	140	0
153	141	0
153	142	0
153	143	0
153	144	0
153	145	0
153	146	0
153	147	0
153	148	0
153	149	0
153	150	0
153	151	0
153	152	0
153	153	0
154	0	0
154	1	0
154	2	0
154	3	0
154	4	0
154	5	0
154	6	0
154	7	0
154	8	0
154	9	0
154	10	0
154	11	0
154	12	0
154	13	0
154	14	0
154	15	0
154	16	0
154	17	0
154	18	0
154	19	0
154	20	0
154	21	0
154	22	0
154	23	0
154	24	0
154	25	0
154	26	0
154	27	0
154	28	2
154	29	0
154	30	0
154	31	8
154	32	5
154	33	13
154	34	11
154	35	16
154	36	38
154	37	36
154	38	53
154	39	59
154	40	65
154	41	84
154	42	93
154	43	129
154	44	140
154	45	162
154	46	182
154	47	208
154	48	236
154	49	237
154	50	273
154	51	307
154	52	309
154	53	359
154	54	344
154	55	367
154	56	398
154	57	439
154	58	426
154	59	458
154	60	505
154	61	468
154	62	462
154	63	448
154	64	478
154	65	483
154	66	446
154	67	420
154	68	496
154	69	470
154	70	433
154	71	430
154	72	430
154	73	403
154	74	420
154	75	415
154	76	415
154	77	397
154	78	418
154	79	359
154	80	368
154	81	408
154	82	353
154	83	313
154	84	273
154	85	259
154	86	198
154	87	224
154	88	179
154	89	200
154	90	153
154	91	133
154	92	111
154	93	105
154	94	108
154	95	105
154	96	97
154	97	63
154	98	66
154	99	63
154	100	53
154	101	50
154	102	43
154	103	40
154	104	26
154	105	21
154	106	21
154	107	12
154	108	14
154	109	15
154	110	9
154	111	7
154	112	8
154	113	5
154	114	4
154	115	7
154	116	7
154	117	3
154	118	3
154	119	1
154	120	4
154	121	1
154	122	4
154	123	3
154	124	4
154	125	3
154	126	1
154	127	0
154	128	1
154	129	0
154	130	0
154	131	0
154	132	1
154	133	0
154	134	0
154	135	0
154	136	0
154	137	0
154	138	0
154	139	0
154	140	0
154	141	0
154	142	0
154	143	0
154	144	0
154	145	0
154	146	0
154	147	0
154	148	0
154	149	0
154	150	0
154	151	0
154	152	0
154	153	0
154	154	0
155	0	0
155	1	0
155	2	0
155	3	0
155	4	0
155	5	0
155	6	0
155	7	0
155	8	0
155	9	0
155	10	0
155	11	0
155	12	0
155	13	0
155	14	0
155	15	0
155	16	0
155	17	0
155	18	0
155	19	0
155	20	0
155	21	0
155	22	0
155	23	0
155	24	0
155	25	1
155	26	0
155	27	1
155	28	2
155	29	0
155	30	4
155	31	2
155	32	6
155	33	11
155	34	14
155	35	23
155	36	27
155	37	32
155	38	38
155	39	44
155	40	64
155	41	91
155	42	87
155	43	107
155	44	129
155	45	142
155	46	161
155	47	189
155	48	228
155	49	238
155	50	255
155	51	324
155	52	315
155	53	388
155	54	391
155	55	357
155	56	418
155	57	428
155	58	459
155	59	432
155	60	436
155	61	469
155	62	478
155	63	487
155	64	493
155	65	448
155	66	489
155	67	487
155	68	422
155	69	453
155	70	483
155	71	450
155	72	415
155	73	443
155	74	446
155	75	437
155	76	463
155	77	387
155	78	440
155	79	421
155	80	384
155	81	416
155	82	356
155	83	365
155	84	341
155	85	274
155	86	256
155	87	230
155	88	186
155	89	177
155	90	174
155	91	151
155	92	139
155	93	132
155	94	102
155	95	92
155	96	114
155	97	88
155	98	86
155	99	62
155	100	63
155	101	63
155	102	55
155	103	53
155	104	34
155	105	23
155	106	25
155	107	19
155	108	16
155	109	21
155	110	16
155	111	8
155	112	6
155	113	9
155	114	9
155	115	5
155	116	6
155	117	3
155	118	7
155	119	4
155	120	3
155	121	5
155	122	3
155	123	2
155	124	5
155	125	2
155	126	1
155	127	1
155	128	0
155	129	2
155	130	0
155	131	0
155	132	0
155	133	1
155	134	0
155	135	0
155	136	1
155	137	0
155	138	0
155	139	0
155	140	0
155	141	0
155	142	0
155	143	0
155	144	0
155	145	0
155	146	0
155	147	0
155	148	0
155	149	0
155	150	0
155	151	0
155	152	0
155	153	0
155	154	0
155	155	0
156	0	0
156	1	0
156	2	0
156	3	0
156	4	0
156	5	0
156	6	0
156	7	0
156	8	0
156	9	0
156	10	0
156	11	0
156	12	0
156	13	0
156	14	0
156	15	0
156	16	0
156	17	0
156	18	0
156	19	0
156	20	0
156	21	0
156	22	0
156	23	0
156	24	0
156	25	0
156	26	0
156	27	0
156	28	0
156	29	1
156	30	0
156	31	1
156	32	6
156	33	7
156	34	9
156	35	18
156	36	27
156	37	23
156	38	32
156	39	38
156	40	58
156	41	93
156	42	99
156	43	102
156	44	123
156	45	137
156	46	159
156	47	216
156	48	214
156	49	261
156	50	259
156	51	287
156	52	337
156	53	358
156	54	399
156	55	381
156	56	435
156	57	453
156	58	482
156	59	463
156	60	453
156	61	531
156	62	504
156	63	523
156	64	523
156	65	502
156	66	483
156	67	482
156	68	463
156	69	504
156	70	486
156	71	467
156	72	448
156	73	476
156	74	459
156	75	462
156	76	448
156	77	445
156	78	462
156	79	441
156	80	459
156	81	419
156	82	422
156	83	359
156	84	363
156	85	309
156	86	274
156	87	274
156	88	228
156	89	220
156	90	196
156	91	162
156	92	156
156	93	131
156	94	98
156	95	112
156	96	103
156	97	112
156	98	108
156	99	59
156	100	69
156	101	71
156	102	56
156	103	67
156	104	46
156	105	37
156	106	32
156	107	26
156	108	27
156	109	19
156	110	25
156	111	15
156	112	18
156	113	8
156	114	10
156	115	10
156	116	8
156	117	4
156	118	7
156	119	6
156	120	4
156	121	4
156	122	5
156	123	6
156	124	2
156	125	1
156	126	1
156	127	1
156	128	3
156	129	0
156	130	3
156	131	0
156	132	1
156	133	0
156	134	0
156	135	0
156	136	0
156	137	0
156	138	0
156	139	0
156	140	0
156	141	0
156	142	0
156	143	0
156	144	0
156	145	0
156	146	0
156	147	0
156	148	0
156	149	0
156	150	0
156	151	0
156	152	0
156	153	0
156	154	0
156	155	0
156	156	0
157	0	0
157	1	0
157	2	0
157	3	0
157	4	0
157	5	0
157	6	0
157	7	0
157	8	0
157	9	0
157	10	0
157	11	0
157	12	0
157	13	0
157	14	0
157	15	0
157	16	0
157	17	0
157	18	0
157	19	0
157	20	0
157	21	0
157	22	0
157	23	0
157	24	0
157	25	0
157	26	0
157	27	0
157	28	4
157	29	0
157	30	1
157	31	0
157	32	1
157	33	7
157	34	7
157	35	12
157	36	20
157	37	26
157	38	27
157	39	42
157	40	61
157	41	71
157	42	99
157	43	99
157	44	124
157	45	159
157	46	158
157	47	202
157	48	263
157	49	257
157	50	270
157	51	341
157	52	332
157	53	351
157	54	404
157	55	447
157	56	470
157	57	474
157	58	496
157	59	498
157	60	524
157	61	575
157	62	559
157	63	552
157	64	524
157	65	513
157	66	570
157	67	545
157	68	607
157	69	541
157	70	516
157	71	553
157	72	524
157	73	558
157	74	454
157	75	509
157	76	495
157	77	457
157	78	476
157	79	494
157	80	505
157	81	440
157	82	464
157	83	420
157	84	398
157	85	361
157	86	320
157	87	282
157	88	284
157	89	248
157	90	238
157	91	183
157	92	209
157	93	174
157	94	158
157	95	136
157	96	115
157	97	110
157	98	103
157	99	96
157	100	79
157	101	86
157	102	75
157	103	62
157	104	46
157	105	30
157	106	48
157	107	24
157	108	29
157	109	24
157	110	25
157	111	16
157	112	10
157	113	13
157	114	14
157	115	11
157	116	11
157	117	5
157	118	1
157	119	7
157	120	7
157	121	3
157	122	1
157	123	3
157	124	2
157	125	3
157	126	1
157	127	4
157	128	4
157	129	2
157	130	1
157	131	3
157	132	0
157	133	0
157	134	0
157	135	0
157	136	0
157	137	0
157	138	0
157	139	0
157	140	0
157	141	0
157	142	0
157	143	0
157	144	0
157	145	0
157	146	0
157	147	0
157	148	0
157	149	0
157	150	0
157	151	0
157	152	0
157	153	0
157	154	0
157	155	0
157	156	0
157	157	0
158	0	0
158	1	0
158	2	0
158	3	0
158	4	0
158	5	0
158	6	0
158	7	0
158	8	0
158	9	0
158	10	0
158	11	0
158	12	0
158	13	0
158	14	0
158	15	0
158	16	0
158	17	0
158	18	0
158	19	0
158	20	0
158	21	0
158	22	0
158	23	0
158	24	0
158	25	0
158	26	0
158	27	3
158	28	1
158	29	2
158	30	3
158	31	3
158	32	5
158	33	5
158	34	15
158	35	9
158	36	22
158	37	29
158	38	41
158	39	57
158	40	59
158	41	76
158	42	85
158	43	118
158	44	136
158	45	160
158	46	206
158	47	245
158	48	259
158	49	260
158	50	306
158	51	341
158	52	373
158	53	396
158	54	439
158	55	462
158	56	512
158	57	499
158	58	492
158	59	589
158	60	579
158	61	546
158	62	587
158	63	602
158	64	606
158	65	605
158	66	592
158	67	671
158	68	588
158	69	630
158	70	557
158	71	610
158	72	562
158	73	565
158	74	572
158	75	544
158	76	550
158	77	531
158	78	483
158	79	491
158	80	497
158	81	486
158	82	511
158	83	474
158	84	446
158	85	414
158	86	388
158	87	322
158	88	318
158	89	299
158	90	247
158	91	195
158	92	186
158	93	160
158	94	164
158	95	157
158	96	136
158	97	126
158	98	115
158	99	94
158	100	84
158	101	88
158	102	77
158	103	77
158	104	48
158	105	57
158	106	34
158	107	46
158	108	25
158	109	19
158	110	19
158	111	20
158	112	11
158	113	19
158	114	11
158	115	10
158	116	11
158	117	9
158	118	10
158	119	7
158	120	8
158	121	3
158	122	3
158	123	6
158	124	4
158	125	4
158	126	3
158	127	1
158	128	3
158	129	1
158	130	1
158	131	1
158	132	2
158	133	0
158	134	0
158	135	2
158	136	0
158	137	0
158	138	0
158	139	0
158	140	0
158	141	0
158	142	0
158	143	0
158	144	0
158	145	0
158	146	0
158	147	0
158	148	0
158	149	0
158	150	0
158	151	0
158	152	0
158	153	0
158	154	0
158	155	0
158	156	0
158	157	0
158	158	0
159	0	0
159	1	0
159	2	0
159	3	0
159	4	0
159	5	0
159	6	0
159	7	0
159	8	0
159	9	0
159	10	0
159	11	0
159	12	0
159	13	0
159	14	0
159	15	0
159	16	0
159	17	0
159	18	0
159	19	0
159	20	0
159	21	0
159	22	0
159	23	0
159	24	0
159	25	0
159	26	0
159	27	0
159	28	1
159	29	1
159	30	1
159	31	4
159	32	4
159	33	9
159	34	11
159	35	12
159	36	12
159	37	27
159	38	40
159	39	48
159	40	52
159	41	75
159	42	104
159	43	120
159	44	143
159	45	168
159	46	185
159	47	245
159	48	271
159	49	282
159	50	299
159	51	338
159	52	392
159	53	395
159	54	474
159	55	468
159	56	492
159	57	523
159	58	555
159	59	569
159	60	590
159	61	617
159	62	680
159	63	669
159	64	664
159	65	665
159	66	621
159	67	682
159	68	650
159	69	606
159	70	653
159	71	584
159	72	572
159	73	524
159	74	585
159	75	621
159	76	550
159	77	562
159	78	567
159	79	533
159	80	541
159	81	551
159	82	497
159	83	511
159	84	487
159	85	466
159	86	419
159	87	374
159	88	319
159	89	295
159	90	287
159	91	245
159	92	237
159	93	176
159	94	179
159	95	170
159	96	151
159	97	139
159	98	104
159	99	124
159	100	93
159	101	104
159	102	91
159	103	72
159	104	60
159	105	67
159	106	59
159	107	37
159	108	40
159	109	24
159	110	33
159	111	18
159	112	16
159	113	10
159	114	14
159	115	12
159	116	10
159	117	13
159	118	9
159	119	11
159	120	6
159	121	3
159	122	5
159	123	6
159	124	7
159	125	6
159	126	3
159	127	2
159	128	5
159	129	1
159	130	5
159	131	1
159	132	2
159	133	3
159	134	2
159	135	1
159	136	0
159	137	0
159	138	0
159	139	1
159	140	0
159	141	0
159	142	0
159	143	0
159	144	0
159	145	0
159	146	0
159	147	0
159	148	0
159	149	0
159	150	0
159	151	0
159	152	0
159	153	0
159	154	0
159	155	0
159	156	0
159	157	0
159	158	0
159	159	0
160	0	0
160	1	0
160	2	0
160	3	0
160	4	0
160	5	0
160	6	0
160	7	0
160	8	0
160	9	0
160	10	0
160	11	0
160	12	0
160	13	0
160	14	0
160	15	0
160	16	0
160	17	0
160	18	0
160	19	0
160	20	0
160	21	0
160	22	0
160	23	0
160	24	0
160	25	0
160	26	0
160	27	0
160	28	0
160	29	1
160	30	1
160	31	5
160	32	3
160	33	8
160	34	9
160	35	15
160	36	22
160	37	25
160	38	45
160	39	53
160	40	73
160	41	74
160	42	101
160	43	111
160	44	146
160	45	168
160	46	200
160	47	223
160	48	277
160	49	292
160	50	310
160	51	370
160	52	391
160	53	421
160	54	468
160	55	512
160	56	539
160	57	574
160	58	613
160	59	586
160	60	646
160	61	679
160	62	634
160	63	697
160	64	708
160	65	692
160	66	691
160	67	694
160	68	677
160	69	646
160	70	665
160	71	675
160	72	651
160	73	627
160	74	619
160	75	592
160	76	563
160	77	573
160	78	585
160	79	588
160	80	572
160	81	565
160	82	577
160	83	511
160	84	528
160	85	491
160	86	431
160	87	421
160	88	396
160	89	376
160	90	294
160	91	284
160	92	229
160	93	227
160	94	241
160	95	166
160	96	160
160	97	155
160	98	140
160	99	128
160	100	117
160	101	121
160	102	82
160	103	82
160	104	86
160	105	75
160	106	46
160	107	48
160	108	53
160	109	32
160	110	30
160	111	24
160	112	29
160	113	24
160	114	14
160	115	15
160	116	14
160	117	5
160	118	6
160	119	9
160	120	4
160	121	6
160	122	4
160	123	5
160	124	6
160	125	2
160	126	2
160	127	2
160	128	5
160	129	3
160	130	2
160	131	6
160	132	3
160	133	0
160	134	1
160	135	0
160	136	1
160	137	0
160	138	0
160	139	0
160	140	0
160	141	0
160	142	0
160	143	0
160	144	0
160	145	0
160	146	0
160	147	0
160	148	0
160	149	0
160	150	0
160	151	0
160	152	0
160	153	0
160	154	0
160	155	0
160	156	0
160	157	0
160	158	0
160	159	0
160	160	0
161	0	0
161	1	0
161	2	0
161	3	0
161	4	0
161	5	0
161	6	0
161	7	0
161	8	0
161	9	0
161	10	0
161	11	0
161	12	0
161	13	0
161	14	0
161	15	0
161	16	0
161	17	0
161	18	0
161	19	0
161	20	0
161	21	0
161	22	0
161	23	0
161	24	0
161	25	0
161	26	0
161	27	0
161	28	1
161	29	1
161	30	0
161	31	3
161	32	5
161	33	5
161	34	11
161	35	16
161	36	22
161	37	22
161	38	34
161	39	58
161	40	69
161	41	62
161	42	79
161	43	101
161	44	152
161	45	191
161	46	210
161	47	240
161	48	246
161	49	274
161	50	356
161	51	364
161	52	409
161	53	482
161	54	447
161	55	518
161	56	533
161	57	601
161	58	610
161	59	615
161	60	627
161	61	679
161	62	703
161	63	726
161	64	656
161	65	709
161	66	725
161	67	673
161	68	694
161	69	706
161	70	692
161	71	710
161	72	677
161	73	607
161	74	651
161	75	658
161	76	598
161	77	633
161	78	633
161	79	579
161	80	613
161	81	548
161	82	601
161	83	586
161	84	633
161	85	530
161	86	490
161	87	450
161	88	444
161	89	373
161	90	337
161	91	344
161	92	254
161	93	226
161	94	213
161	95	206
161	96	203
161	97	167
161	98	144
161	99	146
161	100	130
161	101	108
161	102	89
161	103	94
161	104	89
161	105	86
161	106	66
161	107	53
161	108	62
161	109	52
161	110	33
161	111	31
161	112	14
161	113	21
161	114	26
161	115	19
161	116	15
161	117	12
161	118	9
161	119	6
161	120	6
161	121	3
161	122	6
161	123	9
161	124	6
161	125	5
161	126	5
161	127	0
161	128	1
161	129	2
161	130	4
161	131	4
161	132	4
161	133	1
161	134	2
161	135	1
161	136	0
161	137	1
161	138	1
161	139	0
161	140	1
161	141	0
161	142	0
161	143	0
161	144	0
161	145	0
161	146	0
161	147	0
161	148	0
161	149	0
161	150	0
161	151	0
161	152	0
161	153	0
161	154	0
161	155	0
161	156	0
161	157	0
161	158	0
161	159	0
161	160	0
161	161	0
162	0	0
162	1	0
162	2	0
162	3	0
162	4	0
162	5	0
162	6	0
162	7	0
162	8	0
162	9	0
162	10	0
162	11	0
162	12	0
162	13	0
162	14	0
162	15	0
162	16	0
162	17	0
162	18	0
162	19	0
162	20	0
162	21	0
162	22	0
162	23	0
162	24	0
162	25	0
162	26	0
162	27	0
162	28	0
162	29	3
162	30	3
162	31	3
162	32	5
162	33	5
162	34	12
162	35	12
162	36	15
162	37	34
162	38	26
162	39	44
162	40	59
162	41	78
162	42	103
162	43	133
162	44	136
162	45	190
162	46	223
162	47	253
162	48	243
162	49	272
162	50	333
162	51	361
162	52	363
162	53	439
162	54	489
162	55	495
162	56	554
162	57	590
162	58	615
162	59	610
162	60	699
162	61	713
162	62	678
162	63	747
162	64	745
162	65	706
162	66	745
162	67	752
162	68	741
162	69	762
162	70	709
162	71	680
162	72	685
162	73	689
162	74	695
162	75	654
162	76	631
162	77	624
162	78	641
162	79	639
162	80	612
162	81	615
162	82	671
162	83	623
162	84	603
162	85	598
162	86	528
162	87	501
162	88	479
162	89	413
162	90	380
162	91	343
162	92	301
162	93	289
162	94	237
162	95	236
162	96	222
162	97	193
162	98	178
162	99	167
162	100	165
162	101	114
162	102	137
162	103	112
162	104	99
162	105	75
162	106	73
162	107	67
162	108	56
162	109	49
162	110	51
162	111	31
162	112	40
162	113	34
162	114	20
162	115	21
162	116	16
162	117	20
162	118	14
162	119	14
162	120	6
162	121	10
162	122	6
162	123	8
162	124	6
162	125	2
162	126	6
162	127	3
162	128	1
162	129	4
162	130	1
162	131	3
162	132	1
162	133	0
162	134	2
162	135	1
162	136	1
162	137	1
162	138	0
162	139	1
162	140	0
162	141	0
162	142	0
162	143	0
162	144	0
162	145	0
162	146	0
162	147	0
162	148	0
162	149	0
162	150	0
162	151	0
162	152	0
162	153	0
162	154	0
162	155	0
162	156	0
162	157	0
162	158	0
162	159	0
162	160	0
162	161	0
162	162	0
163	0	0
163	1	0
163	2	0
163	3	0
163	4	0
163	5	0
163	6	0
163	7	0
163	8	0
163	9	0
163	10	0
163	11	0
163	12	0
163	13	0
163	14	0
163	15	0
163	16	0
163	17	0
163	18	0
163	19	0
163	20	0
163	21	0
163	22	0
163	23	0
163	24	0
163	25	0
163	26	0
163	27	0
163	28	0
163	29	0
163	30	1
163	31	1
163	32	6
163	33	6
163	34	6
163	35	16
163	36	29
163	37	28
163	38	33
163	39	57
163	40	69
163	41	71
163	42	96
163	43	151
163	44	153
163	45	178
163	46	211
163	47	255
163	48	270
163	49	314
163	50	345
163	51	356
163	52	456
163	53	426
163	54	510
163	55	574
163	56	585
163	57	652
163	58	658
163	59	680
163	60	731
163	61	781
163	62	715
163	63	794
163	64	780
163	65	867
163	66	837
163	67	821
163	68	838
163	69	769
163	70	764
163	71	743
163	72	819
163	73	726
163	74	710
163	75	743
163	76	712
163	77	691
163	78	692
163	79	715
163	80	694
163	81	688
163	82	684
163	83	742
163	84	722
163	85	707
163	86	627
163	87	556
163	88	534
163	89	441
163	90	406
163	91	383
163	92	367
163	93	302
163	94	312
163	95	246
163	96	234
163	97	235
163	98	214
163	99	182
163	100	157
163	101	148
163	102	138
163	103	124
163	104	120
163	105	99
163	106	90
163	107	82
163	108	64
163	109	65
163	110	42
163	111	44
163	112	36
163	113	34
163	114	28
163	115	25
163	116	18
163	117	11
163	118	11
163	119	12
163	120	13
163	121	8
163	122	7
163	123	5
163	124	8
163	125	7
163	126	8
163	127	7
163	128	4
163	129	1
163	130	2
163	131	2
163	132	1
163	133	2
163	134	0
163	135	1
163	136	1
163	137	3
163	138	1
163	139	0
163	140	1
163	141	0
163	142	0
163	143	0
163	144	0
163	145	0
163	146	0
163	147	0
163	148	0
163	149	0
163	150	0
163	151	0
163	152	0
163	153	0
163	154	0
163	155	0
163	156	0
163	157	0
163	158	0
163	159	0
163	160	0
163	161	0
163	162	0
163	163	0
164	0	0
164	1	0
164	2	0
164	3	0
164	4	0
164	5	0
164	6	0
164	7	0
164	8	0
164	9	0
164	10	0
164	11	0
164	12	0
164	13	0
164	14	0
164	15	0
164	16	0
164	17	0
164	18	0
164	19	0
164	20	0
164	21	0
164	22	0
164	23	0
164	24	0
164	25	0
164	26	0
164	27	0
164	28	0
164	29	1
164	30	1
164	31	2
164	32	6
164	33	3
164	34	12
164	35	15
164	36	20
164	37	32
164	38	43
164	39	44
164	40	69
164	41	82
164	42	100
164	43	120
164	44	156
164	45	178
164	46	219
164	47	252
164	48	315
164	49	309
164	50	359
164	51	398
164	52	498
164	53	509
164	54	556
164	55	554
164	56	640
164	57	685
164	58	730
164	59	773
164	60	797
164	61	851
164	62	895
164	63	843
164	64	916
164	65	874
164	66	923
164	67	888
164	68	924
164	69	861
164	70	867
164	71	876
164	72	901
164	73	826
164	74	834
164	75	788
164	76	795
164	77	753
164	78	767
164	79	790
164	80	761
164	81	695
164	82	791
164	83	724
164	84	723
164	85	720
164	86	687
164	87	717
164	88	622
164	89	556
164	90	470
164	91	485
164	92	384
164	93	408
164	94	357
164	95	285
164	96	283
164	97	245
164	98	230
164	99	215
164	100	196
164	101	154
164	102	144
164	103	127
164	104	129
164	105	115
164	106	113
164	107	93
164	108	73
164	109	71
164	110	75
164	111	62
164	112	41
164	113	42
164	114	29
164	115	32
164	116	21
164	117	31
164	118	22
164	119	19
164	120	12
164	121	9
164	122	9
164	123	6
164	124	14
164	125	16
164	126	6
164	127	6
164	128	7
164	129	4
164	130	5
164	131	2
164	132	2
164	133	4
164	134	2
164	135	1
164	136	5
164	137	2
164	138	0
164	139	0
164	140	1
164	141	0
164	142	0
164	143	0
164	144	0
164	145	0
164	146	0
164	147	0
164	148	0
164	149	0
164	150	0
164	151	0
164	152	0
164	153	0
164	154	0
164	155	0
164	156	0
164	157	0
164	158	0
164	159	0
164	160	0
164	161	0
164	162	0
164	163	0
164	164	0
165	0	0
165	1	0
165	2	0
165	3	0
165	4	0
165	5	0
165	6	0
165	7	0
165	8	0
165	9	0
165	10	0
165	11	0
165	12	0
165	13	0
165	14	0
165	15	0
165	16	0
165	17	0
165	18	0
165	19	0
165	20	0
165	21	0
165	22	0
165	23	0
165	24	0
165	25	0
165	26	0
165	27	0
165	28	0
165	29	0
165	30	1
165	31	1
165	32	5
165	33	7
165	34	17
165	35	15
165	36	19
165	37	28
165	38	31
165	39	51
165	40	64
165	41	74
165	42	100
165	43	123
165	44	153
165	45	185
165	46	241
165	47	282
165	48	320
165	49	349
165	50	335
165	51	445
165	52	491
165	53	512
165	54	541
165	55	641
165	56	647
165	57	699
165	58	742
165	59	763
165	60	804
165	61	855
165	62	895
165	63	919
165	64	984
165	65	970
165	66	1012
165	67	954
165	68	915
165	69	933
165	70	936
165	71	910
165	72	893
165	73	940
165	74	857
165	75	855
165	76	861
165	77	884
165	78	798
165	79	802
165	80	828
165	81	787
165	82	788
165	83	781
165	84	796
165	85	778
165	86	781
165	87	653
165	88	683
165	89	634
165	90	588
165	91	494
165	92	439
165	93	418
165	94	360
165	95	340
165	96	298
165	97	282
165	98	266
165	99	247
165	100	214
165	101	215
165	102	189
165	103	146
165	104	152
165	105	130
165	106	100
165	107	119
165	108	100
165	109	84
165	110	69
165	111	55
165	112	59
165	113	34
165	114	45
165	115	26
165	116	22
165	117	29
165	118	19
165	119	18
165	120	20
165	121	15
165	122	8
165	123	8
165	124	8
165	125	10
165	126	5
165	127	13
165	128	10
165	129	6
165	130	5
165	131	5
165	132	2
165	133	3
165	134	3
165	135	3
165	136	3
165	137	3
165	138	1
165	139	3
165	140	0
165	141	0
165	142	0
165	143	0
165	144	0
165	145	0
165	146	0
165	147	0
165	148	0
165	149	0
165	150	0
165	151	0
165	152	0
165	153	0
165	154	0
165	155	0
165	156	0
165	157	0
165	158	0
165	159	0
165	160	0
165	161	0
165	162	0
165	163	0
165	164	0
165	165	0
166	0	0
166	1	0
166	2	0
166	3	0
166	4	0
166	5	0
166	6	0
166	7	0
166	8	0
166	9	0
166	10	0
166	11	0
166	12	0
166	13	0
166	14	0
166	15	0
166	16	0
166	17	0
166	18	0
166	19	0
166	20	0
166	21	0
166	22	0
166	23	0
166	24	0
166	25	0
166	26	0
166	27	0
166	28	0
166	29	0
166	30	0
166	31	0
166	32	5
166	33	6
166	34	5
166	35	11
166	36	12
166	37	27
166	38	34
166	39	52
166	40	70
166	41	84
166	42	107
166	43	134
166	44	156
166	45	174
166	46	210
166	47	237
166	48	316
166	49	326
166	50	372
166	51	428
166	52	461
166	53	524
166	54	552
166	55	630
166	56	638
166	57	703
166	58	726
166	59	782
166	60	813
166	61	896
166	62	870
166	63	850
166	64	933
166	65	942
166	66	967
166	67	949
166	68	960
166	69	916
166	70	979
166	71	878
166	72	942
166	73	911
166	74	871
166	75	850
166	76	877
166	77	833
166	78	766
166	79	796
166	80	764
166	81	764
166	82	741
166	83	752
166	84	741
166	85	714
166	86	726
166	87	696
166	88	642
166	89	606
166	90	576
166	91	502
166	92	473
166	93	392
166	94	353
166	95	374
166	96	294
166	97	257
166	98	265
166	99	246
166	100	230
166	101	216
166	102	186
166	103	170
166	104	157
166	105	118
166	106	111
166	107	100
166	108	97
166	109	86
166	110	67
166	111	62
166	112	51
166	113	49
166	114	45
166	115	36
166	116	35
166	117	21
166	118	32
166	119	15
166	120	18
166	121	17
166	122	6
166	123	17
166	124	7
166	125	4
166	126	4
166	127	12
166	128	11
166	129	1
166	130	9
166	131	6
166	132	3
166	133	2
166	134	3
166	135	2
166	136	3
166	137	3
166	138	0
166	139	1
166	140	0
166	141	1
166	142	0
166	143	0
166	144	0
166	145	0
166	146	0
166	147	0
166	148	0
166	149	0
166	150	0
166	151	0
166	152	0
166	153	0
166	154	0
166	155	0
166	156	0
166	157	0
166	158	0
166	159	0
166	160	0
166	161	0
166	162	0
166	163	0
166	164	0
166	165	0
166	166	0
167	0	0
167	1	0
167	2	0
167	3	0
167	4	0
167	5	0
167	6	0
167	7	0
167	8	0
167	9	0
167	10	0
167	11	0
167	12	0
167	13	0
167	14	0
167	15	0
167	16	0
167	17	0
167	18	0
167	19	0
167	20	0
167	21	0
167	22	0
167	23	0
167	24	0
167	25	0
167	26	0
167	27	1
167	28	1
167	29	1
167	30	1
167	31	0
167	32	3
167	33	5
167	34	9
167	35	9
167	36	12
167	37	7
167	38	29
167	39	43
167	40	52
167	41	67
167	42	78
167	43	120
167	44	135
167	45	146
167	46	209
167	47	225
167	48	237
167	49	299
167	50	346
167	51	395
167	52	408
167	53	464
167	54	533
167	55	493
167	56	591
167	57	641
167	58	632
167	59	704
167	60	705
167	61	801
167	62	823
167	63	795
167	64	802
167	65	829
167	66	869
167	67	921
167	68	864
167	69	863
167	70	841
167	71	852
167	72	862
167	73	816
167	74	802
167	75	821
167	76	770
167	77	770
167	78	772
167	79	764
167	80	675
167	81	691
167	82	674
167	83	698
167	84	709
167	85	700
167	86	651
167	87	700
167	88	615
167	89	576
167	90	574
167	91	515
167	92	446
167	93	429
167	94	361
167	95	333
167	96	288
167	97	265
167	98	242
167	99	219
167	100	195
167	101	162
167	102	179
167	103	171
167	104	130
167	105	132
167	106	114
167	107	99
167	108	92
167	109	94
167	110	79
167	111	62
167	112	64
167	113	55
167	114	43
167	115	30
167	116	33
167	117	30
167	118	23
167	119	19
167	120	28
167	121	19
167	122	10
167	123	10
167	124	10
167	125	6
167	126	4
167	127	4
167	128	2
167	129	4
167	130	6
167	131	5
167	132	7
167	133	6
167	134	5
167	135	0
167	136	1
167	137	1
167	138	5
167	139	3
167	140	1
167	141	1
167	142	1
167	143	0
167	144	1
167	145	1
167	146	0
167	147	0
167	148	0
167	149	0
167	150	0
167	151	0
167	152	0
167	153	0
167	154	0
167	155	0
167	156	0
167	157	0
167	158	0
167	159	0
167	160	0
167	161	0
167	162	0
167	163	0
167	164	0
167	165	0
167	166	0
167	167	0
168	0	0
168	1	0
168	2	0
168	3	0
168	4	0
168	5	0
168	6	0
168	7	0
168	8	0
168	9	0
168	10	0
168	11	0
168	12	0
168	13	0
168	14	0
168	15	0
168	16	0
168	17	0
168	18	0
168	19	0
168	20	0
168	21	0
168	22	0
168	23	0
168	24	0
168	25	0
168	26	0
168	27	0
168	28	0
168	29	2
168	30	0
168	31	1
168	32	2
168	33	3
168	34	8
168	35	10
168	36	11
168	37	15
168	38	29
168	39	31
168	40	48
168	41	57
168	42	79
168	43	95
168	44	100
168	45	142
168	46	170
168	47	185
168	48	214
168	49	276
168	50	315
168	51	349
168	52	373
168	53	422
168	54	455
168	55	467
168	56	539
168	57	565
168	58	566
168	59	628
168	60	660
168	61	701
168	62	717
168	63	775
168	64	751
168	65	761
168	66	805
168	67	785
168	68	788
168	69	793
168	70	801
168	71	791
168	72	752
168	73	771
168	74	703
168	75	691
168	76	723
168	77	704
168	78	692
168	79	687
168	80	649
168	81	676
168	82	681
168	83	668
168	84	650
168	85	619
168	86	629
168	87	657
168	88	618
168	89	591
168	90	548
168	91	468
168	92	430
168	93	420
168	94	354
168	95	375
168	96	318
168	97	280
168	98	242
168	99	233
168	100	208
168	101	201
168	102	182
168	103	157
168	104	149
168	105	121
168	106	118
168	107	109
168	108	113
168	109	89
168	110	93
168	111	78
168	112	70
168	113	56
168	114	39
168	115	33
168	116	33
168	117	18
168	118	23
168	119	21
168	120	8
168	121	32
168	122	23
168	123	9
168	124	7
168	125	7
168	126	6
168	127	9
168	128	4
168	129	7
168	130	2
168	131	4
168	132	3
168	133	6
168	134	2
168	135	5
168	136	2
168	137	2
168	138	1
168	139	1
168	140	1
168	141	1
168	142	1
168	143	1
168	144	0
168	145	0
168	146	0
168	147	0
168	148	0
168	149	0
168	150	0
168	151	0
168	152	0
168	153	0
168	154	0
168	155	0
168	156	0
168	157	0
168	158	0
168	159	0
168	160	0
168	161	0
168	162	0
168	163	0
168	164	0
168	165	0
168	166	0
168	167	0
168	168	0
169	0	0
169	1	0
169	2	0
169	3	0
169	4	0
169	5	0
169	6	0
169	7	0
169	8	0
169	9	0
169	10	0
169	11	0
169	12	0
169	13	0
169	14	0
169	15	0
169	16	0
169	17	0
169	18	0
169	19	0
169	20	0
169	21	0
169	22	0
169	23	0
169	24	0
169	25	0
169	26	0
169	27	0
169	28	1
169	29	2
169	30	0
169	31	1
169	32	4
169	33	3
169	34	6
169	35	8
169	36	8
169	37	10
169	38	20
169	39	28
169	40	31
169	41	40
169	42	70
169	43	81
169	44	88
169	45	122
169	46	141
169	47	153
169	48	188
169	49	208
169	50	248
169	51	278
169	52	315
169	53	379
169	54	365
169	55	441
169	56	459
169	57	529
169	58	512
169	59	519
169	60	604
169	61	619
169	62	636
169	63	658
169	64	686
169	65	682
169	66	683
169	67	749
169	68	718
169	69	687
169	70	766
169	71	702
169	72	711
169	73	672
169	74	703
169	75	633
169	76	635
169	77	639
169	78	634
169	79	617
169	80	587
169	81	633
169	82	584
169	83	579
169	84	619
169	85	605
169	86	588
169	87	576
169	88	576
169	89	555
169	90	513
169	91	486
169	92	469
169	93	391
169	94	384
169	95	342
169	96	277
169	97	262
169	98	230
169	99	191
169	100	201
169	101	154
169	102	157
169	103	164
169	104	129
169	105	119
169	106	112
169	107	104
169	108	75
169	109	81
169	110	82
169	111	61
169	112	54
169	113	58
169	114	31
169	115	38
169	116	32
169	117	30
169	118	20
169	119	28
169	120	14
169	121	21
169	122	15
169	123	16
169	124	9
169	125	10
169	126	7
169	127	4
169	128	7
169	129	6
169	130	7
169	131	3
169	132	4
169	133	2
169	134	4
169	135	5
169	136	1
169	137	1
169	138	0
169	139	1
169	140	0
169	141	0
169	142	0
169	143	0
169	144	0
169	145	0
169	146	0
169	147	1
169	148	0
169	149	0
169	150	0
169	151	0
169	152	0
169	153	0
169	154	0
169	155	0
169	156	0
169	157	0
169	158	0
169	159	0
169	160	0
169	161	0
169	162	0
169	163	0
169	164	0
169	165	0
169	166	0
169	167	0
169	168	0
169	169	0
170	0	0
170	1	0
170	2	0
170	3	0
170	4	0
170	5	0
170	6	0
170	7	0
170	8	0
170	9	0
170	10	0
170	11	0
170	12	0
170	13	0
170	14	0
170	15	0
170	16	0
170	17	0
170	18	0
170	19	0
170	20	0
170	21	0
170	22	0
170	23	0
170	24	0
170	25	0
170	26	0
170	27	0
170	28	0
170	29	0
170	30	0
170	31	2
170	32	2
170	33	1
170	34	5
170	35	7
170	36	10
170	37	13
170	38	18
170	39	22
170	40	33
170	41	38
170	42	47
170	43	69
170	44	81
170	45	88
170	46	118
170	47	127
170	48	179
170	49	186
170	50	224
170	51	221
170	52	264
170	53	335
170	54	342
170	55	316
170	56	409
170	57	433
170	58	453
170	59	488
170	60	527
170	61	548
170	62	583
170	63	610
170	64	622
170	65	582
170	66	643
170	67	646
170	68	660
170	69	606
170	70	636
170	71	628
170	72	628
170	73	632
170	74	622
170	75	620
170	76	563
170	77	630
170	78	565
170	79	551
170	80	527
170	81	596
170	82	538
170	83	516
170	84	500
170	85	530
170	86	522
170	87	497
170	88	478
170	89	506
170	90	486
170	91	415
170	92	419
170	93	353
170	94	347
170	95	276
170	96	281
170	97	231
170	98	196
170	99	188
170	100	171
170	101	175
170	102	151
170	103	123
170	104	117
170	105	136
170	106	134
170	107	94
170	108	81
170	109	69
170	110	76
170	111	70
170	112	53
170	113	44
170	114	44
170	115	41
170	116	30
170	117	24
170	118	28
170	119	14
170	120	16
170	121	15
170	122	15
170	123	10
170	124	9
170	125	5
170	126	4
170	127	3
170	128	6
170	129	4
170	130	6
170	131	3
170	132	5
170	133	4
170	134	1
170	135	6
170	136	5
170	137	0
170	138	3
170	139	1
170	140	3
170	141	2
170	142	1
170	143	0
170	144	0
170	145	0
170	146	0
170	147	1
170	148	0
170	149	0
170	150	0
170	151	0
170	152	0
170	153	0
170	154	0
170	155	0
170	156	0
170	157	0
170	158	0
170	159	0
170	160	0
170	161	0
170	162	0
170	163	0
170	164	0
170	165	0
170	166	0
170	167	0
170	168	0
170	169	0
170	170	0
171	0	0
171	1	0
171	2	0
171	3	0
171	4	0
171	5	0
171	6	0
171	7	0
171	8	0
171	9	0
171	10	0
171	11	0
171	12	0
171	13	0
171	14	0
171	15	0
171	16	0
171	17	0
171	18	0
171	19	0
171	20	0
171	21	0
171	22	0
171	23	0
171	24	0
171	25	0
171	26	0
171	27	0
171	28	0
171	29	0
171	30	1
171	31	1
171	32	2
171	33	1
171	34	3
171	35	4
171	36	2
171	37	14
171	38	10
171	39	20
171	40	23
171	41	35
171	42	48
171	43	55
171	44	82
171	45	78
171	46	73
171	47	110
171	48	163
171	49	162
171	50	172
171	51	193
171	52	226
171	53	250
171	54	274
171	55	307
171	56	358
171	57	337
171	58	425
171	59	438
171	60	451
171	61	444
171	62	452
171	63	475
171	64	556
171	65	523
171	66	542
171	67	529
171	68	550
171	69	594
171	70	566
171	71	537
171	72	571
171	73	542
171	74	565
171	75	535
171	76	518
171	77	507
171	78	478
171	79	464
171	80	530
171	81	531
171	82	510
171	83	472
171	84	457
171	85	447
171	86	467
171	87	462
171	88	459
171	89	464
171	90	464
171	91	442
171	92	401
171	93	345
171	94	317
171	95	276
171	96	235
171	97	204
171	98	195
171	99	194
171	100	175
171	101	159
171	102	164
171	103	126
171	104	108
171	105	98
171	106	110
171	107	82
171	108	71
171	109	74
171	110	73
171	111	74
171	112	54
171	113	39
171	114	42
171	115	36
171	116	38
171	117	26
171	118	25
171	119	22
171	120	13
171	121	9
171	122	19
171	123	12
171	124	13
171	125	7
171	126	7
171	127	6
171	128	6
171	129	3
171	130	5
171	131	4
171	132	7
171	133	1
171	134	3
171	135	3
171	136	3
171	137	0
171	138	4
171	139	3
171	140	0
171	141	3
171	142	0
171	143	0
171	144	1
171	145	0
171	146	0
171	147	0
171	148	0
171	149	0
171	150	0
171	151	0
171	152	0
171	153	0
171	154	0
171	155	0
171	156	0
171	157	0
171	158	0
171	159	0
171	160	0
171	161	0
171	162	0
171	163	0
171	164	0
171	165	0
171	166	0
171	167	0
171	168	0
171	169	0
171	170	0
171	171	0
172	0	0
172	1	0
172	2	0
172	3	0
172	4	0
172	5	0
172	6	0
172	7	0
172	8	0
172	9	0
172	10	0
172	11	0
172	12	0
172	13	0
172	14	0
172	15	0
172	16	0
172	17	0
172	18	0
172	19	0
172	20	0
172	21	0
172	22	0
172	23	0
172	24	0
172	25	0
172	26	0
172	27	0
172	28	0
172	29	1
172	30	0
172	31	0
172	32	2
172	33	1
172	34	1
172	35	0
172	36	7
172	37	7
172	38	15
172	39	18
172	40	22
172	41	27
172	42	32
172	43	48
172	44	60
172	45	65
172	46	79
172	47	98
172	48	122
172	49	137
172	50	154
172	51	166
172	52	195
172	53	229
172	54	213
172	55	297
172	56	283
172	57	294
172	58	342
172	59	357
172	60	379
172	61	384
172	62	415
172	63	426
172	64	451
172	65	484
172	66	489
172	67	481
172	68	493
172	69	465
172	70	514
172	71	506
172	72	458
172	73	431
172	74	490
172	75	477
172	76	449
172	77	482
172	78	430
172	79	463
172	80	423
172	81	454
172	82	421
172	83	423
172	84	434
172	85	469
172	86	422
172	87	401
172	88	400
172	89	418
172	90	401
172	91	412
172	92	383
172	93	346
172	94	295
172	95	277
172	96	264
172	97	227
172	98	185
172	99	184
172	100	141
172	101	142
172	102	144
172	103	127
172	104	137
172	105	96
172	106	92
172	107	90
172	108	76
172	109	81
172	110	59
172	111	66
172	112	62
172	113	48
172	114	41
172	115	37
172	116	32
172	117	27
172	118	24
172	119	25
172	120	25
172	121	17
172	122	13
172	123	15
172	124	4
172	125	11
172	126	7
172	127	3
172	128	9
172	129	5
172	130	5
172	131	7
172	132	7
172	133	2
172	134	3
172	135	6
172	136	1
172	137	3
172	138	1
172	139	1
172	140	0
172	141	1
172	142	4
172	143	2
172	144	0
172	145	0
172	146	0
172	147	0
172	148	2
172	149	0
172	150	0
172	151	0
172	152	1
172	153	0
172	154	0
172	155	0
172	156	0
172	157	0
172	158	0
172	159	0
172	160	0
172	161	0
172	162	0
172	163	0
172	164	0
172	165	0
172	166	0
172	167	0
172	168	0
172	169	0
172	170	0
172	171	0
172	172	0
173	0	0
173	1	0
173	2	0
173	3	0
173	4	0
173	5	0
173	6	0
173	7	0
173	8	0
173	9	0
173	10	0
173	11	0
173	12	0
173	13	0
173	14	0
173	15	0
173	16	0
173	17	0
173	18	0
173	19	0
173	20	0
173	21	0
173	22	0
173	23	0
173	24	0
173	25	0
173	26	0
173	27	0
173	28	0
173	29	0
173	30	0
173	31	0
173	32	1
173	33	0
173	34	1
173	35	6
173	36	5
173	37	2
173	38	16
173	39	15
173	40	12
173	41	21
173	42	34
173	43	33
173	44	41
173	45	50
173	46	64
173	47	75
173	48	118
173	49	123
173	50	143
173	51	157
173	52	162
173	53	230
173	54	217
173	55	227
173	56	276
173	57	254
173	58	287
173	59	333
173	60	329
173	61	334
173	62	355
173	63	386
173	64	437
173	65	432
173	66	449
173	67	430
173	68	439
173	69	448
173	70	400
173	71	467
173	72	438
173	73	452
173	74	449
173	75	431
173	76	456
173	77	395
173	78	426
173	79	420
173	80	410
173	81	439
173	82	416
173	83	383
173	84	370
173	85	362
173	86	404
173	87	359
173	88	366
173	89	389
173	90	328
173	91	360
173	92	319
173	93	298
173	94	294
173	95	241
173	96	237
173	97	208
173	98	210
173	99	162
173	100	178
173	101	154
173	102	152
173	103	128
173	104	129
173	105	107
173	106	110
173	107	103
173	108	83
173	109	63
173	110	58
173	111	61
173	112	61
173	113	54
173	114	43
173	115	32
173	116	40
173	117	27
173	118	23
173	119	19
173	120	24
173	121	19
173	122	17
173	123	10
173	124	9
173	125	5
173	126	4
173	127	8
173	128	1
173	129	7
173	130	3
173	131	7
173	132	1
173	133	7
173	134	3
173	135	2
173	136	3
173	137	3
173	138	1
173	139	3
173	140	0
173	141	1
173	142	1
173	143	0
173	144	0
173	145	0
173	146	0
173	147	0
173	148	1
173	149	0
173	150	0
173	151	0
173	152	0
173	153	0
173	154	0
173	155	0
173	156	0
173	157	0
173	158	0
173	159	0
173	160	0
173	161	0
173	162	0
173	163	0
173	164	0
173	165	0
173	166	0
173	167	0
173	168	0
173	169	0
173	170	0
173	171	0
173	172	0
173	173	0
174	0	0
174	1	0
174	2	0
174	3	0
174	4	0
174	5	0
174	6	0
174	7	0
174	8	0
174	9	0
174	10	0
174	11	0
174	12	0
174	13	0
174	14	0
174	15	0
174	16	0
174	17	0
174	18	0
174	19	0
174	20	0
174	21	0
174	22	0
174	23	0
174	24	0
174	25	0
174	26	0
174	27	0
174	28	0
174	29	0
174	30	0
174	31	1
174	32	0
174	33	0
174	34	0
174	35	2
174	36	6
174	37	6
174	38	8
174	39	8
174	40	15
174	41	16
174	42	34
174	43	43
174	44	36
174	45	58
174	46	74
174	47	60
174	48	96
174	49	114
174	50	141
174	51	144
174	52	147
174	53	172
174	54	180
174	55	200
174	56	250
174	57	253
174	58	250
174	59	289
174	60	315
174	61	314
174	62	307
174	63	358
174	64	376
174	65	360
174	66	411
174	67	383
174	68	400
174	69	407
174	70	397
174	71	379
174	72	420
174	73	403
174	74	403
174	75	391
174	76	386
174	77	392
174	78	415
174	79	371
174	80	388
174	81	385
174	82	384
174	83	349
174	84	340
174	85	382
174	86	368
174	87	304
174	88	359
174	89	346
174	90	357
174	91	338
174	92	312
174	93	290
174	94	265
174	95	292
174	96	229
174	97	206
174	98	181
174	99	187
174	100	154
174	101	164
174	102	106
174	103	101
174	104	105
174	105	103
174	106	93
174	107	72
174	108	90
174	109	57
174	110	67
174	111	57
174	112	46
174	113	48
174	114	52
174	115	35
174	116	32
174	117	28
174	118	22
174	119	18
174	120	16
174	121	19
174	122	18
174	123	12
174	124	13
174	125	11
174	126	9
174	127	11
174	128	3
174	129	7
174	130	4
174	131	9
174	132	7
174	133	6
174	134	2
174	135	3
174	136	2
174	137	0
174	138	1
174	139	2
174	140	3
174	141	1
174	142	1
174	143	1
174	144	2
174	145	0
174	146	1
174	147	0
174	148	0
174	149	2
174	150	0
174	151	0
174	152	0
174	153	0
174	154	0
174	155	0
174	156	0
174	157	0
174	158	0
174	159	0
174	160	0
174	161	0
174	162	0
174	163	0
174	164	0
174	165	0
174	166	0
174	167	0
174	168	0
174	169	0
174	170	0
174	171	0
174	172	0
174	173	0
174	174	0
175	0	0
175	1	0
175	2	0
175	3	0
175	4	0
175	5	0
175	6	0
175	7	0
175	8	0
175	9	0
175	10	0
175	11	0
175	12	0
175	13	0
175	14	0
175	15	0
175	16	0
175	17	0
175	18	0
175	19	0
175	20	0
175	21	0
175	22	0
175	23	0
175	24	0
175	25	0
175	26	0
175	27	0
175	28	0
175	29	0
175	30	0
175	31	1
175	32	2
175	33	1
175	34	0
175	35	0
175	36	3
175	37	6
175	38	8
175	39	7
175	40	18
175	41	12
175	42	22
175	43	24
175	44	43
175	45	52
175	46	62
175	47	78
175	48	82
175	49	85
175	50	111
175	51	94
175	52	105
175	53	148
175	54	169
175	55	195
175	56	182
175	57	225
175	58	243
175	59	236
175	60	262
175	61	296
175	62	323
175	63	366
175	64	326
175	65	358
175	66	369
175	67	360
175	68	370
175	69	363
175	70	354
175	71	401
175	72	387
175	73	349
175	74	427
175	75	365
175	76	356
175	77	374
175	78	343
175	79	324
175	80	349
175	81	351
175	82	315
175	83	332
175	84	317
175	85	303
175	86	294
175	87	302
175	88	298
175	89	313
175	90	326
175	91	294
175	92	268
175	93	284
175	94	254
175	95	232
175	96	244
175	97	195
175	98	182
175	99	160
175	100	153
175	101	123
175	102	112
175	103	118
175	104	108
175	105	94
175	106	81
175	107	96
175	108	80
175	109	74
175	110	50
175	111	56
175	112	49
175	113	41
175	114	45
175	115	37
175	116	32
175	117	28
175	118	23
175	119	17
175	120	14
175	121	15
175	122	21
175	123	14
175	124	17
175	125	7
175	126	12
175	127	11
175	128	9
175	129	3
175	130	5
175	131	2
175	132	4
175	133	6
175	134	5
175	135	2
175	136	2
175	137	3
175	138	2
175	139	2
175	140	1
175	141	4
175	142	3
175	143	2
175	144	2
175	145	1
175	146	1
175	147	0
175	148	0
175	149	0
175	150	0
175	151	0
175	152	0
175	153	0
175	154	0
175	155	0
175	156	0
175	157	0
175	158	0
175	159	0
175	160	0
175	161	0
175	162	0
175	163	0
175	164	0
175	165	0
175	166	0
175	167	0
175	168	0
175	169	0
175	170	0
175	171	0
175	172	0
175	173	0
175	174	0
175	175	0
176	0	0
176	1	0
176	2	0
176	3	0
176	4	0
176	5	0
176	6	0
176	7	0
176	8	0
176	9	0
176	10	0
176	11	0
176	12	0
176	13	0
176	14	0
176	15	0
176	16	0
176	17	0
176	18	0
176	19	0
176	20	0
176	21	0
176	22	0
176	23	0
176	24	0
176	25	0
176	26	0
176	27	0
176	28	0
176	29	0
176	30	0
176	31	0
176	32	0
176	33	4
176	34	1
176	35	0
176	36	0
176	37	3
176	38	9
176	39	6
176	40	14
176	41	16
176	42	17
176	43	28
176	44	33
176	45	38
176	46	54
176	47	69
176	48	79
176	49	86
176	50	93
176	51	116
176	52	128
176	53	131
176	54	162
176	55	160
176	56	186
176	57	195
176	58	233
176	59	247
176	60	244
176	61	259
176	62	279
176	63	300
176	64	291
176	65	304
176	66	337
176	67	348
176	68	368
176	69	329
176	70	335
176	71	342
176	72	305
176	73	365
176	74	347
176	75	334
176	76	293
176	77	319
176	78	316
176	79	308
176	80	335
176	81	323
176	82	304
176	83	316
176	84	319
176	85	313
176	86	279
176	87	318
176	88	319
176	89	260
176	90	287
176	91	253
176	92	236
176	93	265
176	94	254
176	95	212
176	96	236
176	97	230
176	98	183
176	99	154
176	100	153
176	101	136
176	102	93
176	103	96
176	104	109
176	105	88
176	106	75
176	107	76
176	108	59
176	109	70
176	110	59
176	111	57
176	112	49
176	113	44
176	114	44
176	115	34
176	116	28
176	117	33
176	118	24
176	119	22
176	120	24
176	121	18
176	122	11
176	123	13
176	124	11
176	125	6
176	126	5
176	127	3
176	128	7
176	129	6
176	130	9
176	131	4
176	132	2
176	133	3
176	134	1
176	135	3
176	136	4
176	137	1
176	138	4
176	139	1
176	140	2
176	141	3
176	142	5
176	143	1
176	144	0
176	145	0
176	146	1
176	147	1
176	148	1
176	149	0
176	150	0
176	151	0
176	152	0
176	153	0
176	154	0
176	155	0
176	156	0
176	157	0
176	158	0
176	159	0
176	160	0
176	161	0
176	162	0
176	163	0
176	164	0
176	165	0
176	166	0
176	167	0
176	168	0
176	169	0
176	170	0
176	171	0
176	172	0
176	173	0
176	174	0
176	175	0
176	176	0
177	0	0
177	1	0
177	2	0
177	3	0
177	4	0
177	5	0
177	6	0
177	7	0
177	8	0
177	9	0
177	10	0
177	11	0
177	12	0
177	13	0
177	14	0
177	15	0
177	16	0
177	17	0
177	18	0
177	19	0
177	20	0
177	21	0
177	22	0
177	23	0
177	24	0
177	25	0
177	26	0
177	27	0
177	28	0
177	29	0
177	30	1
177	31	0
177	32	0
177	33	0
177	34	0
177	35	0
177	36	3
177	37	2
177	38	8
177	39	3
177	40	16
177	41	17
177	42	22
177	43	20
177	44	28
177	45	35
177	46	34
177	47	59
177	48	57
177	49	67
177	50	76
177	51	95
177	52	102
177	53	91
177	54	124
177	55	169
177	56	159
177	57	151
177	58	169
177	59	192
177	60	220
177	61	239
177	62	247
177	63	263
177	64	249
177	65	283
177	66	298
177	67	329
177	68	286
177	69	285
177	70	271
177	71	291
177	72	303
177	73	295
177	74	320
177	75	305
177	76	298
177	77	284
177	78	272
177	79	283
177	80	269
177	81	266
177	82	286
177	83	240
177	84	280
177	85	257
177	86	246
177	87	264
177	88	257
177	89	262
177	90	236
177	91	250
177	92	232
177	93	230
177	94	221
177	95	189
177	96	196
177	97	163
177	98	163
177	99	154
177	100	151
177	101	109
177	102	124
177	103	86
177	104	104
177	105	60
177	106	76
177	107	70
177	108	67
177	109	71
177	110	61
177	111	48
177	112	50
177	113	38
177	114	43
177	115	33
177	116	40
177	117	33
177	118	21
177	119	24
177	120	14
177	121	22
177	122	15
177	123	9
177	124	19
177	125	10
177	126	6
177	127	6
177	128	4
177	129	5
177	130	6
177	131	2
177	132	3
177	133	3
177	134	5
177	135	2
177	136	4
177	137	3
177	138	3
177	139	2
177	140	1
177	141	2
177	142	0
177	143	0
177	144	0
177	145	0
177	146	2
177	147	1
177	148	0
177	149	1
177	150	0
177	151	0
177	152	0
177	153	0
177	154	0
177	155	0
177	156	0
177	157	0
177	158	0
177	159	0
177	160	0
177	161	0
177	162	0
177	163	0
177	164	0
177	165	0
177	166	0
177	167	0
177	168	0
177	169	0
177	170	0
177	171	0
177	172	0
177	173	0
177	174	0
177	175	0
177	176	0
177	177	0
178	0	0
178	1	0
178	2	0
178	3	0
178	4	0
178	5	0
178	6	0
178	7	0
178	8	0
178	9	0
178	10	0
178	11	0
178	12	0
178	13	0
178	14	0
178	15	0
178	16	0
178	17	0
178	18	0
178	19	0
178	20	0
178	21	0
178	22	0
178	23	0
178	24	0
178	25	0
178	26	0
178	27	0
178	28	0
178	29	0
178	30	0
178	31	0
178	32	0
178	33	0
178	34	0
178	35	0
178	36	2
178	37	3
178	38	1
178	39	6
178	40	5
178	41	7
178	42	15
178	43	23
178	44	23
178	45	27
178	46	38
178	47	31
178	48	70
178	49	66
178	50	74
178	51	83
178	52	97
178	53	95
178	54	116
178	55	132
178	56	135
178	57	149
178	58	169
178	59	174
178	60	172
178	61	201
178	62	212
178	63	237
178	64	232
178	65	237
178	66	270
178	67	232
178	68	273
178	69	250
178	70	280
178	71	264
178	72	293
178	73	248
178	74	264
178	75	259
178	76	280
178	77	263
178	78	239
178	79	261
178	80	272
178	81	228
178	82	221
178	83	256
178	84	240
178	85	227
178	86	273
178	87	245
178	88	211
178	89	214
178	90	229
178	91	230
178	92	220
178	93	194
178	94	185
178	95	164
178	96	184
178	97	169
178	98	169
178	99	126
178	100	124
178	101	119
178	102	117
178	103	94
178	104	85
178	105	75
178	106	71
178	107	63
178	108	68
178	109	71
178	110	40
178	111	46
178	112	35
178	113	39
178	114	30
178	115	21
178	116	31
178	117	21
178	118	26
178	119	27
178	120	14
178	121	13
178	122	11
178	123	11
178	124	7
178	125	6
178	126	6
178	127	7
178	128	6
178	129	6
178	130	10
178	131	6
178	132	0
178	133	2
178	134	3
178	135	3
178	136	2
178	137	3
178	138	2
178	139	3
178	140	3
178	141	3
178	142	1
178	143	2
178	144	1
178	145	0
178	146	0
178	147	0
178	148	1
178	149	1
178	150	1
178	151	1
178	152	0
178	153	0
178	154	0
178	155	0
178	156	0
178	157	0
178	158	0
178	159	0
178	160	0
178	161	0
178	162	0
178	163	0
178	164	0
178	165	0
178	166	0
178	167	0
178	168	0
178	169	0
178	170	0
178	171	0
178	172	0
178	173	0
178	174	0
178	175	0
178	176	0
178	177	0
178	178	0
179	0	0
179	1	0
179	2	0
179	3	0
179	4	0
179	5	0
179	6	0
179	7	0
179	8	0
179	9	0
179	10	0
179	11	0
179	12	0
179	13	0
179	14	0
179	15	0
179	16	0
179	17	0
179	18	0
179	19	0
179	20	0
179	21	0
179	22	0
179	23	0
179	24	0
179	25	0
179	26	0
179	27	0
179	28	0
179	29	0
179	30	0
179	31	0
179	32	0
179	33	0
179	34	0
179	35	1
179	36	1
179	37	2
179	38	3
179	39	3
179	40	1
179	41	10
179	42	10
179	43	20
179	44	15
179	45	31
179	46	28
179	47	38
179	48	32
179	49	52
179	50	58
179	51	61
179	52	72
179	53	75
179	54	105
179	55	114
179	56	108
179	57	139
179	58	142
179	59	148
179	60	164
179	61	161
179	62	198
179	63	206
179	64	198
179	65	215
179	66	221
179	67	210
179	68	224
179	69	218
179	70	217
179	71	243
179	72	240
179	73	253
179	74	222
179	75	227
179	76	238
179	77	233
179	78	206
179	79	221
179	80	216
179	81	219
179	82	233
179	83	211
179	84	215
179	85	195
179	86	205
179	87	198
179	88	201
179	89	193
179	90	193
179	91	190
179	92	201
179	93	166
179	94	179
179	95	164
179	96	164
179	97	156
179	98	111
179	99	125
179	100	124
179	101	97
179	102	106
179	103	63
179	104	79
179	105	69
179	106	74
179	107	52
179	108	47
179	109	54
179	110	48
179	111	37
179	112	45
179	113	38
179	114	28
179	115	31
179	116	24
179	117	22
179	118	24
179	119	22
179	120	16
179	121	11
179	122	14
179	123	6
179	124	9
179	125	9
179	126	9
179	127	3
179	128	9
179	129	5
179	130	2
179	131	2
179	132	2
179	133	1
179	134	1
179	135	4
179	136	3
179	137	2
179	138	0
179	139	0
179	140	5
179	141	2
179	142	2
179	143	1
179	144	0
179	145	2
179	146	1
179	147	1
179	148	1
179	149	0
179	150	0
179	151	0
179	152	0
179	153	0
179	154	0
179	155	0
179	156	0
179	157	0
179	158	0
179	159	0
179	160	0
179	161	0
179	162	0
179	163	0
179	164	0
179	165	0
179	166	0
179	167	0
179	168	0
179	169	0
179	170	0
179	171	0
179	172	0
179	173	0
179	174	0
179	175	0
179	176	0
179	177	0
179	178	0
179	179	0
180	0	0
180	1	0
180	2	0
180	3	0
180	4	0
180	5	0
180	6	0
180	7	0
180	8	0
180	9	0
180	10	0
180	11	0
180	12	0
180	13	0
180	14	0
180	15	0
180	16	0
180	17	0
180	18	0
180	19	0
180	20	0
180	21	0
180	22	0
180	23	0
180	24	0
180	25	0
180	26	0
180	27	0
180	28	0
180	29	0
180	30	0
180	31	0
180	32	0
180	33	0
180	34	0
180	35	0
180	36	3
180	37	1
180	38	2
180	39	2
180	40	7
180	41	8
180	42	8
180	43	10
180	44	19
180	45	18
180	46	24
180	47	23
180	48	30
180	49	42
180	50	56
180	51	70
180	52	72
180	53	52
180	54	75
180	55	105
180	56	108
180	57	102
180	58	129
180	59	111
180	60	133
180	61	145
180	62	134
180	63	161
180	64	163
180	65	173
180	66	191
180	67	187
180	68	173
180	69	193
180	70	195
180	71	174
180	72	172
180	73	208
180	74	177
180	75	216
180	76	190
180	77	196
180	78	191
180	79	194
180	80	181
180	81	202
180	82	205
180	83	194
180	84	174
180	85	193
180	86	186
180	87	174
180	88	159
180	89	170
180	90	170
180	91	159
180	92	166
180	93	166
180	94	161
180	95	136
180	96	145
180	97	149
180	98	137
180	99	92
180	100	106
180	101	99
180	102	80
180	103	77
180	104	63
180	105	60
180	106	68
180	107	51
180	108	45
180	109	39
180	110	43
180	111	41
180	112	34
180	113	41
180	114	29
180	115	33
180	116	30
180	117	28
180	118	16
180	119	11
180	120	20
180	121	17
180	122	9
180	123	7
180	124	6
180	125	4
180	126	9
180	127	8
180	128	1
180	129	6
180	130	6
180	131	3
180	132	4
180	133	3
180	134	2
180	135	2
180	136	1
180	137	3
180	138	2
180	139	0
180	140	2
180	141	1
180	142	0
180	143	1
180	144	1
180	145	2
180	146	0
180	147	0
180	148	0
180	149	0
180	150	0
180	151	0
180	152	0
180	153	0
180	154	0
180	155	0
180	156	0
180	157	0
180	158	0
180	159	0
180	160	0
180	161	0
180	162	0
180	163	0
180	164	0
180	165	0
180	166	0
180	167	0
180	168	0
180	169	0
180	170	0
180	171	0
180	172	0
180	173	0
180	174	0
180	175	0
180	176	0
180	177	0
180	178	0
180	179	0
180	180	0
181	0	0
181	1	0
181	2	0
181	3	0
181	4	0
181	5	0
181	6	0
181	7	0
181	8	0
181	9	0
181	10	0
181	11	0
181	12	0
181	13	0
181	14	0
181	15	0
181	16	0
181	17	0
181	18	0
181	19	0
181	20	0
181	21	0
181	22	0
181	23	0
181	24	0
181	25	0
181	26	0
181	27	0
181	28	0
181	29	0
181	30	0
181	31	0
181	32	0
181	33	0
181	34	1
181	35	0
181	36	0
181	37	0
181	38	2
181	39	2
181	40	7
181	41	3
181	42	6
181	43	12
181	44	6
181	45	15
181	46	26
181	47	18
181	48	40
181	49	28
181	50	39
181	51	54
181	52	53
181	53	55
181	54	64
181	55	67
181	56	79
181	57	109
181	58	100
181	59	104
181	60	124
181	61	121
181	62	143
181	63	133
181	64	164
181	65	146
181	66	181
181	67	188
181	68	187
181	69	176
181	70	181
181	71	176
181	72	171
181	73	166
181	74	197
181	75	177
181	76	201
181	77	186
181	78	171
181	79	158
181	80	156
181	81	158
181	82	158
181	83	145
181	84	151
181	85	144
181	86	155
181	87	160
181	88	149
181	89	155
181	90	157
181	91	134
181	92	148
181	93	144
181	94	129
181	95	147
181	96	129
181	97	117
181	98	126
181	99	110
181	100	101
181	101	76
181	102	81
181	103	75
181	104	70
181	105	66
181	106	51
181	107	59
181	108	39
181	109	35
181	110	37
181	111	33
181	112	39
181	113	23
181	114	19
181	115	33
181	116	28
181	117	26
181	118	18
181	119	12
181	120	17
181	121	13
181	122	8
181	123	7
181	124	11
181	125	12
181	126	8
181	127	7
181	128	3
181	129	4
181	130	2
181	131	2
181	132	5
181	133	2
181	134	3
181	135	2
181	136	2
181	137	1
181	138	1
181	139	3
181	140	1
181	141	6
181	142	1
181	143	0
181	144	2
181	145	0
181	146	1
181	147	1
181	148	0
181	149	0
181	150	0
181	151	0
181	152	0
181	153	0
181	154	0
181	155	0
181	156	0
181	157	0
181	158	0
181	159	0
181	160	0
181	161	0
181	162	0
181	163	0
181	164	0
181	165	0
181	166	0
181	167	0
181	168	0
181	169	0
181	170	0
181	171	0
181	172	0
181	173	0
181	174	0
181	175	0
181	176	0
181	177	0
181	178	0
181	179	0
181	180	0
181	181	0
182	0	0
182	1	0
182	2	0
182	3	0
182	4	0
182	5	0
182	6	0
182	7	0
182	8	0
182	9	0
182	10	0
182	11	0
182	12	0
182	13	0
182	14	0
182	15	0
182	16	0
182	17	0
182	18	0
182	19	0
182	20	0
182	21	0
182	22	0
182	23	0
182	24	0
182	25	0
182	26	0
182	27	0
182	28	0
182	29	0
182	30	0
182	31	0
182	32	0
182	33	0
182	34	0
182	35	0
182	36	2
182	37	1
182	38	1
182	39	4
182	40	6
182	41	4
182	42	3
182	43	8
182	44	9
182	45	18
182	46	16
182	47	25
182	48	18
182	49	36
182	50	32
182	51	38
182	52	41
182	53	62
182	54	68
182	55	75
182	56	71
182	57	87
182	58	94
182	59	96
182	60	76
182	61	111
182	62	107
182	63	127
182	64	117
182	65	123
182	66	149
182	67	148
182	68	127
182	69	141
182	70	139
182	71	157
182	72	136
182	73	150
182	74	146
182	75	143
182	76	165
182	77	149
182	78	155
182	79	155
182	80	149
182	81	140
182	82	159
182	83	139
182	84	146
182	85	134
182	86	148
182	87	117
182	88	140
182	89	127
182	90	130
182	91	110
182	92	128
182	93	124
182	94	132
182	95	105
182	96	141
182	97	114
182	98	98
182	99	105
182	100	81
182	101	87
182	102	68
182	103	74
182	104	61
182	105	61
182	106	56
182	107	48
182	108	34
182	109	50
182	110	33
182	111	34
182	112	36
182	113	33
182	114	35
182	115	27
182	116	26
182	117	21
182	118	18
182	119	19
182	120	9
182	121	11
182	122	8
182	123	6
182	124	6
182	125	13
182	126	6
182	127	5
182	128	5
182	129	4
182	130	4
182	131	7
182	132	3
182	133	2
182	134	3
182	135	3
182	136	3
182	137	2
182	138	0
182	139	3
182	140	2
182	141	0
182	142	1
182	143	0
182	144	3
182	145	0
182	146	1
182	147	0
182	148	0
182	149	0
182	150	0
182	151	0
182	152	0
182	153	0
182	154	0
182	155	0
182	156	0
182	157	0
182	158	0
182	159	0
182	160	0
182	161	0
182	162	0
182	163	0
182	164	0
182	165	0
182	166	0
182	167	0
182	168	0
182	169	0
182	170	0
182	171	0
182	172	0
182	173	0
182	174	0
182	175	0
182	176	0
182	177	0
182	178	0
182	179	0
182	180	0
182	181	0
182	182	0
183	0	0
183	1	0
183	2	0
183	3	0
183	4	0
183	5	0
183	6	0
183	7	0
183	8	0
183	9	0
183	10	0
183	11	0
183	12	0
183	13	0
183	14	0
183	15	0
183	16	0
183	17	0
183	18	0
183	19	0
183	20	0
183	21	0
183	22	0
183	23	0
183	24	0
183	25	0
183	26	0
183	27	0
183	28	0
183	29	0
183	30	0
183	31	0
183	32	0
183	33	1
183	34	0
183	35	0
183	36	0
183	37	0
183	38	0
183	39	1
183	40	1
183	41	3
183	42	6
183	43	7
183	44	9
183	45	9
183	46	10
183	47	9
183	48	19
183	49	24
183	50	30
183	51	38
183	52	35
183	53	60
183	54	55
183	55	59
183	56	40
183	57	54
183	58	64
183	59	71
183	60	99
183	61	91
183	62	87
183	63	91
183	64	101
183	65	123
183	66	118
183	67	138
183	68	126
183	69	125
183	70	136
183	71	131
183	72	159
183	73	138
183	74	138
183	75	134
183	76	145
183	77	129
183	78	139
183	79	114
183	80	128
183	81	121
183	82	125
183	83	122
183	84	159
183	85	112
183	86	125
183	87	122
183	88	138
183	89	119
183	90	110
183	91	119
183	92	114
183	93	103
183	94	110
183	95	135
183	96	130
183	97	97
183	98	94
183	99	89
183	100	76
183	101	83
183	102	63
183	103	55
183	104	55
183	105	65
183	106	43
183	107	39
183	108	45
183	109	48
183	110	29
183	111	24
183	112	37
183	113	21
183	114	23
183	115	24
183	116	16
183	117	21
183	118	16
183	119	18
183	120	15
183	121	13
183	122	11
183	123	11
183	124	6
183	125	5
183	126	7
183	127	3
183	128	2
183	129	7
183	130	2
183	131	4
183	132	2
183	133	2
183	134	3
183	135	1
183	136	0
183	137	0
183	138	3
183	139	1
183	140	2
183	141	2
183	142	0
183	143	0
183	144	1
183	145	0
183	146	0
183	147	0
183	148	1
183	149	0
183	150	1
183	151	0
183	152	0
183	153	0
183	154	0
183	155	0
183	156	0
183	157	0
183	158	0
183	159	0
183	160	0
183	161	0
183	162	0
183	163	0
183	164	0
183	165	0
183	166	0
183	167	0
183	168	0
183	169	0
183	170	0
183	171	0
183	172	0
183	173	0
183	174	0
183	175	0
183	176	0
183	177	0
183	178	0
183	179	0
183	180	0
183	181	0
183	182	0
183	183	0
184	0	0
184	1	0
184	2	0
184	3	0
184	4	0
184	5	0
184	6	0
184	7	0
184	8	0
184	9	0
184	10	0
184	11	0
184	12	0
184	13	0
184	14	0
184	15	0
184	16	0
184	17	0
184	18	0
184	19	0
184	20	0
184	21	0
184	22	0
184	23	0
184	24	0
184	25	0
184	26	0
184	27	0
184	28	0
184	29	0
184	30	0
184	31	0
184	32	0
184	33	0
184	34	0
184	35	0
184	36	1
184	37	1
184	38	1
184	39	0
184	40	1
184	41	4
184	42	2
184	43	4
184	44	6
184	45	9
184	46	11
184	47	25
184	48	14
184	49	20
184	50	21
184	51	27
184	52	31
184	53	45
184	54	52
184	55	54
184	56	49
184	57	68
184	58	55
184	59	77
184	60	89
184	61	63
184	62	82
184	63	108
184	64	89
184	65	101
184	66	95
184	67	116
184	68	116
184	69	107
184	70	125
184	71	115
184	72	121
184	73	121
184	74	124
184	75	122
184	76	130
184	77	113
184	78	116
184	79	123
184	80	119
184	81	100
184	82	115
184	83	120
184	84	123
184	85	120
184	86	104
184	87	99
184	88	138
184	89	112
184	90	105
184	91	96
184	92	135
184	93	103
184	94	106
184	95	100
184	96	102
184	97	104
184	98	99
184	99	102
184	100	77
184	101	66
184	102	56
184	103	53
184	104	65
184	105	53
184	106	42
184	107	40
184	108	43
184	109	31
184	110	27
184	111	28
184	112	23
184	113	21
184	114	19
184	115	21
184	116	19
184	117	11
184	118	9
184	119	19
184	120	14
184	121	6
184	122	18
184	123	9
184	124	12
184	125	6
184	126	7
184	127	5
184	128	5
184	129	5
184	130	3
184	131	2
184	132	5
184	133	0
184	134	1
184	135	1
184	136	1
184	137	1
184	138	2
184	139	0
184	140	2
184	141	0
184	142	3
184	143	2
184	144	1
184	145	0
184	146	0
184	147	4
184	148	0
184	149	0
184	150	0
184	151	0
184	152	1
184	153	0
184	154	0
184	155	0
184	156	0
184	157	0
184	158	0
184	159	0
184	160	0
184	161	0
184	162	0
184	163	0
184	164	0
184	165	0
184	166	0
184	167	0
184	168	0
184	169	0
184	170	0
184	171	0
184	172	0
184	173	0
184	174	0
184	175	0
184	176	0
184	177	0
184	178	0
184	179	0
184	180	0
184	181	0
184	182	0
184	183	0
184	184	0
185	0	0
185	1	0
185	2	0
185	3	0
185	4	0
185	5	0
185	6	0
185	7	0
185	8	0
185	9	0
185	10	0
185	11	0
185	12	0
185	13	0
185	14	0
185	15	0
185	16	0
185	17	0
185	18	0
185	19	0
185	20	0
185	21	0
185	22	0
185	23	0
185	24	0
185	25	0
185	26	0
185	27	0
185	28	0
185	29	0
185	30	0
185	31	0
185	32	0
185	33	0
185	34	0
185	35	0
185	36	0
185	37	0
185	38	2
185	39	1
185	40	1
185	41	2
185	42	3
185	43	5
185	44	6
185	45	7
185	46	11
185	47	15
185	48	11
185	49	22
185	50	25
185	51	24
185	52	32
185	53	32
185	54	36
185	55	43
185	56	40
185	57	42
185	58	60
185	59	57
185	60	71
185	61	62
185	62	60
185	63	88
185	64	97
185	65	88
185	66	93
185	67	108
185	68	103
185	69	81
185	70	96
185	71	101
185	72	123
185	73	108
185	74	117
185	75	111
185	76	95
185	77	131
185	78	98
185	79	106
185	80	116
185	81	99
185	82	121
185	83	102
185	84	115
185	85	89
185	86	104
185	87	118
185	88	104
185	89	107
185	90	89
185	91	95
185	92	93
185	93	115
185	94	93
185	95	72
185	96	103
185	97	97
185	98	89
185	99	65
185	100	91
185	101	77
185	102	75
185	103	64
185	104	65
185	105	46
185	106	52
185	107	43
185	108	30
185	109	28
185	110	37
185	111	26
185	112	20
185	113	16
185	114	22
185	115	24
185	116	16
185	117	19
185	118	9
185	119	16
185	120	21
185	121	13
185	122	10
185	123	12
185	124	15
185	125	6
185	126	7
185	127	4
185	128	2
185	129	3
185	130	5
185	131	5
185	132	2
185	133	1
185	134	2
185	135	3
185	136	1
185	137	1
185	138	2
185	139	0
185	140	0
185	141	0
185	142	1
185	143	0
185	144	1
185	145	2
185	146	0
185	147	1
185	148	1
185	149	0
185	150	0
185	151	0
185	152	0
185	153	0
185	154	0
185	155	0
185	156	0
185	157	0
185	158	0
185	159	0
185	160	0
185	161	0
185	162	0
185	163	0
185	164	0
185	165	0
185	166	0
185	167	0
185	168	0
185	169	0
185	170	0
185	171	0
185	172	0
185	173	0
185	174	0
185	175	0
185	176	0
185	177	0
185	178	0
185	179	0
185	180	0
185	181	0
185	182	0
185	183	0
185	184	0
185	185	0
186	0	0
186	1	0
186	2	0
186	3	0
186	4	0
186	5	0
186	6	0
186	7	0
186	8	0
186	9	0
186	10	0
186	11	0
186	12	0
186	13	0
186	14	0
186	15	0
186	16	0
186	17	0
186	18	0
186	19	0
186	20	0
186	21	0
186	22	0
186	23	0
186	24	0
186	25	0
186	26	0
186	27	0
186	28	0
186	29	0
186	30	0
186	31	0
186	32	1
186	33	0
186	34	0
186	35	0
186	36	1
186	37	1
186	38	0
186	39	1
186	40	1
186	41	0
186	42	0
186	43	6
186	44	5
186	45	6
186	46	8
186	47	12
186	48	12
186	49	13
186	50	13
186	51	18
186	52	26
186	53	27
186	54	45
186	55	42
186	56	46
186	57	44
186	58	41
186	59	58
186	60	58
186	61	54
186	62	61
186	63	77
186	64	72
186	65	70
186	66	71
186	67	89
186	68	91
186	69	89
186	70	82
186	71	109
186	72	105
186	73	111
186	74	113
186	75	104
186	76	105
186	77	96
186	78	82
186	79	112
186	80	107
186	81	100
186	82	111
186	83	101
186	84	103
186	85	93
186	86	94
186	87	95
186	88	86
186	89	94
186	90	88
186	91	80
186	92	100
186	93	115
186	94	78
186	95	94
186	96	78
186	97	102
186	98	59
186	99	70
186	100	69
186	101	80
186	102	67
186	103	57
186	104	47
186	105	45
186	106	33
186	107	38
186	108	33
186	109	29
186	110	23
186	111	24
186	112	25
186	113	22
186	114	26
186	115	16
186	116	23
186	117	15
186	118	16
186	119	14
186	120	11
186	121	11
186	122	8
186	123	6
186	124	7
186	125	7
186	126	6
186	127	3
186	128	7
186	129	2
186	130	3
186	131	5
186	132	4
186	133	2
186	134	2
186	135	1
186	136	1
186	137	2
186	138	4
186	139	2
186	140	3
186	141	0
186	142	2
186	143	1
186	144	2
186	145	2
186	146	0
186	147	0
186	148	0
186	149	0
186	150	1
186	151	1
186	152	2
186	153	0
186	154	0
186	155	0
186	156	0
186	157	0
186	158	0
186	159	0
186	160	0
186	161	0
186	162	0
186	163	0
186	164	0
186	165	0
186	166	0
186	167	0
186	168	0
186	169	0
186	170	0
186	171	0
186	172	0
186	173	0
186	174	0
186	175	0
186	176	0
186	177	0
186	178	0
186	179	0
186	180	0
186	181	0
186	182	0
186	183	0
186	184	0
186	185	0
186	186	0
187	0	0
187	1	0
187	2	0
187	3	0
187	4	0
187	5	0
187	6	0
187	7	0
187	8	0
187	9	0
187	10	0
187	11	0
187	12	0
187	13	0
187	14	0
187	15	0
187	16	0
187	17	0
187	18	0
187	19	0
187	20	0
187	21	0
187	22	0
187	23	0
187	24	0
187	25	0
187	26	0
187	27	0
187	28	0
187	29	0
187	30	0
187	31	0
187	32	0
187	33	0
187	34	0
187	35	0
187	36	0
187	37	1
187	38	0
187	39	0
187	40	0
187	41	1
187	42	3
187	43	4
187	44	7
187	45	3
187	46	5
187	47	10
187	48	15
187	49	18
187	50	12
187	51	23
187	52	29
187	53	25
187	54	22
187	55	34
187	56	44
187	57	41
187	58	47
187	59	58
187	60	60
187	61	72
187	62	60
187	63	42
187	64	68
187	65	68
187	66	80
187	67	87
187	68	75
187	69	86
187	70	84
187	71	92
187	72	94
187	73	92
187	74	105
187	75	104
187	76	80
187	77	82
187	78	91
187	79	103
187	80	92
187	81	90
187	82	97
187	83	100
187	84	90
187	85	106
187	86	79
187	87	84
187	88	80
187	89	84
187	90	81
187	91	88
187	92	70
187	93	81
187	94	83
187	95	71
187	96	74
187	97	83
187	98	61
187	99	66
187	100	69
187	101	65
187	102	59
187	103	50
187	104	61
187	105	42
187	106	45
187	107	39
187	108	28
187	109	29
187	110	22
187	111	27
187	112	23
187	113	20
187	114	27
187	115	19
187	116	24
187	117	20
187	118	16
187	119	12
187	120	6
187	121	17
187	122	8
187	123	9
187	124	10
187	125	7
187	126	7
187	127	3
187	128	5
187	129	4
187	130	4
187	131	2
187	132	3
187	133	3
187	134	2
187	135	2
187	136	2
187	137	3
187	138	1
187	139	2
187	140	2
187	141	0
187	142	2
187	143	1
187	144	1
187	145	1
187	146	1
187	147	1
187	148	1
187	149	0
187	150	0
187	151	1
187	152	0
187	153	1
187	154	0
187	155	0
187	156	0
187	157	0
187	158	0
187	159	0
187	160	0
187	161	0
187	162	0
187	163	0
187	164	0
187	165	0
187	166	0
187	167	0
187	168	0
187	169	0
187	170	0
187	171	0
187	172	0
187	173	0
187	174	0
187	175	0
187	176	0
187	177	0
187	178	0
187	179	0
187	180	0
187	181	0
187	182	0
187	183	0
187	184	0
187	185	0
187	186	0
187	187	0
188	0	0
188	1	0
188	2	0
188	3	0
188	4	0
188	5	0
188	6	0
188	7	0
188	8	0
188	9	0
188	10	0
188	11	0
188	12	0
188	13	0
188	14	0
188	15	0
188	16	0
188	17	0
188	18	0
188	19	0
188	20	0
188	21	0
188	22	0
188	23	0
188	24	0
188	25	0
188	26	0
188	27	0
188	28	0
188	29	0
188	30	0
188	31	0
188	32	0
188	33	0
188	34	0
188	35	0
188	36	0
188	37	0
188	38	0
188	39	2
188	40	1
188	41	0
188	42	2
188	43	3
188	44	3
188	45	7
188	46	4
188	47	11
188	48	6
188	49	14
188	50	19
188	51	17
188	52	25
188	53	27
188	54	28
188	55	38
188	56	37
188	57	28
188	58	43
188	59	40
188	60	55
188	61	51
188	62	50
188	63	43
188	64	55
188	65	78
188	66	66
188	67	68
188	68	85
188	69	92
188	70	95
188	71	95
188	72	75
188	73	102
188	74	91
188	75	103
188	76	76
188	77	84
188	78	91
188	79	90
188	80	80
188	81	71
188	82	78
188	83	86
188	84	79
188	85	86
188	86	87
188	87	70
188	88	84
188	89	79
188	90	79
188	91	93
188	92	70
188	93	57
188	94	90
188	95	56
188	96	61
188	97	70
188	98	64
188	99	70
188	100	68
188	101	59
188	102	70
188	103	49
188	104	49
188	105	36
188	106	42
188	107	31
188	108	17
188	109	31
188	110	29
188	111	22
188	112	21
188	113	22
188	114	12
188	115	14
188	116	13
188	117	18
188	118	8
188	119	8
188	120	12
188	121	5
188	122	8
188	123	10
188	124	5
188	125	8
188	126	4
188	127	2
188	128	5
188	129	4
188	130	9
188	131	1
188	132	2
188	133	2
188	134	1
188	135	2
188	136	0
188	137	1
188	138	4
188	139	1
188	140	2
188	141	1
188	142	4
188	143	1
188	144	1
188	145	1
188	146	0
188	147	1
188	148	1
188	149	0
188	150	0
188	151	0
188	152	1
188	153	0
188	154	0
188	155	1
188	156	0
188	157	0
188	158	0
188	159	0
188	160	0
188	161	0
188	162	0
188	163	0
188	164	0
188	165	0
188	166	0
188	167	0
188	168	0
188	169	0
188	170	0
188	171	0
188	172	0
188	173	0
188	174	0
188	175	0
188	176	0
188	177	0
188	178	0
188	179	0
188	180	0
188	181	0
188	182	0
188	183	0
188	184	0
188	185	0
188	186	0
188	187	0
188	188	0
189	0	0
189	1	0
189	2	0
189	3	0
189	4	0
189	5	0
189	6	0
189	7	0
189	8	0
189	9	0
189	10	0
189	11	0
189	12	0
189	13	0
189	14	0
189	15	0
189	16	0
189	17	0
189	18	0
189	19	0
189	20	0
189	21	0
189	22	0
189	23	0
189	24	0
189	25	0
189	26	0
189	27	0
189	28	0
189	29	0
189	30	0
189	31	0
189	32	0
189	33	0
189	34	0
189	35	1
189	36	0
189	37	2
189	38	0
189	39	0
189	40	2
189	41	1
189	42	3
189	43	5
189	44	2
189	45	2
189	46	7
189	47	10
189	48	8
189	49	5
189	50	9
189	51	10
189	52	12
189	53	24
189	54	19
189	55	29
189	56	25
189	57	33
189	58	32
189	59	43
189	60	51
189	61	53
189	62	42
189	63	61
189	64	59
189	65	54
189	66	66
189	67	79
189	68	84
189	69	64
189	70	65
189	71	68
189	72	80
189	73	82
189	74	79
189	75	95
189	76	68
189	77	98
189	78	75
189	79	77
189	80	70
189	81	87
189	82	76
189	83	86
189	84	72
189	85	73
189	86	69
189	87	74
189	88	63
189	89	58
189	90	65
189	91	70
189	92	71
189	93	68
189	94	58
189	95	65
189	96	66
189	97	70
189	98	53
189	99	66
189	100	61
189	101	61
189	102	70
189	103	53
189	104	55
189	105	43
189	106	43
189	107	33
189	108	20
189	109	30
189	110	16
189	111	21
189	112	28
189	113	18
189	114	20
189	115	14
189	116	20
189	117	22
189	118	17
189	119	13
189	120	14
189	121	9
189	122	5
189	123	9
189	124	6
189	125	8
189	126	6
189	127	3
189	128	7
189	129	6
189	130	1
189	131	4
189	132	2
189	133	4
189	134	2
189	135	1
189	136	1
189	137	2
189	138	1
189	139	2
189	140	4
189	141	2
189	142	2
189	143	0
189	144	0
189	145	2
189	146	0
189	147	1
189	148	1
189	149	1
189	150	0
189	151	0
189	152	0
189	153	0
189	154	0
189	155	0
189	156	0
189	157	0
189	158	1
189	159	0
189	160	0
189	161	0
189	162	0
189	163	0
189	164	0
189	165	0
189	166	0
189	167	0
189	168	0
189	169	0
189	170	0
189	171	0
189	172	0
189	173	0
189	174	0
189	175	0
189	176	0
189	177	0
189	178	0
189	179	0
189	180	0
189	181	0
189	182	0
189	183	0
189	184	0
189	185	0
189	186	0
189	187	0
189	188	0
189	189	0
190	0	0
190	1	0
190	2	0
190	3	0
190	4	0
190	5	0
190	6	0
190	7	0
190	8	0
190	9	0
190	10	0
190	11	0
190	12	0
190	13	0
190	14	0
190	15	0
190	16	0
190	17	0
190	18	0
190	19	0
190	20	0
190	21	0
190	22	0
190	23	0
190	24	0
190	25	0
190	26	0
190	27	0
190	28	0
190	29	0
190	30	0
190	31	0
190	32	0
190	33	0
190	34	0
190	35	0
190	36	1
190	37	0
190	38	0
190	39	0
190	40	2
190	41	1
190	42	3
190	43	2
190	44	8
190	45	3
190	46	3
190	47	8
190	48	5
190	49	12
190	50	5
190	51	19
190	52	11
190	53	23
190	54	27
190	55	18
190	56	24
190	57	26
190	58	37
190	59	27
190	60	34
190	61	46
190	62	44
190	63	44
190	64	42
190	65	50
190	66	72
190	67	60
190	68	77
190	69	67
190	70	69
190	71	66
190	72	69
190	73	55
190	74	64
190	75	86
190	76	72
190	77	77
190	78	74
190	79	75
190	80	70
190	81	61
190	82	77
190	83	62
190	84	59
190	85	74
190	86	68
190	87	66
190	88	61
190	89	60
190	90	74
190	91	59
190	92	49
190	93	63
190	94	62
190	95	45
190	96	61
190	97	54
190	98	70
190	99	56
190	100	57
190	101	50
190	102	46
190	103	54
190	104	51
190	105	40
190	106	38
190	107	31
190	108	29
190	109	27
190	110	25
190	111	21
190	112	21
190	113	22
190	114	17
190	115	17
190	116	17
190	117	5
190	118	12
190	119	8
190	120	12
190	121	5
190	122	10
190	123	4
190	124	7
190	125	7
190	126	8
190	127	5
190	128	4
190	129	4
190	130	5
190	131	7
190	132	2
190	133	4
190	134	3
190	135	0
190	136	2
190	137	1
190	138	1
190	139	1
190	140	3
190	141	0
190	142	2
190	143	1
190	144	0
190	145	2
190	146	0
190	147	0
190	148	0
190	149	0
190	150	0
190	151	0
190	152	0
190	153	1
190	154	2
190	155	0
190	156	0
190	157	0
190	158	0
190	159	0
190	160	0
190	161	0
190	162	0
190	163	0
190	164	0
190	165	0
190	166	0
190	167	0
190	168	0
190	169	0
190	170	0
190	171	0
190	172	0
190	173	0
190	174	0
190	175	0
190	176	0
190	177	0
190	178	0
190	179	0
190	180	0
190	181	0
190	182	0
190	183	0
190	184	0
190	185	0
190	186	0
190	187	0
190	188	0
190	189	0
190	190	0
191	0	0
191	1	0
191	2	0
191	3	0
191	4	0
191	5	0
191	6	0
191	7	0
191	8	0
191	9	0
191	10	0
191	11	0
191	12	0
191	13	0
191	14	0
191	15	0
191	16	0
191	17	0
191	18	0
191	19	0
191	20	0
191	21	0
191	22	0
191	23	0
191	24	0
191	25	0
191	26	0
191	27	0
191	28	0
191	29	0
191	30	0
191	31	0
191	32	0
191	33	0
191	34	0
191	35	0
191	36	0
191	37	0
191	38	0
191	39	0
191	40	0
191	41	3
191	42	2
191	43	1
191	44	2
191	45	1
191	46	3
191	47	7
191	48	7
191	49	10
191	50	10
191	51	10
191	52	15
191	53	21
191	54	16
191	55	11
191	56	29
191	57	20
191	58	37
191	59	26
191	60	31
191	61	26
191	62	36
191	63	35
191	64	42
191	65	51
191	66	54
191	67	37
191	68	51
191	69	47
191	70	48
191	71	60
191	72	59
191	73	60
191	74	50
191	75	64
191	76	52
191	77	77
191	78	66
191	79	53
191	80	57
191	81	45
191	82	54
191	83	54
191	84	62
191	85	65
191	86	64
191	87	52
191	88	66
191	89	60
191	90	53
191	91	48
191	92	59
191	93	41
191	94	56
191	95	39
191	96	64
191	97	51
191	98	47
191	99	38
191	100	52
191	101	43
191	102	42
191	103	37
191	104	27
191	105	35
191	106	34
191	107	29
191	108	22
191	109	23
191	110	24
191	111	24
191	112	19
191	113	8
191	114	11
191	115	13
191	116	17
191	117	13
191	118	10
191	119	13
191	120	8
191	121	2
191	122	10
191	123	7
191	124	4
191	125	6
191	126	4
191	127	8
191	128	1
191	129	4
191	130	10
191	131	2
191	132	3
191	133	0
191	134	1
191	135	0
191	136	3
191	137	1
191	138	2
191	139	2
191	140	1
191	141	1
191	142	1
191	143	0
191	144	1
191	145	0
191	146	0
191	147	2
191	148	0
191	149	0
191	150	0
191	151	1
191	152	1
191	153	0
191	154	2
191	155	2
191	156	1
191	157	0
191	158	1
191	159	0
191	160	0
191	161	0
191	162	0
191	163	0
191	164	0
191	165	0
191	166	0
191	167	0
191	168	0
191	169	0
191	170	0
191	171	0
191	172	0
191	173	0
191	174	0
191	175	0
191	176	0
191	177	0
191	178	0
191	179	0
191	180	0
191	181	0
191	182	0
191	183	0
191	184	0
191	185	0
191	186	0
191	187	0
191	188	0
191	189	0
191	190	0
191	191	0
192	0	0
192	1	0
192	2	0
192	3	0
192	4	0
192	5	0
192	6	0
192	7	0
192	8	0
192	9	0
192	10	0
192	11	0
192	12	0
192	13	0
192	14	0
192	15	0
192	16	0
192	17	0
192	18	0
192	19	0
192	20	0
192	21	0
192	22	0
192	23	0
192	24	0
192	25	0
192	26	0
192	27	0
192	28	0
192	29	0
192	30	0
192	31	0
192	32	0
192	33	0
192	34	0
192	35	0
192	36	0
192	37	0
192	38	0
192	39	1
192	40	3
192	41	0
192	42	2
192	43	3
192	44	1
192	45	3
192	46	3
192	47	3
192	48	3
192	49	5
192	50	8
192	51	10
192	52	14
192	53	6
192	54	20
192	55	15
192	56	19
192	57	20
192	58	20
192	59	19
192	60	33
192	61	34
192	62	37
192	63	44
192	64	32
192	65	41
192	66	35
192	67	48
192	68	29
192	69	45
192	70	42
192	71	46
192	72	53
192	73	66
192	74	57
192	75	53
192	76	60
192	77	49
192	78	54
192	79	55
192	80	54
192	81	47
192	82	40
192	83	51
192	84	52
192	85	56
192	86	59
192	87	48
192	88	45
192	89	51
192	90	39
192	91	51
192	92	36
192	93	43
192	94	44
192	95	56
192	96	39
192	97	52
192	98	40
192	99	49
192	100	51
192	101	37
192	102	46
192	103	52
192	104	47
192	105	43
192	106	34
192	107	24
192	108	15
192	109	19
192	110	21
192	111	20
192	112	20
192	113	17
192	114	15
192	115	14
192	116	14
192	117	9
192	118	10
192	119	9
192	120	5
192	121	13
192	122	7
192	123	7
192	124	5
192	125	3
192	126	8
192	127	6
192	128	6
192	129	3
192	130	1
192	131	0
192	132	2
192	133	2
192	134	2
192	135	2
192	136	3
192	137	0
192	138	2
192	139	0
192	140	0
192	141	1
192	142	0
192	143	0
192	144	1
192	145	0
192	146	0
192	147	0
192	148	1
192	149	1
192	150	1
192	151	0
192	152	1
192	153	0
192	154	0
192	155	1
192	156	1
192	157	0
192	158	0
192	159	1
192	160	0
192	161	0
192	162	0
192	163	0
192	164	0
192	165	0
192	166	0
192	167	0
192	168	0
192	169	0
192	170	0
192	171	0
192	172	0
192	173	0
192	174	0
192	175	0
192	176	0
192	177	0
192	178	0
192	179	0
192	180	0
192	181	0
192	182	0
192	183	0
192	184	0
192	185	0
192	186	0
192	187	0
192	188	0
192	189	0
192	190	0
192	191	0
192	192	0
193	0	0
193	1	0
193	2	0
193	3	0
193	4	0
193	5	0
193	6	0
193	7	0
193	8	0
193	9	0
193	10	0
193	11	0
193	12	0
193	13	0
193	14	0
193	15	0
193	16	0
193	17	0
193	18	0
193	19	0
193	20	0
193	21	0
193	22	0
193	23	0
193	24	0
193	25	0
193	26	0
193	27	0
193	28	0
193	29	0
193	30	0
193	31	0
193	32	0
193	33	0
193	34	0
193	35	0
193	36	0
193	37	0
193	38	0
193	39	1
193	40	0
193	41	1
193	42	2
193	43	0
193	44	0
193	45	1
193	46	2
193	47	4
193	48	5
193	49	3
193	50	8
193	51	6
193	52	14
193	53	7
193	54	13
193	55	15
193	56	14
193	57	13
193	58	22
193	59	21
193	60	27
193	61	24
193	62	33
193	63	31
193	64	36
193	65	35
193	66	33
193	67	39
193	68	33
193	69	39
193	70	38
193	71	45
193	72	48
193	73	50
193	74	53
193	75	38
193	76	56
193	77	51
193	78	51
193	79	54
193	80	43
193	81	42
193	82	49
193	83	48
193	84	57
193	85	46
193	86	56
193	87	49
193	88	48
193	89	49
193	90	48
193	91	51
193	92	42
193	93	41
193	94	52
193	95	34
193	96	41
193	97	39
193	98	32
193	99	39
193	100	26
193	101	35
193	102	32
193	103	28
193	104	34
193	105	23
193	106	20
193	107	27
193	108	19
193	109	19
193	110	27
193	111	22
193	112	22
193	113	7
193	114	17
193	115	17
193	116	12
193	117	12
193	118	9
193	119	10
193	120	9
193	121	8
193	122	8
193	123	6
193	124	7
193	125	13
193	126	3
193	127	3
193	128	3
193	129	2
193	130	3
193	131	4
193	132	4
193	133	3
193	134	0
193	135	2
193	136	2
193	137	0
193	138	3
193	139	1
193	140	1
193	141	1
193	142	0
193	143	0
193	144	0
193	145	0
193	146	1
193	147	2
193	148	3
193	149	0
193	150	0
193	151	0
193	152	0
193	153	0
193	154	1
193	155	2
193	156	1
193	157	0
193	158	0
193	159	0
193	160	0
193	161	0
193	162	0
193	163	0
193	164	0
193	165	0
193	166	0
193	167	0
193	168	0
193	169	0
193	170	0
193	171	0
193	172	0
193	173	0
193	174	0
193	175	0
193	176	0
193	177	0
193	178	0
193	179	0
193	180	0
193	181	0
193	182	0
193	183	0
193	184	0
193	185	0
193	186	0
193	187	0
193	188	0
193	189	0
193	190	0
193	191	0
193	192	0
193	193	0
194	0	0
194	1	0
194	2	0
194	3	0
194	4	0
194	5	0
194	6	0
194	7	0
194	8	0
194	9	0
194	10	0
194	11	0
194	12	0
194	13	0
194	14	0
194	15	0
194	16	0
194	17	0
194	18	0
194	19	0
194	20	0
194	21	0
194	22	0
194	23	0
194	24	0
194	25	0
194	26	0
194	27	0
194	28	0
194	29	0
194	30	0
194	31	0
194	32	0
194	33	0
194	34	0
194	35	0
194	36	0
194	37	0
194	38	0
194	39	0
194	40	2
194	41	0
194	42	0
194	43	0
194	44	2
194	45	1
194	46	5
194	47	10
194	48	2
194	49	4
194	50	8
194	51	8
194	52	18
194	53	10
194	54	9
194	55	12
194	56	14
194	57	19
194	58	13
194	59	11
194	60	25
194	61	18
194	62	22
194	63	39
194	64	31
194	65	43
194	66	26
194	67	37
194	68	27
194	69	35
194	70	47
194	71	39
194	72	44
194	73	43
194	74	41
194	75	39
194	76	36
194	77	41
194	78	44
194	79	39
194	80	38
194	81	42
194	82	45
194	83	40
194	84	38
194	85	56
194	86	42
194	87	56
194	88	41
194	89	31
194	90	40
194	91	37
194	92	45
194	93	47
194	94	41
194	95	30
194	96	33
194	97	45
194	98	40
194	99	42
194	100	26
194	101	31
194	102	33
194	103	31
194	104	33
194	105	22
194	106	28
194	107	33
194	108	34
194	109	19
194	110	15
194	111	11
194	112	19
194	113	18
194	114	16
194	115	10
194	116	7
194	117	13
194	118	13
194	119	10
194	120	7
194	121	8
194	122	7
194	123	7
194	124	7
194	125	6
194	126	7
194	127	4
194	128	4
194	129	4
194	130	5
194	131	2
194	132	2
194	133	4
194	134	1
194	135	1
194	136	1
194	137	1
194	138	2
194	139	2
194	140	0
194	141	1
194	142	0
194	143	2
194	144	1
194	145	1
194	146	0
194	147	0
194	148	0
194	149	1
194	150	1
194	151	1
194	152	2
194	153	0
194	154	1
194	155	1
194	156	0
194	157	0
194	158	0
194	159	0
194	160	0
194	161	0
194	162	0
194	163	0
194	164	0
194	165	0
194	166	0
194	167	0
194	168	0
194	169	0
194	170	0
194	171	0
194	172	0
194	173	0
194	174	0
194	175	0
194	176	0
194	177	0
194	178	0
194	179	0
194	180	0
194	181	0
194	182	0
194	183	0
194	184	0
194	185	0
194	186	0
194	187	0
194	188	0
194	189	0
194	190	0
194	191	0
194	192	0
194	193	0
194	194	0
195	0	0
195	1	0
195	2	0
195	3	0
195	4	0
195	5	0
195	6	0
195	7	0
195	8	0
195	9	0
195	10	0
195	11	0
195	12	0
195	13	0
195	14	0
195	15	0
195	16	0
195	17	0
195	18	0
195	19	0
195	20	0
195	21	0
195	22	0
195	23	0
195	24	0
195	25	0
195	26	0
195	27	0
195	28	0
195	29	0
195	30	0
195	31	0
195	32	0
195	33	0
195	34	0
195	35	0
195	36	0
195	37	0
195	38	0
195	39	0
195	40	0
195	41	0
195	42	1
195	43	2
195	44	0
195	45	2
195	46	1
195	47	2
195	48	1
195	49	4
195	50	5
195	51	8
195	52	4
195	53	5
195	54	6
195	55	15
195	56	11
195	57	12
195	58	20
195	59	10
195	60	21
195	61	28
195	62	23
195	63	27
195	64	23
195	65	28
195	66	29
195	67	31
195	68	38
195	69	37
195	70	37
195	71	32
195	72	32
195	73	40
195	74	41
195	75	50
195	76	46
195	77	41
195	78	39
195	79	39
195	80	40
195	81	32
195	82	36
195	83	41
195	84	41
195	85	38
195	86	30
195	87	30
195	88	38
195	89	35
195	90	28
195	91	39
195	92	37
195	93	44
195	94	22
195	95	33
195	96	31
195	97	30
195	98	44
195	99	30
195	100	31
195	101	26
195	102	31
195	103	23
195	104	26
195	105	29
195	106	30
195	107	33
195	108	30
195	109	26
195	110	22
195	111	15
195	112	12
195	113	17
195	114	16
195	115	13
195	116	6
195	117	3
195	118	4
195	119	9
195	120	5
195	121	6
195	122	5
195	123	4
195	124	9
195	125	6
195	126	4
195	127	4
195	128	4
195	129	6
195	130	4
195	131	3
195	132	0
195	133	2
195	134	2
195	135	1
195	136	0
195	137	1
195	138	3
195	139	2
195	140	2
195	141	0
195	142	0
195	143	0
195	144	0
195	145	0
195	146	1
195	147	1
195	148	0
195	149	0
195	150	0
195	151	0
195	152	0
195	153	0
195	154	0
195	155	1
195	156	1
195	157	0
195	158	0
195	159	0
195	160	0
195	161	0
195	162	0
195	163	0
195	164	0
195	165	0
195	166	0
195	167	0
195	168	0
195	169	0
195	170	0
195	171	0
195	172	0
195	173	0
195	174	0
195	175	0
195	176	0
195	177	0
195	178	0
195	179	0
195	180	0
195	181	0
195	182	0
195	183	0
195	184	0
195	185	0
195	186	0
195	187	0
195	188	0
195	189	0
195	190	0
195	191	0
195	192	0
195	193	0
195	194	0
195	195	0
196	0	0
196	1	0
196	2	0
196	3	0
196	4	0
196	5	0
196	6	0
196	7	0
196	8	0
196	9	0
196	10	0
196	11	0
196	12	0
196	13	0
196	14	0
196	15	0
196	16	0
196	17	0
196	18	0
196	19	0
196	20	0
196	21	0
196	22	0
196	23	0
196	24	0
196	25	0
196	26	0
196	27	0
196	28	0
196	29	0
196	30	0
196	31	0
196	32	0
196	33	0
196	34	0
196	35	0
196	36	0
196	37	0
196	38	0
196	39	0
196	40	2
196	41	0
196	42	0
196	43	1
196	44	3
196	45	2
196	46	1
196	47	2
196	48	2
196	49	3
196	50	5
196	51	4
196	52	8
196	53	6
196	54	8
196	55	17
196	56	9
196	57	14
196	58	13
196	59	22
196	60	12
196	61	25
196	62	25
196	63	30
196	64	28
196	65	29
196	66	28
196	67	37
196	68	34
196	69	37
196	70	27
196	71	44
196	72	28
196	73	38
196	74	38
196	75	29
196	76	36
196	77	36
196	78	34
196	79	38
196	80	46
196	81	28
196	82	37
196	83	39
196	84	28
196	85	36
196	86	26
196	87	39
196	88	34
196	89	36
196	90	29
196	91	26
196	92	32
196	93	40
196	94	25
196	95	34
196	96	33
196	97	33
196	98	39
196	99	38
196	100	42
196	101	41
196	102	28
196	103	20
196	104	25
196	105	32
196	106	30
196	107	18
196	108	26
196	109	21
196	110	15
196	111	18
196	112	24
196	113	10
196	114	8
196	115	11
196	116	14
196	117	8
196	118	14
196	119	6
196	120	3
196	121	5
196	122	8
196	123	8
196	124	10
196	125	7
196	126	7
196	127	6
196	128	5
196	129	4
196	130	3
196	131	4
196	132	1
196	133	0
196	134	1
196	135	2
196	136	1
196	137	2
196	138	1
196	139	0
196	140	3
196	141	0
196	142	1
196	143	0
196	144	1
196	145	2
196	146	0
196	147	1
196	148	1
196	149	1
196	150	1
196	151	0
196	152	0
196	153	1
196	154	0
196	155	0
196	156	0
196	157	0
196	158	0
196	159	0
196	160	0
196	161	0
196	162	0
196	163	0
196	164	0
196	165	0
196	166	0
196	167	0
196	168	0
196	169	0
196	170	0
196	171	0
196	172	0
196	173	0
196	174	0
196	175	0
196	176	0
196	177	0
196	178	0
196	179	0
196	180	0
196	181	0
196	182	0
196	183	0
196	184	0
196	185	0
196	186	0
196	187	0
196	188	0
196	189	0
196	190	0
196	191	0
196	192	0
196	193	0
196	194	0
196	195	0
196	196	0
197	0	0
197	1	0
197	2	0
197	3	0
197	4	0
197	5	0
197	6	0
197	7	0
197	8	0
197	9	0
197	10	0
197	11	0
197	12	0
197	13	0
197	14	0
197	15	0
197	16	0
197	17	0
197	18	0
197	19	0
197	20	0
197	21	0
197	22	0
197	23	0
197	24	0
197	25	0
197	26	0
197	27	0
197	28	0
197	29	0
197	30	0
197	31	0
197	32	0
197	33	0
197	34	0
197	35	0
197	36	0
197	37	0
197	38	0
197	39	0
197	40	0
197	41	1
197	42	0
197	43	0
197	44	1
197	45	1
197	46	4
197	47	2
197	48	1
197	49	2
197	50	10
197	51	3
197	52	3
197	53	5
197	54	9
197	55	6
197	56	10
197	57	9
197	58	11
197	59	5
197	60	7
197	61	21
197	62	14
197	63	16
197	64	17
197	65	16
197	66	23
197	67	32
197	68	42
197	69	40
197	70	36
197	71	32
197	72	32
197	73	35
197	74	40
197	75	40
197	76	40
197	77	44
197	78	41
197	79	58
197	80	25
197	81	40
197	82	33
197	83	28
197	84	28
197	85	31
197	86	47
197	87	43
197	88	34
197	89	26
197	90	33
197	91	38
197	92	26
197	93	28
197	94	27
197	95	32
197	96	28
197	97	23
197	98	30
197	99	26
197	100	34
197	101	32
197	102	22
197	103	25
197	104	31
197	105	35
197	106	22
197	107	31
197	108	23
197	109	18
197	110	14
197	111	13
197	112	15
197	113	12
197	114	10
197	115	11
197	116	6
197	117	15
197	118	5
197	119	12
197	120	10
197	121	11
197	122	5
197	123	5
197	124	3
197	125	3
197	126	4
197	127	5
197	128	3
197	129	5
197	130	6
197	131	2
197	132	3
197	133	0
197	134	2
197	135	0
197	136	2
197	137	2
197	138	2
197	139	2
197	140	1
197	141	0
197	142	1
197	143	2
197	144	6
197	145	2
197	146	1
197	147	1
197	148	2
197	149	0
197	150	0
197	151	1
197	152	0
197	153	1
197	154	0
197	155	1
197	156	1
197	157	0
197	158	0
197	159	0
197	160	0
197	161	0
197	162	0
197	163	0
197	164	0
197	165	0
197	166	0
197	167	0
197	168	1
197	169	0
197	170	0
197	171	0
197	172	0
197	173	0
197	174	0
197	175	0
197	176	0
197	177	0
197	178	0
197	179	0
197	180	0
197	181	0
197	182	0
197	183	0
197	184	0
197	185	0
197	186	0
197	187	0
197	188	0
197	189	0
197	190	0
197	191	0
197	192	0
197	193	0
197	194	0
197	195	0
197	196	0
197	197	0
198	0	0
198	1	0
198	2	0
198	3	0
198	4	0
198	5	0
198	6	0
198	7	0
198	8	0
198	9	0
198	10	0
198	11	0
198	12	0
198	13	0
198	14	0
198	15	0
198	16	0
198	17	0
198	18	0
198	19	0
198	20	0
198	21	0
198	22	0
198	23	0
198	24	0
198	25	0
198	26	0
198	27	0
198	28	0
198	29	0
198	30	0
198	31	0
198	32	0
198	33	0
198	34	0
198	35	0
198	36	0
198	37	0
198	38	0
198	39	0
198	40	1
198	41	0
198	42	0
198	43	0
198	44	1
198	45	3
198	46	0
198	47	2
198	48	0
198	49	4
198	50	3
198	51	4
198	52	4
198	53	2
198	54	11
198	55	8
198	56	10
198	57	8
198	58	12
198	59	18
198	60	16
198	61	16
198	62	14
198	63	26
198	64	21
198	65	17
198	66	22
198	67	20
198	68	17
198	69	19
198	70	26
198	71	31
198	72	33
198	73	22
198	74	32
198	75	32
198	76	28
198	77	39
198	78	32
198	79	32
198	80	34
198	81	29
198	82	45
198	83	37
198	84	35
198	85	22
198	86	34
198	87	38
198	88	36
198	89	24
198	90	31
198	91	26
198	92	38
198	93	31
198	94	34
198	95	20
198	96	25
198	97	25
198	98	17
198	99	26
198	100	33
198	101	25
198	102	19
198	103	32
198	104	22
198	105	22
198	106	25
198	107	27
198	108	22
198	109	17
198	110	17
198	111	20
198	112	22
198	113	12
198	114	8
198	115	7
198	116	6
198	117	7
198	118	7
198	119	11
198	120	7
198	121	3
198	122	6
198	123	10
198	124	5
198	125	6
198	126	10
198	127	5
198	128	1
198	129	3
198	130	1
198	131	1
198	132	2
198	133	4
198	134	1
198	135	0
198	136	0
198	137	2
198	138	0
198	139	5
198	140	0
198	141	1
198	142	2
198	143	0
198	144	0
198	145	1
198	146	0
198	147	0
198	148	1
198	149	0
198	150	1
198	151	0
198	152	0
198	153	0
198	154	0
198	155	0
198	156	0
198	157	0
198	158	0
198	159	0
198	160	0
198	161	0
198	162	0
198	163	0
198	164	0
198	165	0
198	166	0
198	167	0
198	168	0
198	169	0
198	170	0
198	171	0
198	172	0
198	173	0
198	174	0
198	175	0
198	176	0
198	177	0
198	178	0
198	179	0
198	180	0
198	181	0
198	182	0
198	183	0
198	184	0
198	185	0
198	186	0
198	187	0
198	188	0
198	189	0
198	190	0
198	191	0
198	192	0
198	193	0
198	194	0
198	195	0
198	196	0
198	197	0
198	198	0
199	0	0
199	1	0
199	2	0
199	3	0
199	4	0
199	5	0
199	6	0
199	7	0
199	8	0
199	9	0
199	10	0
199	11	0
199	12	0
199	13	0
199	14	0
199	15	0
199	16	0
199	17	0
199	18	0
199	19	0
199	20	0
199	21	0
199	22	0
199	23	0
199	24	0
199	25	0
199	26	0
199	27	0
199	28	0
199	29	0
199	30	0
199	31	0
199	32	0
199	33	0
199	34	0
199	35	0
199	36	0
199	37	0
199	38	0
199	39	0
199	40	0
199	41	0
199	42	0
199	43	0
199	44	2
199	45	1
199	46	0
199	47	0
199	48	2
199	49	3
199	50	5
199	51	2
199	52	2
199	53	1
199	54	6
199	55	2
199	56	6
199	57	10
199	58	14
199	59	14
199	60	15
199	61	19
199	62	21
199	63	18
199	64	21
199	65	22
199	66	21
199	67	16
199	68	24
199	69	22
199	70	34
199	71	23
199	72	23
199	73	28
199	74	24
199	75	27
199	76	29
199	77	20
199	78	32
199	79	32
199	80	38
199	81	24
199	82	29
199	83	34
199	84	26
199	85	42
199	86	31
199	87	32
199	88	20
199	89	24
199	90	26
199	91	29
199	92	28
199	93	21
199	94	34
199	95	21
199	96	23
199	97	30
199	98	23
199	99	29
199	100	23
199	101	26
199	102	35
199	103	16
199	104	27
199	105	29
199	106	26
199	107	17
199	108	23
199	109	19
199	110	14
199	111	20
199	112	12
199	113	9
199	114	14
199	115	13
199	116	10
199	117	7
199	118	11
199	119	9
199	120	7
199	121	4
199	122	5
199	123	7
199	124	1
199	125	1
199	126	6
199	127	4
199	128	4
199	129	3
199	130	4
199	131	1
199	132	2
199	133	3
199	134	2
199	135	2
199	136	3
199	137	1
199	138	2
199	139	0
199	140	1
199	141	0
199	142	0
199	143	0
199	144	0
199	145	0
199	146	0
199	147	1
199	148	1
199	149	1
199	150	3
199	151	0
199	152	1
199	153	0
199	154	2
199	155	0
199	156	0
199	157	0
199	158	0
199	159	0
199	160	0
199	161	0
199	162	0
199	163	0
199	164	0
199	165	0
199	166	0
199	167	0
199	168	0
199	169	0
199	170	0
199	171	0
199	172	0
199	173	0
199	174	0
199	175	0
199	176	0
199	177	0
199	178	0
199	179	0
199	180	0
199	181	0
199	182	0
199	183	0
199	184	0
199	185	0
199	186	0
199	187	0
199	188	0
199	189	0
199	190	0
199	191	0
199	192	0
199	193	0
199	194	0
199	195	0
199	196	0
199	197	0
199	198	0
199	199	0
200	0	0
200	1	0
200	2	0
200	3	0
200	4	0
200	5	0
200	6	0
200	7	0
200	8	0
200	9	0
200	10	0
200	11	0
200	12	0
200	13	0
200	14	0
200	15	0
200	16	0
200	17	0
200	18	0
200	19	0
200	20	0
200	21	0
200	22	0
200	23	0
200	24	0
200	25	0
200	26	0
200	27	0
200	28	0
200	29	0
200	30	0
200	31	0
200	32	0
200	33	0
200	34	0
200	35	0
200	36	0
200	37	0
200	38	0
200	39	0
200	40	0
200	41	0
200	42	1
200	43	0
200	44	1
200	45	2
200	46	1
200	47	2
200	48	1
200	49	1
200	50	1
200	51	0
200	52	0
200	53	9
200	54	6
200	55	7
200	56	6
200	57	6
200	58	8
200	59	11
200	60	22
200	61	18
200	62	19
200	63	17
200	64	17
200	65	20
200	66	19
200	67	32
200	68	27
200	69	17
200	70	19
200	71	27
200	72	23
200	73	36
200	74	18
200	75	28
200	76	27
200	77	26
200	78	31
200	79	36
200	80	33
200	81	29
200	82	29
200	83	37
200	84	29
200	85	25
200	86	27
200	87	45
200	88	23
200	89	29
200	90	31
200	91	19
200	92	16
200	93	23
200	94	29
200	95	23
200	96	25
200	97	30
200	98	23
200	99	26
200	100	27
200	101	24
200	102	16
200	103	29
200	104	19
200	105	17
200	106	19
200	107	17
200	108	26
200	109	14
200	110	9
200	111	17
200	112	13
200	113	9
200	114	12
200	115	9
200	116	3
200	117	6
200	118	11
200	119	9
200	120	8
200	121	5
200	122	9
200	123	7
200	124	7
200	125	5
200	126	3
200	127	4
200	128	3
200	129	4
200	130	4
200	131	4
200	132	0
200	133	0
200	134	2
200	135	2
200	136	1
200	137	2
200	138	2
200	139	0
200	140	1
200	141	1
200	142	2
200	143	3
200	144	0
200	145	0
200	146	1
200	147	0
200	148	0
200	149	0
200	150	0
200	151	0
200	152	0
200	153	0
200	154	1
200	155	0
200	156	0
200	157	0
200	158	0
200	159	0
200	160	1
200	161	2
200	162	0
200	163	0
200	164	0
200	165	0
200	166	0
200	167	0
200	168	0
200	169	0
200	170	0
200	171	0
200	172	0
200	173	0
200	174	0
200	175	0
200	176	0
200	177	0
200	178	0
200	179	0
200	180	0
200	181	0
200	182	0
200	183	0
200	184	0
200	185	0
200	186	0
200	187	0
200	188	0
200	189	0
200	190	0
200	191	0
200	192	0
200	193	0
200	194	0
200	195	0
200	196	0
200	197	0
200	198	0
200	199	0
200	200	0
201	0	0
201	1	0
201	2	0
201	3	0
201	4	0
201	5	0
201	6	0
201	7	0
201	8	0
201	9	0
201	10	0
201	11	0
201	12	0
201	13	0
201	14	0
201	15	0
201	16	0
201	17	0
201	18	0
201	19	0
201	20	0
201	21	0
201	22	0
201	23	0
201	24	0
201	25	0
201	26	0
201	27	0
201	28	0
201	29	0
201	30	0
201	31	0
201	32	0
201	33	0
201	34	0
201	35	0
201	36	0
201	37	0
201	38	0
201	39	0
201	40	0
201	41	1
201	42	0
201	43	0
201	44	0
201	45	1
201	46	0
201	47	0
201	48	2
201	49	1
201	50	1
201	51	2
201	52	3
201	53	5
201	54	6
201	55	7
201	56	9
201	57	4
201	58	7
201	59	5
201	60	6
201	61	13
201	62	18
201	63	12
201	64	18
201	65	22
201	66	14
201	67	17
201	68	25
201	69	13
201	70	27
201	71	23
201	72	30
201	73	24
201	74	26
201	75	34
201	76	27
201	77	28
201	78	23
201	79	23
201	80	27
201	81	18
201	82	26
201	83	23
201	84	26
201	85	33
201	86	13
201	87	16
201	88	36
201	89	25
201	90	22
201	91	26
201	92	25
201	93	15
201	94	20
201	95	19
201	96	29
201	97	14
201	98	22
201	99	17
201	100	22
201	101	25
201	102	26
201	103	21
201	104	16
201	105	18
201	106	20
201	107	16
201	108	13
201	109	15
201	110	13
201	111	6
201	112	14
201	113	18
201	114	14
201	115	12
201	116	9
201	117	6
201	118	12
201	119	9
201	120	4
201	121	7
201	122	6
201	123	7
201	124	6
201	125	4
201	126	2
201	127	8
201	128	2
201	129	3
201	130	2
201	131	1
201	132	5
201	133	5
201	134	1
201	135	0
201	136	1
201	137	0
201	138	0
201	139	0
201	140	1
201	141	1
201	142	0
201	143	1
201	144	0
201	145	1
201	146	0
201	147	0
201	148	0
201	149	0
201	150	1
201	151	1
201	152	1
201	153	0
201	154	0
201	155	0
201	156	0
201	157	1
201	158	1
201	159	0
201	160	0
201	161	0
201	162	0
201	163	0
201	164	0
201	165	0
201	166	0
201	167	0
201	168	0
201	169	0
201	170	0
201	171	0
201	172	0
201	173	0
201	174	0
201	175	0
201	176	0
201	177	0
201	178	0
201	179	0
201	180	0
201	181	0
201	182	0
201	183	0
201	184	0
201	185	0
201	186	0
201	187	0
201	188	0
201	189	0
201	190	0
201	191	0
201	192	0
201	193	0
201	194	0
201	195	0
201	196	0
201	197	0
201	198	0
201	199	0
201	200	0
201	201	0
202	0	0
202	1	0
202	2	0
202	3	0
202	4	0
202	5	0
202	6	0
202	7	0
202	8	0
202	9	0
202	10	0
202	11	0
202	12	0
202	13	0
202	14	0
202	15	0
202	16	0
202	17	0
202	18	0
202	19	0
202	20	0
202	21	0
202	22	0
202	23	0
202	24	0
202	25	0
202	26	0
202	27	0
202	28	0
202	29	0
202	30	0
202	31	0
202	32	0
202	33	0
202	34	0
202	35	0
202	36	0
202	37	0
202	38	0
202	39	0
202	40	0
202	41	2
202	42	0
202	43	0
202	44	0
202	45	0
202	46	1
202	47	0
202	48	1
202	49	3
202	50	2
202	51	2
202	52	2
202	53	1
202	54	5
202	55	3
202	56	8
202	57	7
202	58	11
202	59	10
202	60	12
202	61	14
202	62	15
202	63	11
202	64	13
202	65	8
202	66	13
202	67	16
202	68	15
202	69	15
202	70	16
202	71	13
202	72	23
202	73	26
202	74	22
202	75	21
202	76	27
202	77	26
202	78	25
202	79	19
202	80	28
202	81	32
202	82	28
202	83	26
202	84	29
202	85	33
202	86	21
202	87	26
202	88	24
202	89	23
202	90	26
202	91	12
202	92	30
202	93	30
202	94	19
202	95	24
202	96	27
202	97	23
202	98	21
202	99	10
202	100	24
202	101	17
202	102	12
202	103	19
202	104	24
202	105	19
202	106	20
202	107	26
202	108	16
202	109	13
202	110	14
202	111	8
202	112	11
202	113	16
202	114	18
202	115	12
202	116	10
202	117	6
202	118	6
202	119	8
202	120	10
202	121	6
202	122	7
202	123	7
202	124	5
202	125	3
202	126	5
202	127	3
202	128	5
202	129	5
202	130	3
202	131	2
202	132	6
202	133	3
202	134	1
202	135	2
202	136	3
202	137	1
202	138	1
202	139	2
202	140	2
202	141	1
202	142	0
202	143	1
202	144	0
202	145	0
202	146	1
202	147	0
202	148	1
202	149	0
202	150	0
202	151	0
202	152	0
202	153	0
202	154	0
202	155	0
202	156	0
202	157	0
202	158	0
202	159	1
202	160	0
202	161	0
202	162	0
202	163	1
202	164	0
202	165	0
202	166	0
202	167	0
202	168	0
202	169	0
202	170	0
202	171	0
202	172	0
202	173	0
202	174	0
202	175	0
202	176	0
202	177	0
202	178	0
202	179	0
202	180	0
202	181	0
202	182	0
202	183	0
202	184	0
202	185	0
202	186	0
202	187	0
202	188	0
202	189	0
202	190	0
202	191	0
202	192	0
202	193	0
202	194	0
202	195	0
202	196	0
202	197	0
202	198	0
202	199	0
202	200	0
202	201	0
202	202	0
203	0	0
203	1	0
203	2	0
203	3	0
203	4	0
203	5	0
203	6	0
203	7	0
203	8	0
203	9	0
203	10	0
203	11	0
203	12	0
203	13	0
203	14	0
203	15	0
203	16	0
203	17	0
203	18	0
203	19	0
203	20	0
203	21	0
203	22	0
203	23	0
203	24	0
203	25	0
203	26	0
203	27	0
203	28	0
203	29	0
203	30	0
203	31	0
203	32	0
203	33	0
203	34	0
203	35	0
203	36	0
203	37	0
203	38	0
203	39	0
203	40	0
203	41	0
203	42	1
203	43	0
203	44	0
203	45	0
203	46	0
203	47	2
203	48	0
203	49	1
203	50	3
203	51	1
203	52	2
203	53	1
203	54	3
203	55	7
203	56	2
203	57	5
203	58	6
203	59	11
203	60	5
203	61	6
203	62	12
203	63	13
203	64	12
203	65	9
203	66	7
203	67	10
203	68	19
203	69	18
203	70	14
203	71	13
203	72	19
203	73	14
203	74	12
203	75	24
203	76	24
203	77	21
203	78	19
203	79	28
203	80	15
203	81	17
203	82	16
203	83	21
203	84	22
203	85	24
203	86	25
203	87	23
203	88	23
203	89	21
203	90	21
203	91	17
203	92	12
203	93	20
203	94	12
203	95	25
203	96	9
203	97	20
203	98	21
203	99	10
203	100	20
203	101	15
203	102	9
203	103	20
203	104	12
203	105	9
203	106	19
203	107	17
203	108	19
203	109	13
203	110	15
203	111	14
203	112	14
203	113	9
203	114	12
203	115	8
203	116	15
203	117	2
203	118	6
203	119	7
203	120	5
203	121	5
203	122	8
203	123	3
203	124	3
203	125	3
203	126	2
203	127	6
203	128	2
203	129	4
203	130	5
203	131	3
203	132	3
203	133	4
203	134	1
203	135	1
203	136	1
203	137	2
203	138	2
203	139	3
203	140	2
203	141	2
203	142	1
203	143	0
203	144	0
203	145	1
203	146	1
203	147	1
203	148	0
203	149	2
203	150	1
203	151	0
203	152	1
203	153	0
203	154	0
203	155	0
203	156	0
203	157	0
203	158	0
203	159	0
203	160	0
203	161	0
203	162	0
203	163	0
203	164	0
203	165	0
203	166	0
203	167	0
203	168	0
203	169	0
203	170	0
203	171	0
203	172	0
203	173	0
203	174	0
203	175	0
203	176	0
203	177	0
203	178	0
203	179	0
203	180	0
203	181	0
203	182	0
203	183	0
203	184	0
203	185	0
203	186	0
203	187	0
203	188	0
203	189	0
203	190	0
203	191	0
203	192	0
203	193	0
203	194	0
203	195	0
203	196	0
203	197	0
203	198	0
203	199	0
203	200	0
203	201	0
203	202	0
203	203	0
204	0	0
204	1	0
204	2	0
204	3	0
204	4	0
204	5	0
204	6	0
204	7	0
204	8	0
204	9	0
204	10	0
204	11	0
204	12	0
204	13	0
204	14	0
204	15	0
204	16	0
204	17	0
204	18	0
204	19	0
204	20	0
204	21	0
204	22	0
204	23	0
204	24	0
204	25	0
204	26	0
204	27	0
204	28	0
204	29	0
204	30	0
204	31	0
204	32	0
204	33	0
204	34	0
204	35	0
204	36	0
204	37	0
204	38	0
204	39	0
204	40	0
204	41	0
204	42	0
204	43	0
204	44	1
204	45	0
204	46	0
204	47	0
204	48	0
204	49	0
204	50	0
204	51	1
204	52	0
204	53	0
204	54	7
204	55	3
204	56	6
204	57	1
204	58	8
204	59	7
204	60	12
204	61	10
204	62	7
204	63	10
204	64	15
204	65	13
204	66	15
204	67	10
204	68	17
204	69	11
204	70	17
204	71	18
204	72	14
204	73	23
204	74	16
204	75	23
204	76	16
204	77	21
204	78	18
204	79	19
204	80	16
204	81	22
204	82	21
204	83	13
204	84	21
204	85	24
204	86	14
204	87	13
204	88	15
204	89	13
204	90	19
204	91	14
204	92	14
204	93	20
204	94	23
204	95	21
204	96	21
204	97	16
204	98	18
204	99	10
204	100	16
204	101	23
204	102	13
204	103	15
204	104	13
204	105	21
204	106	17
204	107	17
204	108	12
204	109	14
204	110	6
204	111	9
204	112	7
204	113	4
204	114	10
204	115	5
204	116	7
204	117	6
204	118	11
204	119	14
204	120	7
204	121	3
204	122	5
204	123	7
204	124	3
204	125	6
204	126	1
204	127	4
204	128	5
204	129	4
204	130	1
204	131	2
204	132	0
204	133	4
204	134	1
204	135	1
204	136	1
204	137	1
204	138	1
204	139	0
204	140	0
204	141	0
204	142	1
204	143	1
204	144	2
204	145	0
204	146	0
204	147	1
204	148	0
204	149	0
204	150	0
204	151	0
204	152	1
204	153	1
204	154	1
204	155	0
204	156	1
204	157	0
204	158	0
204	159	0
204	160	0
204	161	0
204	162	1
204	163	0
204	164	0
204	165	0
204	166	0
204	167	0
204	168	0
204	169	0
204	170	0
204	171	0
204	172	0
204	173	0
204	174	0
204	175	0
204	176	0
204	177	0
204	178	0
204	179	0
204	180	0
204	181	0
204	182	0
204	183	0
204	184	0
204	185	0
204	186	0
204	187	0
204	188	0
204	189	0
204	190	0
204	191	0
204	192	0
204	193	0
204	194	0
204	195	0
204	196	0
204	197	0
204	198	0
204	199	0
204	200	0
204	201	0
204	202	0
204	203	0
204	204	0
205	0	0
205	1	0
205	2	0
205	3	0
205	4	0
205	5	0
205	6	0
205	7	0
205	8	0
205	9	0
205	10	0
205	11	0
205	12	0
205	13	0
205	14	0
205	15	0
205	16	0
205	17	0
205	18	0
205	19	0
205	20	0
205	21	0
205	22	0
205	23	0
205	24	0
205	25	0
205	26	0
205	27	0
205	28	0
205	29	0
205	30	0
205	31	0
205	32	0
205	33	0
205	34	0
205	35	0
205	36	0
205	37	0
205	38	0
205	39	0
205	40	0
205	41	0
205	42	0
205	43	0
205	44	0
205	45	0
205	46	1
205	47	0
205	48	1
205	49	1
205	50	0
205	51	3
205	52	0
205	53	6
205	54	3
205	55	4
205	56	3
205	57	3
205	58	5
205	59	9
205	60	5
205	61	3
205	62	13
205	63	10
205	64	11
205	65	9
205	66	7
205	67	9
205	68	9
205	69	15
205	70	21
205	71	13
205	72	17
205	73	17
205	74	19
205	75	16
205	76	17
205	77	22
205	78	20
205	79	15
205	80	18
205	81	15
205	82	15
205	83	17
205	84	17
205	85	21
205	86	23
205	87	22
205	88	17
205	89	21
205	90	20
205	91	18
205	92	19
205	93	18
205	94	13
205	95	17
205	96	10
205	97	21
205	98	15
205	99	16
205	100	18
205	101	14
205	102	11
205	103	18
205	104	13
205	105	12
205	106	11
205	107	9
205	108	15
205	109	13
205	110	12
205	111	10
205	112	9
205	113	14
205	114	6
205	115	12
205	116	7
205	117	7
205	118	9
205	119	5
205	120	2
205	121	4
205	122	7
205	123	6
205	124	7
205	125	4
205	126	1
205	127	1
205	128	2
205	129	2
205	130	1
205	131	3
205	132	3
205	133	3
205	134	0
205	135	0
205	136	0
205	137	4
205	138	1
205	139	0
205	140	1
205	141	1
205	142	2
205	143	2
205	144	0
205	145	0
205	146	0
205	147	0
205	148	1
205	149	1
205	150	1
205	151	1
205	152	0
205	153	0
205	154	0
205	155	0
205	156	1
205	157	0
205	158	0
205	159	0
205	160	0
205	161	0
205	162	0
205	163	0
205	164	0
205	165	0
205	166	0
205	167	0
205	168	0
205	169	0
205	170	0
205	171	0
205	172	0
205	173	1
205	174	0
205	175	0
205	176	0
205	177	0
205	178	0
205	179	0
205	180	0
205	181	0
205	182	0
205	183	0
205	184	0
205	185	0
205	186	0
205	187	0
205	188	0
205	189	0
205	190	0
205	191	0
205	192	0
205	193	0
205	194	0
205	195	0
205	196	0
205	197	0
205	198	0
205	199	0
205	200	0
205	201	0
205	202	0
205	203	0
205	204	0
205	205	0
206	0	0
206	1	0
206	2	0
206	3	0
206	4	0
206	5	0
206	6	0
206	7	0
206	8	0
206	9	0
206	10	0
206	11	0
206	12	0
206	13	0
206	14	0
206	15	0
206	16	0
206	17	0
206	18	0
206	19	0
206	20	0
206	21	0
206	22	0
206	23	0
206	24	0
206	25	0
206	26	0
206	27	0
206	28	0
206	29	0
206	30	0
206	31	0
206	32	0
206	33	0
206	34	0
206	35	0
206	36	0
206	37	0
206	38	0
206	39	0
206	40	0
206	41	0
206	42	0
206	43	0
206	44	0
206	45	1
206	46	0
206	47	0
206	48	0
206	49	1
206	50	0
206	51	1
206	52	1
206	53	3
206	54	2
206	55	2
206	56	3
206	57	5
206	58	6
206	59	4
206	60	5
206	61	8
206	62	9
206	63	10
206	64	7
206	65	11
206	66	9
206	67	16
206	68	9
206	69	10
206	70	12
206	71	13
206	72	13
206	73	9
206	74	18
206	75	15
206	76	17
206	77	12
206	78	18
206	79	16
206	80	15
206	81	14
206	82	13
206	83	12
206	84	21
206	85	19
206	86	22
206	87	23
206	88	23
206	89	14
206	90	21
206	91	20
206	92	17
206	93	18
206	94	13
206	95	21
206	96	11
206	97	10
206	98	19
206	99	17
206	100	12
206	101	13
206	102	13
206	103	13
206	104	10
206	105	11
206	106	13
206	107	4
206	108	11
206	109	13
206	110	8
206	111	9
206	112	13
206	113	8
206	114	10
206	115	6
206	116	13
206	117	8
206	118	4
206	119	5
206	120	5
206	121	3
206	122	5
206	123	3
206	124	5
206	125	3
206	126	5
206	127	2
206	128	1
206	129	1
206	130	1
206	131	1
206	132	1
206	133	1
206	134	0
206	135	4
206	136	2
206	137	3
206	138	0
206	139	0
206	140	2
206	141	0
206	142	0
206	143	1
206	144	0
206	145	0
206	146	0
206	147	0
206	148	0
206	149	2
206	150	1
206	151	0
206	152	0
206	153	0
206	154	0
206	155	0
206	156	0
206	157	0
206	158	0
206	159	1
206	160	0
206	161	0
206	162	0
206	163	0
206	164	0
206	165	0
206	166	0
206	167	0
206	168	0
206	169	1
206	170	0
206	171	0
206	172	0
206	173	0
206	174	0
206	175	0
206	176	0
206	177	0
206	178	0
206	179	0
206	180	0
206	181	0
206	182	0
206	183	0
206	184	0
206	185	0
206	186	0
206	187	0
206	188	0
206	189	0
206	190	0
206	191	0
206	192	0
206	193	0
206	194	0
206	195	0
206	196	0
206	197	0
206	198	0
206	199	0
206	200	0
206	201	0
206	202	0
206	203	0
206	204	0
206	205	0
206	206	0
207	0	0
207	1	0
207	2	0
207	3	0
207	4	0
207	5	0
207	6	0
207	7	0
207	8	0
207	9	0
207	10	0
207	11	0
207	12	0
207	13	0
207	14	0
207	15	0
207	16	0
207	17	0
207	18	0
207	19	0
207	20	0
207	21	0
207	22	0
207	23	0
207	24	0
207	25	0
207	26	0
207	27	0
207	28	0
207	29	0
207	30	0
207	31	0
207	32	0
207	33	0
207	34	0
207	35	0
207	36	0
207	37	0
207	38	0
207	39	0
207	40	0
207	41	0
207	42	0
207	43	0
207	44	0
207	45	1
207	46	0
207	47	0
207	48	1
207	49	0
207	50	2
207	51	1
207	52	3
207	53	1
207	54	6
207	55	1
207	56	2
207	57	3
207	58	3
207	59	2
207	60	6
207	61	5
207	62	9
207	63	5
207	64	6
207	65	14
207	66	11
207	67	12
207	68	12
207	69	15
207	70	15
207	71	12
207	72	17
207	73	21
207	74	15
207	75	11
207	76	19
207	77	14
207	78	12
207	79	18
207	80	17
207	81	11
207	82	18
207	83	22
207	84	15
207	85	17
207	86	16
207	87	15
207	88	14
207	89	14
207	90	23
207	91	13
207	92	14
207	93	7
207	94	17
207	95	17
207	96	13
207	97	18
207	98	15
207	99	11
207	100	15
207	101	13
207	102	11
207	103	18
207	104	22
207	105	12
207	106	11
207	107	8
207	108	10
207	109	8
207	110	9
207	111	8
207	112	13
207	113	6
207	114	13
207	115	7
207	116	5
207	117	4
207	118	1
207	119	8
207	120	2
207	121	8
207	122	2
207	123	2
207	124	3
207	125	4
207	126	4
207	127	5
207	128	0
207	129	2
207	130	1
207	131	0
207	132	2
207	133	2
207	134	0
207	135	3
207	136	2
207	137	2
207	138	1
207	139	2
207	140	2
207	141	2
207	142	1
207	143	1
207	144	0
207	145	0
207	146	0
207	147	0
207	148	0
207	149	0
207	150	0
207	151	1
207	152	0
207	153	0
207	154	1
207	155	1
207	156	0
207	157	0
207	158	0
207	159	0
207	160	0
207	161	0
207	162	0
207	163	0
207	164	0
207	165	0
207	166	0
207	167	0
207	168	0
207	169	0
207	170	0
207	171	0
207	172	0
207	173	0
207	174	0
207	175	0
207	176	0
207	177	0
207	178	0
207	179	0
207	180	0
207	181	0
207	182	0
207	183	0
207	184	0
207	185	0
207	186	0
207	187	0
207	188	0
207	189	0
207	190	0
207	191	0
207	192	0
207	193	0
207	194	0
207	195	0
207	196	0
207	197	0
207	198	0
207	199	0
207	200	0
207	201	0
207	202	0
207	203	0
207	204	0
207	205	0
207	206	0
207	207	0
208	0	0
208	1	0
208	2	0
208	3	0
208	4	0
208	5	0
208	6	0
208	7	0
208	8	0
208	9	0
208	10	0
208	11	0
208	12	0
208	13	0
208	14	0
208	15	0
208	16	0
208	17	0
208	18	0
208	19	0
208	20	0
208	21	0
208	22	0
208	23	0
208	24	0
208	25	0
208	26	0
208	27	0
208	28	0
208	29	0
208	30	0
208	31	0
208	32	0
208	33	0
208	34	0
208	35	0
208	36	0
208	37	0
208	38	0
208	39	1
208	40	0
208	41	0
208	42	0
208	43	1
208	44	0
208	45	0
208	46	0
208	47	0
208	48	0
208	49	0
208	50	0
208	51	1
208	52	0
208	53	1
208	54	0
208	55	2
208	56	1
208	57	4
208	58	4
208	59	3
208	60	1
208	61	5
208	62	9
208	63	7
208	64	11
208	65	4
208	66	6
208	67	14
208	68	7
208	69	9
208	70	12
208	71	9
208	72	12
208	73	15
208	74	8
208	75	15
208	76	12
208	77	15
208	78	15
208	79	16
208	80	16
208	81	5
208	82	9
208	83	18
208	84	10
208	85	11
208	86	18
208	87	12
208	88	14
208	89	15
208	90	15
208	91	14
208	92	16
208	93	8
208	94	16
208	95	7
208	96	10
208	97	10
208	98	4
208	99	17
208	100	10
208	101	16
208	102	12
208	103	4
208	104	16
208	105	13
208	106	10
208	107	19
208	108	12
208	109	9
208	110	12
208	111	13
208	112	14
208	113	8
208	114	4
208	115	7
208	116	7
208	117	2
208	118	2
208	119	5
208	120	7
208	121	7
208	122	2
208	123	6
208	124	3
208	125	6
208	126	1
208	127	4
208	128	2
208	129	0
208	130	5
208	131	0
208	132	0
208	133	3
208	134	2
208	135	1
208	136	0
208	137	0
208	138	1
208	139	0
208	140	0
208	141	1
208	142	0
208	143	1
208	144	2
208	145	0
208	146	0
208	147	0
208	148	0
208	149	1
208	150	0
208	151	1
208	152	0
208	153	0
208	154	0
208	155	1
208	156	0
208	157	0
208	158	0
208	159	0
208	160	0
208	161	1
208	162	0
208	163	0
208	164	0
208	165	0
208	166	0
208	167	0
208	168	1
208	169	0
208	170	0
208	171	0
208	172	0
208	173	0
208	174	0
208	175	0
208	176	0
208	177	0
208	178	0
208	179	0
208	180	0
208	181	0
208	182	0
208	183	0
208	184	0
208	185	0
208	186	0
208	187	0
208	188	0
208	189	0
208	190	0
208	191	0
208	192	0
208	193	0
208	194	0
208	195	0
208	196	0
208	197	0
208	198	0
208	199	0
208	200	0
208	201	0
208	202	0
208	203	0
208	204	0
208	205	0
208	206	0
208	207	0
208	208	0
209	0	0
209	1	0
209	2	0
209	3	0
209	4	0
209	5	0
209	6	0
209	7	0
209	8	0
209	9	0
209	10	0
209	11	0
209	12	0
209	13	0
209	14	0
209	15	0
209	16	0
209	17	0
209	18	0
209	19	0
209	20	0
209	21	0
209	22	0
209	23	0
209	24	0
209	25	0
209	26	0
209	27	0
209	28	0
209	29	0
209	30	0
209	31	0
209	32	0
209	33	0
209	34	0
209	35	0
209	36	0
209	37	0
209	38	0
209	39	0
209	40	0
209	41	0
209	42	0
209	43	0
209	44	0
209	45	0
209	46	0
209	47	0
209	48	1
209	49	0
209	50	0
209	51	3
209	52	0
209	53	2
209	54	4
209	55	1
209	56	3
209	57	5
209	58	3
209	59	4
209	60	2
209	61	4
209	62	5
209	63	8
209	64	10
209	65	7
209	66	7
209	67	8
209	68	9
209	69	10
209	70	9
209	71	10
209	72	7
209	73	18
209	74	11
209	75	6
209	76	10
209	77	21
209	78	16
209	79	13
209	80	12
209	81	12
209	82	8
209	83	16
209	84	11
209	85	13
209	86	10
209	87	10
209	88	13
209	89	12
209	90	17
209	91	11
209	92	5
209	93	11
209	94	10
209	95	18
209	96	11
209	97	10
209	98	10
209	99	11
209	100	16
209	101	12
209	102	10
209	103	12
209	104	9
209	105	8
209	106	12
209	107	10
209	108	14
209	109	8
209	110	6
209	111	7
209	112	6
209	113	7
209	114	8
209	115	4
209	116	11
209	117	6
209	118	9
209	119	8
209	120	5
209	121	7
209	122	2
209	123	4
209	124	3
209	125	3
209	126	2
209	127	3
209	128	2
209	129	2
209	130	2
209	131	0
209	132	3
209	133	1
209	134	1
209	135	0
209	136	2
209	137	0
209	138	0
209	139	1
209	140	0
209	141	1
209	142	0
209	143	0
209	144	1
209	145	1
209	146	0
209	147	0
209	148	0
209	149	0
209	150	0
209	151	0
209	152	0
209	153	0
209	154	0
209	155	0
209	156	1
209	157	0
209	158	0
209	159	1
209	160	0
209	161	0
209	162	0
209	163	1
209	164	0
209	165	0
209	166	0
209	167	0
209	168	0
209	169	0
209	170	0
209	171	0
209	172	0
209	173	0
209	174	0
209	175	0
209	176	0
209	177	0
209	178	0
209	179	0
209	180	0
209	181	0
209	182	0
209	183	0
209	184	0
209	185	0
209	186	0
209	187	0
209	188	0
209	189	0
209	190	0
209	191	0
209	192	0
209	193	0
209	194	0
209	195	0
209	196	0
209	197	0
209	198	0
209	199	0
209	200	0
209	201	0
209	202	0
209	203	0
209	204	0
209	205	0
209	206	0
209	207	0
209	208	0
209	209	0
210	0	0
210	1	0
210	2	0
210	3	0
210	4	0
210	5	0
210	6	0
210	7	0
210	8	0
210	9	0
210	10	0
210	11	0
210	12	0
210	13	0
210	14	0
210	15	0
210	16	0
210	17	0
210	18	0
210	19	0
210	20	0
210	21	0
210	22	0
210	23	0
210	24	0
210	25	0
210	26	0
210	27	0
210	28	0
210	29	0
210	30	0
210	31	0
210	32	0
210	33	0
210	34	0
210	35	0
210	36	0
210	37	0
210	38	0
210	39	0
210	40	0
210	41	0
210	42	0
210	43	0
210	44	0
210	45	0
210	46	1
210	47	0
210	48	0
210	49	1
210	50	1
210	51	3
210	52	0
210	53	0
210	54	2
210	55	3
210	56	2
210	57	3
210	58	3
210	59	2
210	60	5
210	61	3
210	62	2
210	63	5
210	64	5
210	65	2
210	66	5
210	67	8
210	68	2
210	69	9
210	70	7
210	71	9
210	72	12
210	73	8
210	74	15
210	75	9
210	76	10
210	77	11
210	78	8
210	79	7
210	80	12
210	81	12
210	82	9
210	83	11
210	84	15
210	85	11
210	86	17
210	87	16
210	88	15
210	89	14
210	90	6
210	91	13
210	92	11
210	93	14
210	94	10
210	95	14
210	96	17
210	97	15
210	98	7
210	99	12
210	100	7
210	101	10
210	102	11
210	103	11
210	104	7
210	105	11
210	106	7
210	107	13
210	108	12
210	109	6
210	110	9
210	111	6
210	112	9
210	113	9
210	114	8
210	115	10
210	116	4
210	117	4
210	118	1
210	119	4
210	120	5
210	121	3
210	122	4
210	123	5
210	124	2
210	125	3
210	126	2
210	127	1
210	128	2
210	129	3
210	130	3
210	131	4
210	132	0
210	133	1
210	134	0
210	135	0
210	136	0
210	137	2
210	138	1
210	139	1
210	140	1
210	141	0
210	142	1
210	143	1
210	144	0
210	145	1
210	146	0
210	147	0
210	148	1
210	149	0
210	150	2
210	151	0
210	152	1
210	153	1
210	154	1
210	155	0
210	156	0
210	157	0
210	158	0
210	159	0
210	160	0
210	161	0
210	162	0
210	163	0
210	164	0
210	165	0
210	166	0
210	167	0
210	168	0
210	169	0
210	170	0
210	171	0
210	172	0
210	173	0
210	174	0
210	175	0
210	176	0
210	177	0
210	178	0
210	179	0
210	180	0
210	181	0
210	182	0
210	183	0
210	184	0
210	185	0
210	186	0
210	187	0
210	188	0
210	189	0
210	190	0
210	191	0
210	192	0
210	193	0
210	194	0
210	195	0
210	196	0
210	197	0
210	198	0
210	199	0
210	200	0
210	201	0
210	202	0
210	203	0
210	204	0
210	205	0
210	206	0
210	207	0
210	208	0
210	209	0
210	210	0
